membership_id,customer_id,level,points
M-1,CUST-4692,silver,22865
M-2,CUST-1623,SILVER,35779
M-3,CUST-4877,GOLD,4980
M-4,CUST-3553,bronze,23265
M-5,CUST-2873,bronze,39579
M-6,CUST-4194,gold,29538
M-7,CUST-1097,Gold,40640
M-8,CUST-624,gold,22769
M-9,CUST-3731,GOLD,12947
M-10,CUST-4505,SILVER,11264
M-11,CUST-469,Gold,17960
M-12,CUST-3723,Gold,45733
M-13,CUST-2641,Gold,22570
M-14,CUST-2976,gold,31130
M-15,CUST-1286,silver,710
M-16,CUST-1781,silver,36937
M-17,CUST-1700,silver,30851
M-18,CUST-2943,bronze,47779
M-19,CUST-2537,Gold,26466
M-20,CUST-4467,SILVER,11782
M-21,CUST-4849,SILVER,7795
M-22,CUST-514,Gold,12639
M-23,CUST-4383,SILVER,38469
M-24,CUST-4659,GOLD,2000
M-25,CUST-28,bronze,19572
M-26,CUST-171,Gold,35255
M-27,CUST-2632,GOLD,39310
M-28,CUST-1966,SILVER,36967
M-29,CUST-994,silver,45523
M-30,CUST-878,Gold,20840
M-31,CUST-2506,gold,48943
M-32,CUST-110,gold,6341
M-33,CUST-1163,gold,20808
M-34,CUST-2410,SILVER,27292
M-35,CUST-775,gold,27989
M-36,CUST-2219,SILVER,26769
M-37,CUST-695,GOLD,21870
M-38,CUST-4644,Gold,38585
M-39,CUST-4599,SILVER,5404
M-40,CUST-4613,Gold,40391
M-41,CUST-2169,SILVER,48839
M-42,CUST-2391,bronze,14208
M-43,CUST-2620,SILVER,49220
M-44,CUST-3856,bronze,15593
M-45,CUST-1752,silver,19823
M-46,CUST-1194,gold,38764
M-47,CUST-471,GOLD,9301
M-48,CUST-3857,silver,47448
M-49,CUST-3120,Gold,44980
M-50,CUST-1267,SILVER,31277
M-51,CUST-4572,Gold,36850
M-52,CUST-4150,SILVER,8609
M-53,CUST-1353,Gold,22708
M-54,CUST-4011,bronze,45459
M-55,CUST-4758,SILVER,10299
M-56,CUST-1825,SILVER,14965
M-57,CUST-2333,GOLD,41921
M-58,CUST-4173,Gold,26640
M-59,CUST-2898,GOLD,9305
M-60,CUST-1686,Gold,40205
M-61,CUST-2205,silver,2107
M-62,CUST-4846,silver,45679
M-63,CUST-2631,GOLD,42548
M-64,CUST-4940,bronze,12256
M-65,CUST-80,silver,47431
M-66,CUST-4035,silver,6380
M-67,CUST-3302,gold,26392
M-68,CUST-3667,bronze,47245
M-69,CUST-409,silver,16574
M-70,CUST-4713,silver,953
M-71,CUST-144,Gold,3814
M-72,CUST-1467,bronze,9015
M-73,CUST-2015,Gold,27223
M-74,CUST-1901,silver,44720
M-75,CUST-303,silver,14727
M-76,CUST-2932,Gold,11294
M-77,CUST-2010,silver,21332
M-78,CUST-391,gold,26899
M-79,CUST-3511,Gold,3991
M-80,CUST-3939,GOLD,4013
M-81,CUST-3348,gold,18889
M-82,CUST-700,bronze,27320
M-83,CUST-3102,bronze,31235
M-84,CUST-3045,bronze,29859
M-85,CUST-2412,gold,34862
M-86,CUST-1622,GOLD,48107
M-87,CUST-3551,SILVER,37701
M-88,CUST-1947,Gold,21877
M-89,CUST-381,silver,14553
M-90,CUST-3831,SILVER,49606
M-91,CUST-2262,SILVER,49838
M-92,CUST-115,bronze,42237
M-93,CUST-2916,GOLD,34342
M-94,CUST-4418,bronze,8883
M-95,CUST-2696,Gold,44442
M-96,CUST-3302,bronze,31881
M-97,CUST-4591,GOLD,31671
M-98,CUST-1419,SILVER,39488
M-99,CUST-3997,silver,337
M-100,CUST-2766,gold,48200
M-101,CUST-188,gold,42145
M-102,CUST-1413,Gold,34353
M-103,CUST-4706,silver,7985
M-104,CUST-4004,SILVER,29401
M-105,CUST-1342,SILVER,24871
M-106,CUST-530,bronze,8197
M-107,CUST-218,GOLD,23368
M-108,CUST-3395,silver,13197
M-109,CUST-4412,GOLD,14680
M-110,CUST-4126,bronze,37229
M-111,CUST-4890,GOLD,22752
M-112,CUST-142,Gold,22269
M-113,CUST-2608,bronze,24497
M-114,CUST-893,silver,35879
M-115,CUST-3188,GOLD,9454
M-116,CUST-4570,SILVER,28613
M-117,CUST-3985,SILVER,23906
M-118,CUST-261,gold,46282
M-119,CUST-2789,GOLD,37577
M-120,CUST-2214,SILVER,45667
M-121,CUST-59,bronze,12632
M-122,CUST-2072,bronze,1430
M-123,CUST-913,Gold,21278
M-124,CUST-2023,silver,5560
M-125,CUST-2402,Gold,26625
M-126,CUST-1249,bronze,16081
M-127,CUST-4931,bronze,28874
M-128,CUST-2357,silver,22008
M-129,CUST-231,SILVER,3253
M-130,CUST-4967,Gold,31069
M-131,CUST-2511,SILVER,40831
M-132,CUST-1386,gold,7088
M-133,CUST-1828,Gold,818
M-134,CUST-1682,SILVER,8863
M-135,CUST-4673,silver,46667
M-136,CUST-1682,bronze,5277
M-137,CUST-4268,SILVER,40796
M-138,CUST-2494,gold,48440
M-139,CUST-2710,SILVER,42528
M-140,CUST-1375,bronze,10722
M-141,CUST-3284,Gold,14585
M-142,CUST-2951,GOLD,28621
M-143,CUST-124,gold,32920
M-144,CUST-4701,Gold,3480
M-145,CUST-548,gold,17868
M-146,CUST-1105,SILVER,2713
M-147,CUST-4525,bronze,48933
M-148,CUST-1284,SILVER,24733
M-149,CUST-4149,silver,17563
M-150,CUST-3663,silver,20345
M-151,CUST-3747,Gold,12063
M-152,CUST-3888,silver,5368
M-153,CUST-1695,gold,48793
M-154,CUST-1293,gold,29044
M-155,CUST-2137,Gold,29641
M-156,CUST-4088,SILVER,43439
M-157,CUST-3908,silver,28812
M-158,CUST-809,GOLD,15019
M-159,CUST-2081,silver,31935
M-160,CUST-3178,GOLD,11460
M-161,CUST-4601,Gold,5087
M-162,CUST-3439,SILVER,6684
M-163,CUST-935,Gold,1207
M-164,CUST-3787,bronze,3504
M-165,CUST-839,Gold,31359
M-166,CUST-126,gold,1558
M-167,CUST-3963,SILVER,7349
M-168,CUST-1691,gold,30396
M-169,CUST-3393,gold,32438
M-170,CUST-20,bronze,39004
M-171,CUST-255,silver,13748
M-172,CUST-4795,bronze,26562
M-173,CUST-3145,gold,20218
M-174,CUST-1361,GOLD,2221
M-175,CUST-189,gold,4291
M-176,CUST-4802,GOLD,34163
M-177,CUST-3475,SILVER,10378
M-178,CUST-2072,gold,13570
M-179,CUST-681,silver,38328
M-180,CUST-868,SILVER,14677
M-181,CUST-1480,bronze,30248
M-182,CUST-57,gold,16888
M-183,CUST-4809,Gold,30622
M-184,CUST-1133,GOLD,23887
M-185,CUST-4650,GOLD,17004
M-186,CUST-2121,silver,15791
M-187,CUST-2158,GOLD,7351
M-188,CUST-626,Gold,33440
M-189,CUST-2173,Gold,9167
M-190,CUST-456,SILVER,29406
M-191,CUST-960,gold,36384
M-192,CUST-818,gold,34794
M-193,CUST-3868,bronze,44477
M-194,CUST-1415,Gold,26867
M-195,CUST-1253,gold,33563
M-196,CUST-1284,gold,44076
M-197,CUST-179,bronze,46308
M-198,CUST-75,gold,44479
M-199,CUST-4335,Gold,6978
M-200,CUST-1650,GOLD,36567
M-201,CUST-2445,GOLD,24584
M-202,CUST-3382,bronze,39507
M-203,CUST-2653,GOLD,42253
M-204,CUST-710,GOLD,38968
M-205,CUST-765,bronze,49484
M-206,CUST-4731,Gold,26029
M-207,CUST-610,SILVER,17680
M-208,CUST-1531,GOLD,33646
M-209,CUST-2785,GOLD,31542
M-210,CUST-564,GOLD,27219
M-211,CUST-2068,Gold,41153
M-212,CUST-2933,Gold,12009
M-213,CUST-2676,Gold,40657
M-214,CUST-2340,bronze,19844
M-215,CUST-2071,Gold,45173
M-216,CUST-1181,GOLD,32922
M-217,CUST-2828,Gold,35869
M-218,CUST-2311,gold,36747
M-219,CUST-2235,Gold,39132
M-220,CUST-3260,Gold,28172
M-221,CUST-3482,silver,20113
M-222,CUST-2619,silver,5236
M-223,CUST-3976,GOLD,18715
M-224,CUST-188,silver,13331
M-225,CUST-2127,silver,17530
M-226,CUST-4378,silver,8754
M-227,CUST-3562,SILVER,47225
M-228,CUST-3195,gold,2325
M-229,CUST-2689,Gold,3330
M-230,CUST-811,silver,11690
M-231,CUST-1735,SILVER,30962
M-232,CUST-673,GOLD,8622
M-233,CUST-2871,SILVER,7873
M-234,CUST-4132,SILVER,40625
M-235,CUST-1236,GOLD,28871
M-236,CUST-469,bronze,34386
M-237,CUST-1469,gold,29302
M-238,CUST-4441,Gold,48143
M-239,CUST-2001,gold,11861
M-240,CUST-3189,Gold,7299
M-241,CUST-420,silver,30040
M-242,CUST-3094,gold,36018
M-243,CUST-3762,GOLD,11898
M-244,CUST-929,silver,25005
M-245,CUST-2693,gold,766
M-246,CUST-4744,silver,20617
M-247,CUST-1748,silver,49740
M-248,CUST-3836,SILVER,19935
M-249,CUST-530,Gold,46728
M-250,CUST-3182,GOLD,14311
M-251,CUST-2594,Gold,514
M-252,CUST-3234,GOLD,21507
M-253,CUST-4654,GOLD,11334
M-254,CUST-3723,bronze,20106
M-255,CUST-404,bronze,117
M-256,CUST-4331,bronze,20991
M-257,CUST-3663,GOLD,14597
M-258,CUST-1904,bronze,25241
M-259,CUST-2982,gold,41420
M-260,CUST-603,SILVER,44756
M-261,CUST-175,gold,48145
M-262,CUST-3209,SILVER,24958
M-263,CUST-1425,SILVER,12189
M-264,CUST-4552,gold,34627
M-265,CUST-4894,gold,215
M-266,CUST-2951,Gold,31767
M-267,CUST-1903,gold,15320
M-268,CUST-4962,gold,47500
M-269,CUST-2393,gold,4452
M-270,CUST-149,SILVER,11401
M-271,CUST-2707,bronze,6477
M-272,CUST-1906,gold,19771
M-273,CUST-3914,silver,17676
M-274,CUST-3208,gold,8564
M-275,CUST-3425,Gold,14026
M-276,CUST-4133,bronze,35431
M-277,CUST-1622,SILVER,17628
M-278,CUST-316,gold,2293
M-279,CUST-135,silver,1410
M-280,CUST-2242,GOLD,29111
M-281,CUST-4756,gold,15578
M-282,CUST-3916,silver,4483
M-283,CUST-4281,Gold,9099
M-284,CUST-1687,GOLD,31063
M-285,CUST-1234,bronze,39216
M-286,CUST-763,silver,1604
M-287,CUST-4066,bronze,17861
M-288,CUST-107,Gold,26799
M-289,CUST-1935,GOLD,35632
M-290,CUST-2210,bronze,32623
M-291,CUST-2548,Gold,40208
M-292,CUST-1002,gold,7091
M-293,CUST-3595,gold,23192
M-294,CUST-3163,silver,45119
M-295,CUST-253,GOLD,49182
M-296,CUST-4696,GOLD,37052
M-297,CUST-2763,bronze,12592
M-298,CUST-4243,gold,16487
M-299,CUST-2502,silver,43740
M-300,CUST-4751,bronze,2715
M-301,CUST-4070,Gold,15482
M-302,CUST-231,silver,49280
M-303,CUST-1545,bronze,44056
M-304,CUST-1147,GOLD,24317
M-305,CUST-3072,SILVER,49047
M-306,CUST-4422,silver,15864
M-307,CUST-3552,SILVER,41273
M-308,CUST-3105,GOLD,3762
M-309,CUST-1158,GOLD,44915
M-310,CUST-3683,Gold,15541
M-311,CUST-3826,Gold,29506
M-312,CUST-2769,gold,927
M-313,CUST-4734,GOLD,45293
M-314,CUST-4586,SILVER,41272
M-315,CUST-686,gold,18895
M-316,CUST-72,GOLD,12023
M-317,CUST-8,bronze,23184
M-318,CUST-741,Gold,26534
M-319,CUST-2917,bronze,16049
M-320,CUST-680,bronze,24053
M-321,CUST-4222,silver,46143
M-322,CUST-2193,GOLD,47415
M-323,CUST-2673,GOLD,19059
M-324,CUST-2386,Gold,922
M-325,CUST-4085,Gold,27276
M-326,CUST-2278,Gold,33768
M-327,CUST-1266,gold,40998
M-328,CUST-342,GOLD,4790
M-329,CUST-593,Gold,27208
M-330,CUST-4233,Gold,564
M-331,CUST-2153,silver,26031
M-332,CUST-2906,gold,39601
M-333,CUST-2985,bronze,21827
M-334,CUST-3265,Gold,37723
M-335,CUST-156,gold,21705
M-336,CUST-3100,silver,27359
M-337,CUST-2541,Gold,12989
M-338,CUST-415,gold,17497
M-339,CUST-3276,GOLD,32315
M-340,CUST-606,GOLD,10588
M-341,CUST-3138,SILVER,26263
M-342,CUST-4977,gold,49179
M-343,CUST-3895,gold,2731
M-344,CUST-3651,bronze,3987
M-345,CUST-3627,bronze,7301
M-346,CUST-3334,gold,975
M-347,CUST-1292,silver,20399
M-348,CUST-1255,SILVER,23818
M-349,CUST-4489,SILVER,49446
M-350,CUST-2523,SILVER,37139
M-351,CUST-1227,SILVER,10275
M-352,CUST-4749,Gold,29696
M-353,CUST-420,SILVER,33058
M-354,CUST-4957,silver,7631
M-355,CUST-3038,SILVER,47033
M-356,CUST-4799,bronze,11902
M-357,CUST-813,GOLD,32161
M-358,CUST-3058,silver,9497
M-359,CUST-4635,SILVER,30441
M-360,CUST-4980,SILVER,36577
M-361,CUST-1950,SILVER,44898
M-362,CUST-474,GOLD,35876
M-363,CUST-3730,Gold,29441
M-364,CUST-4203,SILVER,17589
M-365,CUST-4129,GOLD,38916
M-366,CUST-3025,GOLD,6345
M-367,CUST-1442,GOLD,28538
M-368,CUST-1788,gold,48022
M-369,CUST-4987,silver,29031
M-370,CUST-3742,silver,12442
M-371,CUST-1709,SILVER,37070
M-372,CUST-4740,silver,34068
M-373,CUST-3062,GOLD,32767
M-374,CUST-1357,silver,1053
M-375,CUST-1008,SILVER,21149
M-376,CUST-3718,Gold,26260
M-377,CUST-1742,bronze,34227
M-378,CUST-3163,Gold,23453
M-379,CUST-4961,Gold,20135
M-380,CUST-2466,GOLD,25121
M-381,CUST-2492,Gold,21139
M-382,CUST-4526,gold,34649
M-383,CUST-220,Gold,9159
M-384,CUST-4764,Gold,5904
M-385,CUST-1356,Gold,8110
M-386,CUST-617,Gold,23296
M-387,CUST-2251,bronze,7123
M-388,CUST-4025,GOLD,47361
M-389,CUST-3250,silver,28659
M-390,CUST-2682,GOLD,44815
M-391,CUST-4184,bronze,1020
M-392,CUST-1508,gold,44226
M-393,CUST-693,GOLD,28469
M-394,CUST-1054,gold,12177
M-395,CUST-2857,GOLD,49843
M-396,CUST-715,bronze,44185
M-397,CUST-3340,SILVER,13112
M-398,CUST-2845,bronze,12395
M-399,CUST-4157,silver,43811
M-400,CUST-1058,Gold,2627
M-401,CUST-232,Gold,13276
M-402,CUST-4398,Gold,16126
M-403,CUST-2562,silver,18748
M-404,CUST-2134,silver,42616
M-405,CUST-4784,bronze,9762
M-406,CUST-2100,Gold,7484
M-407,CUST-2866,bronze,5190
M-408,CUST-3911,gold,49460
M-409,CUST-3955,gold,40529
M-410,CUST-4725,bronze,22005
M-411,CUST-532,silver,7227
M-412,CUST-1565,Gold,21797
M-413,CUST-2672,bronze,29958
M-414,CUST-4354,bronze,40569
M-415,CUST-1998,Gold,22076
M-416,CUST-1484,SILVER,47713
M-417,CUST-465,GOLD,29000
M-418,CUST-3812,silver,34952
M-419,CUST-274,SILVER,38946
M-420,CUST-2948,bronze,34878
M-421,CUST-312,silver,38593
M-422,CUST-1851,silver,7007
M-423,CUST-4107,GOLD,48264
M-424,CUST-4492,bronze,10114
M-425,CUST-4460,silver,40043
M-426,CUST-4660,GOLD,12924
M-427,CUST-1804,gold,1800
M-428,CUST-406,GOLD,13153
M-429,CUST-3989,GOLD,5733
M-430,CUST-899,SILVER,44805
M-431,CUST-2625,silver,16071
M-432,CUST-3018,GOLD,1784
M-433,CUST-2648,Gold,19461
M-434,CUST-2750,SILVER,5430
M-435,CUST-2381,Gold,770
M-436,CUST-3531,Gold,11865
M-437,CUST-1285,bronze,40478
M-438,CUST-4264,gold,25455
M-439,CUST-2239,Gold,19111
M-440,CUST-1408,Gold,47402
M-441,CUST-589,silver,46177
M-442,CUST-1929,silver,47114
M-443,CUST-3466,gold,26108
M-444,CUST-3261,silver,18744
M-445,CUST-3549,silver,23479
M-446,CUST-777,gold,30664
M-447,CUST-346,SILVER,13299
M-448,CUST-657,Gold,37481
M-449,CUST-1475,silver,34661
M-450,CUST-1192,GOLD,6708
M-451,CUST-2021,silver,45204
M-452,CUST-1407,Gold,20471
M-453,CUST-252,gold,32513
M-454,CUST-1627,SILVER,9259
M-455,CUST-1817,gold,29260
M-456,CUST-2636,SILVER,36387
M-457,CUST-152,gold,41868
M-458,CUST-2539,gold,14220
M-459,CUST-2595,gold,36130
M-460,CUST-4627,bronze,11351
M-461,CUST-392,SILVER,2530
M-462,CUST-4878,GOLD,39934
M-463,CUST-1207,bronze,20152
M-464,CUST-226,SILVER,21212
M-465,CUST-1096,SILVER,35187
M-466,CUST-1638,gold,32009
M-467,CUST-4629,silver,10409
M-468,CUST-2733,gold,16294
M-469,CUST-2536,GOLD,18789
M-470,CUST-2497,Gold,14680
M-471,CUST-2836,bronze,40398
M-472,CUST-4970,bronze,7378
M-473,CUST-467,gold,7736
M-474,CUST-2294,Gold,4131
M-475,CUST-2425,silver,3870
M-476,CUST-4812,gold,46026
M-477,CUST-1621,bronze,15113
M-478,CUST-553,silver,3651
M-479,CUST-2974,gold,32274
M-480,CUST-1031,bronze,17402
M-481,CUST-824,gold,42114
M-482,CUST-1542,GOLD,40392
M-483,CUST-4301,Gold,42351
M-484,CUST-4013,SILVER,38257
M-485,CUST-4665,GOLD,42715
M-486,CUST-234,Gold,20909
M-487,CUST-2544,GOLD,603
M-488,CUST-3067,SILVER,18728
M-489,CUST-3425,bronze,23178
M-490,CUST-500,GOLD,4319
M-491,CUST-3941,gold,43106
M-492,CUST-3956,silver,47246
M-493,CUST-1136,Gold,11068
M-494,CUST-1474,GOLD,14908
M-495,CUST-1103,SILVER,28027
M-496,CUST-4180,Gold,865
M-497,CUST-1470,GOLD,38974
M-498,CUST-4784,silver,30572
M-499,CUST-1630,gold,27308
M-500,CUST-3264,silver,8930
M-501,CUST-4174,bronze,40614
M-502,CUST-9,GOLD,11303
M-503,CUST-881,gold,5562
M-504,CUST-3549,GOLD,21802
M-505,CUST-2408,bronze,33986
M-506,CUST-1003,bronze,32691
M-507,CUST-3950,silver,10898
M-508,CUST-2647,SILVER,9553
M-509,CUST-287,bronze,22673
M-510,CUST-1445,SILVER,31913
M-511,CUST-4386,silver,49338
M-512,CUST-3333,silver,9364
M-513,CUST-3550,Gold,16292
M-514,CUST-4617,GOLD,19856
M-515,CUST-3293,Gold,3470
M-516,CUST-3327,GOLD,21056
M-517,CUST-1115,bronze,21882
M-518,CUST-310,bronze,40004
M-519,CUST-2194,GOLD,28670
M-520,CUST-1004,Gold,39851
M-521,CUST-2108,SILVER,17957
M-522,CUST-2269,silver,7892
M-523,CUST-4136,bronze,4041
M-524,CUST-4724,GOLD,23353
M-525,CUST-3086,SILVER,27880
M-526,CUST-149,silver,11413
M-527,CUST-645,GOLD,15512
M-528,CUST-2428,silver,19116
M-529,CUST-82,Gold,11362
M-530,CUST-1885,SILVER,13080
M-531,CUST-4060,Gold,29416
M-532,CUST-2314,silver,404
M-533,CUST-376,GOLD,48899
M-534,CUST-4151,gold,49634
M-535,CUST-2890,gold,28775
M-536,CUST-4006,bronze,28556
M-537,CUST-936,SILVER,26636
M-538,CUST-767,GOLD,8270
M-539,CUST-2307,gold,2683
M-540,CUST-2346,gold,13031
M-541,CUST-4093,gold,36048
M-542,CUST-1321,SILVER,46085
M-543,CUST-4678,bronze,19986
M-544,CUST-4451,Gold,36231
M-545,CUST-1111,bronze,45389
M-546,CUST-4182,SILVER,28870
M-547,CUST-3271,SILVER,35646
M-548,CUST-13,silver,35163
M-549,CUST-3595,Gold,256
M-550,CUST-2426,silver,42280
M-551,CUST-186,silver,29292
M-552,CUST-3590,gold,9920
M-553,CUST-2251,SILVER,7006
M-554,CUST-2451,bronze,2863
M-555,CUST-3500,Gold,177
M-556,CUST-853,GOLD,6179
M-557,CUST-4980,GOLD,25117
M-558,CUST-2399,bronze,43030
M-559,CUST-1090,silver,45115
M-560,CUST-2889,SILVER,14127
M-561,CUST-2936,silver,29767
M-562,CUST-2297,silver,17506
M-563,CUST-2185,bronze,3600
M-564,CUST-2108,SILVER,47000
M-565,CUST-2918,gold,34102
M-566,CUST-4568,silver,40707
M-567,CUST-118,GOLD,22434
M-568,CUST-3239,silver,46247
M-569,CUST-4951,bronze,34059
M-570,CUST-3320,Gold,37531
M-571,CUST-3831,SILVER,43355
M-572,CUST-3939,silver,25010
M-573,CUST-2655,gold,14833
M-574,CUST-2834,GOLD,32004
M-575,CUST-2878,Gold,32853
M-576,CUST-41,GOLD,24779
M-577,CUST-3778,bronze,47672
M-578,CUST-4737,silver,39447
M-579,CUST-540,GOLD,37231
M-580,CUST-3493,SILVER,38973
M-581,CUST-1955,gold,7392
M-582,CUST-735,Gold,28607
M-583,CUST-792,silver,43426
M-584,CUST-1215,Gold,490
M-585,CUST-3739,SILVER,38218
M-586,CUST-2605,Gold,1374
M-587,CUST-4967,gold,32478
M-588,CUST-265,Gold,17773
M-589,CUST-2893,gold,14505
M-590,CUST-3288,Gold,5991
M-591,CUST-520,Gold,38149
M-592,CUST-4702,bronze,3792
M-593,CUST-814,gold,19361
M-594,CUST-1913,gold,1735
M-595,CUST-2771,silver,41486
M-596,CUST-3658,bronze,17023
M-597,CUST-390,GOLD,19215
M-598,CUST-2784,Gold,29798
M-599,CUST-2413,Gold,15567
M-600,CUST-2592,bronze,14019
M-601,CUST-380,Gold,2442
M-602,CUST-1754,Gold,9642
M-603,CUST-4865,Gold,11001
M-604,CUST-1649,bronze,36363
M-605,CUST-1793,GOLD,25779
M-606,CUST-2202,silver,20358
M-607,CUST-2290,gold,37427
M-608,CUST-406,gold,25604
M-609,CUST-2358,GOLD,28910
M-610,CUST-274,GOLD,29350
M-611,CUST-2558,SILVER,49466
M-612,CUST-4814,SILVER,33280
M-613,CUST-4867,silver,49244
M-614,CUST-538,silver,17754
M-615,CUST-4664,silver,42447
M-616,CUST-510,silver,5486
M-617,CUST-1083,silver,10783
M-618,CUST-4966,silver,25784
M-619,CUST-2403,SILVER,31840
M-620,CUST-1852,SILVER,49643
M-621,CUST-4852,silver,10602
M-622,CUST-2132,gold,29886
M-623,CUST-4849,silver,2955
M-624,CUST-2256,Gold,16841
M-625,CUST-4418,Gold,21385
M-626,CUST-960,SILVER,45393
M-627,CUST-804,SILVER,42907
M-628,CUST-1348,silver,47814
M-629,CUST-4266,GOLD,39512
M-630,CUST-3912,bronze,21632
M-631,CUST-1132,silver,34652
M-632,CUST-1520,silver,49776
M-633,CUST-1496,gold,9639
M-634,CUST-912,SILVER,36386
M-635,CUST-2589,silver,22160
M-636,CUST-2242,SILVER,23439
M-637,CUST-4347,SILVER,9073
M-638,CUST-3704,bronze,35563
M-639,CUST-2663,bronze,3233
M-640,CUST-2634,silver,48423
M-641,CUST-1392,Gold,48321
M-642,CUST-2029,SILVER,46889
M-643,CUST-1601,gold,3645
M-644,CUST-4436,gold,20452
M-645,CUST-3487,gold,14342
M-646,CUST-2540,GOLD,45107
M-647,CUST-2443,gold,3960
M-648,CUST-1251,Gold,26872
M-649,CUST-1384,silver,43805
M-650,CUST-1052,gold,4199
M-651,CUST-4169,SILVER,30477
M-652,CUST-2094,bronze,34979
M-653,CUST-2503,GOLD,45311
M-654,CUST-2422,GOLD,30172
M-655,CUST-1301,bronze,33977
M-656,CUST-1685,bronze,18531
M-657,CUST-4698,gold,48836
M-658,CUST-4495,bronze,20024
M-659,CUST-3184,GOLD,5306
M-660,CUST-124,Gold,3039
M-661,CUST-1346,Gold,2733
M-662,CUST-4062,GOLD,29994
M-663,CUST-3233,Gold,23994
M-664,CUST-2381,bronze,23072
M-665,CUST-1517,GOLD,8605
M-666,CUST-3996,bronze,43325
M-667,CUST-4558,SILVER,24904
M-668,CUST-3577,bronze,15183
M-669,CUST-620,GOLD,48303
M-670,CUST-4437,SILVER,37458
M-671,CUST-3711,Gold,35580
M-672,CUST-1263,GOLD,12457
M-673,CUST-2696,gold,22832
M-674,CUST-1121,bronze,2336
M-675,CUST-2138,bronze,20566
M-676,CUST-4918,bronze,28354
M-677,CUST-3225,Gold,25160
M-678,CUST-1393,gold,29408
M-679,CUST-3664,bronze,29006
M-680,CUST-607,GOLD,26210
M-681,CUST-2761,GOLD,17165
M-682,CUST-1616,bronze,41617
M-683,CUST-852,gold,34518
M-684,CUST-3908,bronze,29144
M-685,CUST-804,gold,37351
M-686,CUST-1429,Gold,4461
M-687,CUST-3878,bronze,5339
M-688,CUST-4834,silver,37247
M-689,CUST-2036,bronze,32249
M-690,CUST-90,gold,26014
M-691,CUST-226,GOLD,30900
M-692,CUST-3908,gold,3066
M-693,CUST-4635,GOLD,28663
M-694,CUST-2359,bronze,15737
M-695,CUST-1927,GOLD,16442
M-696,CUST-1386,gold,35660
M-697,CUST-3934,silver,6002
M-698,CUST-3514,bronze,25999
M-699,CUST-3634,SILVER,23982
M-700,CUST-3279,Gold,22560
M-701,CUST-4510,Gold,40842
M-702,CUST-4941,bronze,1684
M-703,CUST-2014,bronze,5770
M-704,CUST-84,Gold,20098
M-705,CUST-3088,silver,41091
M-706,CUST-1902,silver,3340
M-707,CUST-89,silver,31995
M-708,CUST-4245,gold,48122
M-709,CUST-801,Gold,49094
M-710,CUST-4237,gold,15204
M-711,CUST-4055,Gold,40288
M-712,CUST-255,bronze,11859
M-713,CUST-484,silver,44576
M-714,CUST-635,silver,9946
M-715,CUST-181,GOLD,27991
M-716,CUST-2585,gold,46162
M-717,CUST-3493,SILVER,37984
M-718,CUST-1622,SILVER,41990
M-719,CUST-3613,GOLD,49784
M-720,CUST-4604,GOLD,23172
M-721,CUST-4616,bronze,16575
M-722,CUST-4196,SILVER,45920
M-723,CUST-3428,gold,21967
M-724,CUST-125,GOLD,34233
M-725,CUST-205,silver,32485
M-726,CUST-1221,Gold,9087
M-727,CUST-828,gold,21060
M-728,CUST-3912,GOLD,1320
M-729,CUST-2379,Gold,1836
M-730,CUST-4877,silver,9388
M-731,CUST-466,Gold,26543
M-732,CUST-839,GOLD,36166
M-733,CUST-4884,silver,40854
M-734,CUST-1434,bronze,12442
M-735,CUST-4895,gold,23008
M-736,CUST-654,GOLD,42381
M-737,CUST-3952,Gold,7422
M-738,CUST-1736,gold,48232
M-739,CUST-4624,SILVER,36056
M-740,CUST-4974,bronze,37566
M-741,CUST-4901,gold,44324
M-742,CUST-1993,bronze,9060
M-743,CUST-3229,GOLD,35420
M-744,CUST-1106,silver,3800
M-745,CUST-654,bronze,30014
M-746,CUST-707,bronze,42661
M-747,CUST-3298,silver,27485
M-748,CUST-3450,bronze,17609
M-749,CUST-1511,gold,367
M-750,CUST-4340,gold,39222
M-751,CUST-4335,Gold,2137
M-752,CUST-1446,silver,24963
M-753,CUST-4886,GOLD,892
M-754,CUST-1272,bronze,32188
M-755,CUST-4281,GOLD,26832
M-756,CUST-37,silver,27244
M-757,CUST-2935,Gold,16173
M-758,CUST-1375,bronze,1585
M-759,CUST-1640,bronze,33652
M-760,CUST-2483,GOLD,36219
M-761,CUST-2781,bronze,6345
M-762,CUST-2475,GOLD,11884
M-763,CUST-3377,Gold,39024
M-764,CUST-309,silver,24480
M-765,CUST-4569,SILVER,7776
M-766,CUST-2594,gold,39385
M-767,CUST-604,gold,18500
M-768,CUST-651,GOLD,4235
M-769,CUST-2948,Gold,28703
M-770,CUST-1831,gold,13370
M-771,CUST-359,silver,12251
M-772,CUST-1490,silver,2236
M-773,CUST-433,gold,31762
M-774,CUST-1919,silver,48482
M-775,CUST-2856,Gold,44437
M-776,CUST-2220,bronze,49533
M-777,CUST-4201,bronze,861
M-778,CUST-2586,Gold,2658
M-779,CUST-2501,silver,26995
M-780,CUST-2555,GOLD,42582
M-781,CUST-2872,silver,38685
M-782,CUST-486,GOLD,27739
M-783,CUST-3410,SILVER,49552
M-784,CUST-3121,silver,40288
M-785,CUST-4025,bronze,49043
M-786,CUST-3606,silver,45750
M-787,CUST-1217,SILVER,11712
M-788,CUST-1356,SILVER,31507
M-789,CUST-1474,GOLD,45194
M-790,CUST-449,gold,26175
M-791,CUST-4411,SILVER,3786
M-792,CUST-447,SILVER,3601
M-793,CUST-1228,silver,24270
M-794,CUST-3216,silver,23815
M-795,CUST-280,SILVER,35494
M-796,CUST-989,Gold,29177
M-797,CUST-958,GOLD,46404
M-798,CUST-2770,gold,34038
M-799,CUST-3431,silver,13586
M-800,CUST-2173,silver,13434
M-801,CUST-1149,Gold,35925
M-802,CUST-3992,silver,5972
M-803,CUST-4595,silver,43105
M-804,CUST-52,SILVER,29197
M-805,CUST-1833,GOLD,16224
M-806,CUST-907,silver,13493
M-807,CUST-4952,SILVER,4798
M-808,CUST-3046,bronze,11506
M-809,CUST-2818,gold,3892
M-810,CUST-4675,silver,30606
M-811,CUST-2958,GOLD,21777
M-812,CUST-3768,gold,23792
M-813,CUST-2623,Gold,3027
M-814,CUST-4918,bronze,41443
M-815,CUST-260,Gold,29873
M-816,CUST-4205,Gold,8095
M-817,CUST-1096,bronze,10190
M-818,CUST-3393,bronze,3593
M-819,CUST-2699,Gold,41420
M-820,CUST-2738,gold,1749
M-821,CUST-1834,GOLD,36916
M-822,CUST-1074,Gold,47274
M-823,CUST-546,bronze,26957
M-824,CUST-593,GOLD,21910
M-825,CUST-1857,silver,49460
M-826,CUST-3039,GOLD,32901
M-827,CUST-4321,Gold,42557
M-828,CUST-1463,GOLD,47942
M-829,CUST-587,GOLD,24233
M-830,CUST-982,bronze,18963
M-831,CUST-3234,Gold,12737
M-832,CUST-178,Gold,21548
M-833,CUST-154,gold,10060
M-834,CUST-1712,gold,16975
M-835,CUST-1912,SILVER,3040
M-836,CUST-2488,gold,4591
M-837,CUST-2978,SILVER,23768
M-838,CUST-2418,Gold,16329
M-839,CUST-4312,Gold,31962
M-840,CUST-3114,SILVER,47820
M-841,CUST-2347,bronze,19344
M-842,CUST-1557,gold,29785
M-843,CUST-520,gold,38097
M-844,CUST-4578,GOLD,39525
M-845,CUST-1398,silver,23931
M-846,CUST-1769,gold,27437
M-847,CUST-3323,GOLD,16247
M-848,CUST-2899,GOLD,48771
M-849,CUST-3550,Gold,19059
M-850,CUST-309,bronze,39311
M-851,CUST-315,SILVER,41977
M-852,CUST-3470,GOLD,43050
M-853,CUST-749,silver,40824
M-854,CUST-1211,Gold,49001
M-855,CUST-2625,GOLD,12241
M-856,CUST-4593,GOLD,6244
M-857,CUST-1777,bronze,44524
M-858,CUST-1000,Gold,6538
M-859,CUST-2557,bronze,14634
M-860,CUST-1983,bronze,40922
M-861,CUST-4358,gold,19984
M-862,CUST-3174,SILVER,26718
M-863,CUST-2207,gold,4998
M-864,CUST-4172,bronze,48581
M-865,CUST-395,silver,38972
M-866,CUST-580,bronze,16532
M-867,CUST-1046,Gold,7678
M-868,CUST-4186,SILVER,36990
M-869,CUST-3793,Gold,17292
M-870,CUST-3660,Gold,20194
M-871,CUST-1526,silver,26488
M-872,CUST-1968,silver,4306
M-873,CUST-3335,Gold,45549
M-874,CUST-4159,bronze,49316
M-875,CUST-3496,gold,11114
M-876,CUST-496,GOLD,3303
M-877,CUST-110,Gold,36113
M-878,CUST-3327,SILVER,18532
M-879,CUST-1069,SILVER,25690
M-880,CUST-3476,silver,4980
M-881,CUST-4555,GOLD,36897
M-882,CUST-2700,SILVER,38386
M-883,CUST-2861,bronze,49413
M-884,CUST-3390,GOLD,4672
M-885,CUST-2692,GOLD,5980
M-886,CUST-1539,bronze,38391
M-887,CUST-1323,SILVER,26755
M-888,CUST-145,GOLD,23428
M-889,CUST-1078,Gold,13531
M-890,CUST-522,Gold,18651
M-891,CUST-2418,SILVER,9914
M-892,CUST-3964,silver,24756
M-893,CUST-4388,silver,20727
M-894,CUST-580,GOLD,43620
M-895,CUST-2079,SILVER,28432
M-896,CUST-2276,bronze,101
M-897,CUST-4596,silver,26532
M-898,CUST-51,SILVER,1065
M-899,CUST-2544,Gold,46360
M-900,CUST-1987,gold,34092
M-901,CUST-4081,gold,13091
M-902,CUST-4570,SILVER,37734
M-903,CUST-2116,bronze,47556
M-904,CUST-754,SILVER,9727
M-905,CUST-4795,Gold,19415
M-906,CUST-167,bronze,37126
M-907,CUST-4858,Gold,48016
M-908,CUST-4641,bronze,35880
M-909,CUST-1011,silver,43504
M-910,CUST-2905,Gold,23687
M-911,CUST-4793,GOLD,11637
M-912,CUST-4681,Gold,6354
M-913,CUST-1873,silver,9976
M-914,CUST-4763,GOLD,15170
M-915,CUST-2620,bronze,28223
M-916,CUST-3066,silver,14456
M-917,CUST-4453,bronze,12070
M-918,CUST-4492,silver,39590
M-919,CUST-3770,Gold,19086
M-920,CUST-4284,GOLD,14807
M-921,CUST-1566,GOLD,19024
M-922,CUST-3641,bronze,17316
M-923,CUST-408,GOLD,3427
M-924,CUST-1434,GOLD,29845
M-925,CUST-3771,gold,35690
M-926,CUST-1923,SILVER,43558
M-927,CUST-2367,SILVER,35699
M-928,CUST-4609,bronze,41444
M-929,CUST-50,bronze,8137
M-930,CUST-3407,SILVER,28050
M-931,CUST-3859,SILVER,29627
M-932,CUST-600,GOLD,24504
M-933,CUST-4728,silver,3265
M-934,CUST-3731,silver,25793
M-935,CUST-2790,silver,36763
M-936,CUST-1244,bronze,5398
M-937,CUST-946,GOLD,44377
M-938,CUST-2976,Gold,27146
M-939,CUST-1423,silver,19671
M-940,CUST-284,gold,16696
M-941,CUST-3311,GOLD,26807
M-942,CUST-4075,gold,9266
M-943,CUST-2052,SILVER,35155
M-944,CUST-2742,bronze,33634
M-945,CUST-462,silver,37403
M-946,CUST-2951,silver,27185
M-947,CUST-393,SILVER,21023
M-948,CUST-2723,bronze,48362
M-949,CUST-924,GOLD,30531
M-950,CUST-1669,GOLD,22528
M-951,CUST-3105,silver,6654
M-952,CUST-443,GOLD,44336
M-953,CUST-3420,Gold,46280
M-954,CUST-2164,silver,40188
M-955,CUST-3278,Gold,45759
M-956,CUST-2385,silver,36666
M-957,CUST-4450,SILVER,11212
M-958,CUST-1171,GOLD,4861
M-959,CUST-4067,GOLD,27183
M-960,CUST-3084,Gold,2113
M-961,CUST-1694,silver,49579
M-962,CUST-1162,GOLD,22658
M-963,CUST-3766,silver,35108
M-964,CUST-1793,Gold,12734
M-965,CUST-695,SILVER,40182
M-966,CUST-2859,Gold,18535
M-967,CUST-3633,bronze,25453
M-968,CUST-1855,bronze,45049
M-969,CUST-4708,gold,46609
M-970,CUST-3907,gold,1155
M-971,CUST-2199,Gold,11361
M-972,CUST-4740,bronze,18283
M-973,CUST-4383,silver,49876
M-974,CUST-4133,Gold,21189
M-975,CUST-3036,SILVER,20864
M-976,CUST-1166,silver,16835
M-977,CUST-2686,GOLD,40781
M-978,CUST-1107,SILVER,8324
M-979,CUST-1468,gold,8320
M-980,CUST-1325,bronze,21233
M-981,CUST-3654,silver,36413
M-982,CUST-961,Gold,48225
M-983,CUST-3460,gold,38221
M-984,CUST-3381,GOLD,24815
M-985,CUST-3410,gold,34973
M-986,CUST-3876,Gold,24229
M-987,CUST-1423,gold,28897
M-988,CUST-4470,SILVER,49798
M-989,CUST-1552,GOLD,21083
M-990,CUST-9,Gold,17252
M-991,CUST-3452,SILVER,41327
M-992,CUST-3877,GOLD,42253
M-993,CUST-1859,silver,3903
M-994,CUST-2498,GOLD,40256
M-995,CUST-1080,Gold,5708
M-996,CUST-4029,bronze,47057
M-997,CUST-2480,silver,42467
M-998,CUST-2602,SILVER,26623
M-999,CUST-1906,GOLD,14168
M-1000,CUST-640,gold,192
M-1001,CUST-3073,bronze,3631
M-1002,CUST-3001,silver,1921
M-1003,CUST-565,bronze,19999
M-1004,CUST-2146,silver,28098
M-1005,CUST-361,bronze,4745
M-1006,CUST-4634,silver,47489
M-1007,CUST-2071,SILVER,1088
M-1008,CUST-2353,SILVER,31902
M-1009,CUST-3439,SILVER,25817
M-1010,CUST-3990,SILVER,7523
M-1011,CUST-935,Gold,30591
M-1012,CUST-4697,Gold,47486
M-1013,CUST-2353,silver,28954
M-1014,CUST-2177,bronze,7124
M-1015,CUST-60,silver,43653
M-1016,CUST-1379,GOLD,8794
M-1017,CUST-4975,gold,21086
M-1018,CUST-2424,silver,18262
M-1019,CUST-4307,GOLD,1789
M-1020,CUST-4780,gold,29107
M-1021,CUST-2954,GOLD,15069
M-1022,CUST-4085,SILVER,9364
M-1023,CUST-4752,Gold,649
M-1024,CUST-385,bronze,43918
M-1025,CUST-2322,gold,24240
M-1026,CUST-216,silver,39710
M-1027,CUST-3386,Gold,14552
M-1028,CUST-2124,bronze,39676
M-1029,CUST-927,GOLD,3493
M-1030,CUST-3769,GOLD,27595
M-1031,CUST-1285,bronze,35984
M-1032,CUST-1642,bronze,24734
M-1033,CUST-4874,SILVER,14990
M-1034,CUST-1539,Gold,17866
M-1035,CUST-2228,bronze,20536
M-1036,CUST-1251,bronze,38591
M-1037,CUST-1657,GOLD,45215
M-1038,CUST-2206,GOLD,37955
M-1039,CUST-3546,SILVER,40909
M-1040,CUST-1109,gold,11955
M-1041,CUST-1392,GOLD,22263
M-1042,CUST-472,GOLD,6677
M-1043,CUST-3172,silver,14439
M-1044,CUST-1113,gold,42923
M-1045,CUST-569,SILVER,31104
M-1046,CUST-2346,GOLD,22875
M-1047,CUST-4402,Gold,37879
M-1048,CUST-4134,GOLD,18429
M-1049,CUST-970,gold,898
M-1050,CUST-2674,Gold,37904
M-1051,CUST-1416,silver,856
M-1052,CUST-3004,silver,5757
M-1053,CUST-1760,bronze,669
M-1054,CUST-3011,silver,36382
M-1055,CUST-474,Gold,37032
M-1056,CUST-2055,bronze,7598
M-1057,CUST-4732,bronze,617
M-1058,CUST-2484,Gold,49503
M-1059,CUST-420,GOLD,31997
M-1060,CUST-2420,Gold,28472
M-1061,CUST-396,silver,31164
M-1062,CUST-2022,gold,49565
M-1063,CUST-715,gold,16768
M-1064,CUST-4124,silver,44286
M-1065,CUST-1215,Gold,5161
M-1066,CUST-3274,bronze,40749
M-1067,CUST-2220,bronze,37501
M-1068,CUST-984,silver,7624
M-1069,CUST-3758,SILVER,14130
M-1070,CUST-4470,gold,49893
M-1071,CUST-12,silver,18547
M-1072,CUST-4044,silver,39090
M-1073,CUST-34,Gold,18358
M-1074,CUST-4318,bronze,45259
M-1075,CUST-1660,gold,28016
M-1076,CUST-3808,silver,15246
M-1077,CUST-2810,GOLD,24211
M-1078,CUST-1937,SILVER,43372
M-1079,CUST-153,SILVER,42351
M-1080,CUST-3725,gold,25689
M-1081,CUST-4652,silver,39117
M-1082,CUST-3137,bronze,21605
M-1083,CUST-4336,SILVER,44550
M-1084,CUST-853,bronze,3905
M-1085,CUST-4087,gold,12052
M-1086,CUST-1287,Gold,12993
M-1087,CUST-4682,SILVER,48055
M-1088,CUST-2510,GOLD,33275
M-1089,CUST-3001,SILVER,38297
M-1090,CUST-1939,gold,15469
M-1091,CUST-133,SILVER,17783
M-1092,CUST-3220,gold,11533
M-1093,CUST-195,bronze,29366
M-1094,CUST-1081,silver,34155
M-1095,CUST-1000,Gold,10247
M-1096,CUST-4628,gold,42479
M-1097,CUST-901,gold,39510
M-1098,CUST-4376,bronze,47976
M-1099,CUST-4710,SILVER,5514
M-1100,CUST-2157,gold,1007
M-1101,CUST-294,GOLD,36814
M-1102,CUST-4513,silver,19912
M-1103,CUST-2627,gold,38668
M-1104,CUST-3254,GOLD,29775
M-1105,CUST-3142,silver,24789
M-1106,CUST-279,bronze,36198
M-1107,CUST-4626,silver,19637
M-1108,CUST-577,silver,21
M-1109,CUST-576,bronze,9332
M-1110,CUST-721,gold,45315
M-1111,CUST-1971,bronze,36313
M-1112,CUST-2768,bronze,31835
M-1113,CUST-1026,SILVER,42680
M-1114,CUST-2956,Gold,37293
M-1115,CUST-3220,silver,39301
M-1116,CUST-3574,silver,35816
M-1117,CUST-3053,silver,38230
M-1118,CUST-1421,Gold,39886
M-1119,CUST-4833,GOLD,14848
M-1120,CUST-375,silver,2469
M-1121,CUST-2502,gold,42267
M-1122,CUST-2253,GOLD,42437
M-1123,CUST-2378,bronze,21812
M-1124,CUST-4678,silver,33285
M-1125,CUST-1787,GOLD,18621
M-1126,CUST-1390,GOLD,898
M-1127,CUST-4174,GOLD,40505
M-1128,CUST-4214,SILVER,710
M-1129,CUST-1794,GOLD,14741
M-1130,CUST-383,gold,33636
M-1131,CUST-4895,gold,21305
M-1132,CUST-2745,Gold,28414
M-1133,CUST-2393,silver,26836
M-1134,CUST-1645,SILVER,28187
M-1135,CUST-4733,Gold,46041
M-1136,CUST-857,silver,36745
M-1137,CUST-4952,silver,1974
M-1138,CUST-2397,gold,44816
M-1139,CUST-185,SILVER,10802
M-1140,CUST-858,silver,24214
M-1141,CUST-1014,SILVER,47761
M-1142,CUST-310,bronze,9083
M-1143,CUST-2442,bronze,35983
M-1144,CUST-3516,Gold,6190
M-1145,CUST-660,silver,34628
M-1146,CUST-4946,SILVER,30165
M-1147,CUST-2833,Gold,15956
M-1148,CUST-2367,SILVER,28646
M-1149,CUST-1540,GOLD,30622
M-1150,CUST-1314,GOLD,26071
M-1151,CUST-1161,silver,31916
M-1152,CUST-2375,gold,23600
M-1153,CUST-3375,Gold,34724
M-1154,CUST-792,gold,38293
M-1155,CUST-4902,gold,9677
M-1156,CUST-2418,GOLD,26901
M-1157,CUST-3059,GOLD,23211
M-1158,CUST-4797,GOLD,16601
M-1159,CUST-4757,Gold,14917
M-1160,CUST-962,Gold,41501
M-1161,CUST-1566,GOLD,9193
M-1162,CUST-1529,silver,31933
M-1163,CUST-63,silver,18746
M-1164,CUST-2016,GOLD,9602
M-1165,CUST-584,Gold,44523
M-1166,CUST-1881,silver,9101
M-1167,CUST-1657,GOLD,29446
M-1168,CUST-44,bronze,38748
M-1169,CUST-566,SILVER,7187
M-1170,CUST-3444,GOLD,42297
M-1171,CUST-643,bronze,4466
M-1172,CUST-4242,bronze,19860
M-1173,CUST-2613,GOLD,49347
M-1174,CUST-2457,gold,48699
M-1175,CUST-4380,GOLD,24886
M-1176,CUST-4647,Gold,46043
M-1177,CUST-3213,bronze,49236
M-1178,CUST-2148,silver,9284
M-1179,CUST-4187,bronze,20988
M-1180,CUST-3383,GOLD,36640
M-1181,CUST-1817,gold,24602
M-1182,CUST-167,SILVER,11510
M-1183,CUST-3140,GOLD,26274
M-1184,CUST-1183,silver,35026
M-1185,CUST-1703,SILVER,6479
M-1186,CUST-3953,SILVER,40389
M-1187,CUST-1560,gold,32767
M-1188,CUST-2454,Gold,41867
M-1189,CUST-2151,GOLD,13740
M-1190,CUST-1733,GOLD,15490
M-1191,CUST-4487,Gold,25924
M-1192,CUST-3820,bronze,8736
M-1193,CUST-111,SILVER,8231
M-1194,CUST-2348,gold,44950
M-1195,CUST-2757,SILVER,25732
M-1196,CUST-3826,GOLD,22580
M-1197,CUST-673,bronze,42710
M-1198,CUST-4556,bronze,39176
M-1199,CUST-2872,Gold,17003
M-1200,CUST-976,SILVER,26894
