product_id,name,category_id,supplier_id,unit_price
R-1000,便携音箱-0,CAT-26,SR-33,4739
MD-1001,经典手机壳-1,CAT-18,SR-58,"1,537.00"
REF-1002,标准手表-2,CAT-4,SR-28,4112
R-1003,智能背包-3,CAT-5,SR-64,$26.00
REF-1004,智能耳机-4,CAT-15,SR-70,78
SKU1005,便携键盘-5,CAT-4,SR-32,756
MD-1006,豪华键盘-6,CAT-3,SR-45,"1,610.00"
SKU1007,便携手机壳-7,CAT-7,SR-12,1974
SKU1008,mini耳机-8,CAT-4,SR-64,"$1,752.00"
MD-1009,智能手表-9,CAT-2,SR-53,"4,804.00"
R-1010,豪华台灯-10,CAT-2,SR-59,"$1,732.00"
MD-1011,标准音箱-11,CAT-11,SR-55,582.00
SKU1012,mini水杯-12,CAT-24,SR-75,"$2,173.00"
MD-1013,智能手机壳-13,CAT-7,SR-55,"3,390.00"
MD-1014,经典台灯-14,CAT-12,SR-10,"$2,609.00"
SKU1015,智能耳机-15,CAT-3,SR-49,"$4,857.00"
R-1016,豪华耳机-16,CAT-21,SR-3,1774
MD-1017,mini手机壳-17,CAT-27,SR-35,1693
SKU1018,标准台灯-18,CAT-8,SR-9,$571.00
R-1019,mini手表-19,CAT-21,SR-71,4694
MD-1020,mini音箱-20,CAT-7,SR-51,2632
REF-1021,标准背包-21,CAT-5,SR-76,35
R-1022,便携耳机-22,CAT-4,SR-59,"2,506.00"
R-1023,标准音箱-23,CAT-23,SR-35,"$3,821.00"
REF-1024,智能手表-24,CAT-5,SR-11,"$2,936.00"
R-1025,便携键盘-25,CAT-15,SR-8,$406.00
SKU1026,经典音箱-26,CAT-14,SR-77,2504
MD-1027,经典手机壳-27,CAT-2,SR-9,"$2,603.00"
MD-1028,豪华键盘-28,CAT-12,SR-28,1501
SKU1029,经典台灯-29,CAT-2,SR-58,"$3,829.00"
REF-1030,智能水杯-30,CAT-9,SR-28,"3,708.00"
R-1031,豪华手表-31,CAT-4,SR-14,"$3,833.00"
REF-1032,标准手表-32,CAT-3,SR-28,3624
SKU1033,标准手表-33,CAT-8,SR-66,1645
SKU1034,mini台灯-34,CAT-12,SR-68,"1,293.00"
MD-1035,智能水杯-35,CAT-2,SR-62,"$3,286.00"
SKU1036,智能手机壳-36,CAT-22,SR-40,2236
MD-1037,便携键盘-37,CAT-24,SR-60,3137
MD-1038,便携背包-38,CAT-30,SR-61,$501.00
REF-1039,经典手机壳-39,CAT-21,SR-1,4505
SKU1040,标准手机壳-40,CAT-6,SR-11,1049
MD-1041,mini耳机-41,CAT-5,SR-65,"$1,427.00"
REF-1042,智能台灯-42,CAT-11,SR-45,643.00
REF-1043,标准耳机-43,CAT-16,SR-7,2987
REF-1044,便携键盘-44,CAT-12,SR-20,2980
SKU1045,智能键盘-45,CAT-19,SR-9,3479
MD-1046,标准水杯-46,CAT-28,SR-59,647
MD-1047,便携手表-47,CAT-14,SR-13,"$3,093.00"
R-1048,豪华音箱-48,CAT-1,SR-21,"4,775.00"
MD-1049,智能手表-49,CAT-6,SR-58,1078
SKU1050,标准音箱-0,CAT-12,SR-62,"2,792.00"
REF-1051,经典背包-1,CAT-9,SR-56,4098
REF-1052,豪华水杯-2,CAT-26,SR-57,83
MD-1053,标准键盘-3,CAT-7,SR-30,"$1,110.00"
REF-1054,mini背包-4,CAT-7,SR-76,4803
REF-1055,豪华水杯-5,CAT-6,SR-80,"1,681.00"
SKU1056,标准手机壳-6,CAT-8,SR-78,4355
SKU1057,经典音箱-7,CAT-8,SR-75,458.00
REF-1058,便携手表-8,CAT-23,SR-35,"$3,293.00"
REF-1059,智能耳机-9,CAT-6,SR-16,3304
SKU1060,豪华手机壳-10,CAT-2,SR-29,1178
REF-1061,经典键盘-11,CAT-19,SR-38,4518
R-1062,智能音箱-12,CAT-4,SR-5,"$1,408.00"
REF-1063,豪华手表-13,CAT-13,SR-55,"$4,594.00"
R-1064,智能手表-14,CAT-24,SR-15,1705
R-1065,标准音箱-15,CAT-7,SR-66,4145
REF-1066,mini背包-16,CAT-25,SR-60,$304.00
R-1067,豪华台灯-17,CAT-17,SR-67,475
SKU1068,智能背包-18,CAT-7,SR-45,"$4,729.00"
SKU1069,智能手表-19,CAT-17,SR-75,$115.00
REF-1070,mini手表-20,CAT-7,SR-2,3346
REF-1071,mini手机壳-21,CAT-12,SR-13,2555
R-1072,标准台灯-22,CAT-20,SR-45,"$3,277.00"
MD-1073,经典背包-23,CAT-16,SR-36,"$2,243.00"
MD-1074,便携水杯-24,CAT-26,SR-77,"2,721.00"
MD-1075,豪华台灯-25,CAT-27,SR-20,3949
REF-1076,智能手机壳-26,CAT-28,SR-11,61
REF-1077,豪华耳机-27,CAT-27,SR-26,4939
SKU1078,经典手机壳-28,CAT-30,SR-7,1017
R-1079,便携水杯-29,CAT-1,SR-21,2452
R-1080,智能键盘-30,CAT-1,SR-7,2716
MD-1081,mini背包-31,CAT-25,SR-3,"$4,150.00"
R-1082,智能音箱-32,CAT-6,SR-74,"$4,896.00"
R-1083,便携水杯-33,CAT-29,SR-79,686
SKU1084,经典手机壳-34,CAT-22,SR-70,"$1,718.00"
SKU1085,经典键盘-35,CAT-8,SR-7,$751.00
REF-1086,标准水杯-36,CAT-23,SR-63,"3,849.00"
REF-1087,智能手表-37,CAT-29,SR-59,"3,484.00"
REF-1088,mini手机壳-38,CAT-9,SR-32,2238
SKU1089,标准音箱-39,CAT-25,SR-28,$367.00
R-1090,mini手机壳-40,CAT-13,SR-58,"1,161.00"
SKU1091,经典耳机-41,CAT-14,SR-1,4268
REF-1092,豪华背包-42,CAT-24,SR-43,1236
MD-1093,智能手机壳-43,CAT-1,SR-61,"$2,849.00"
SKU1094,便携键盘-44,CAT-19,SR-74,3051
SKU1095,标准手表-45,CAT-27,SR-60,"2,014.00"
REF-1096,标准台灯-46,CAT-27,SR-15,$734.00
MD-1097,标准背包-47,CAT-3,SR-24,1273
R-1098,经典耳机-48,CAT-27,SR-49,714.00
R-1099,智能耳机-49,CAT-17,SR-14,"$2,806.00"
REF-1100,标准手表-0,CAT-19,SR-63,3211
MD-1101,智能水杯-1,CAT-22,SR-73,"$3,407.00"
REF-1102,豪华耳机-2,CAT-6,SR-77,$489.00
MD-1103,经典手表-3,CAT-13,SR-27,3527
MD-1104,经典键盘-4,CAT-10,SR-36,2149
REF-1105,mini音箱-5,CAT-16,SR-27,3896
REF-1106,经典手表-6,CAT-2,SR-11,"$2,829.00"
MD-1107,标准音箱-7,CAT-19,SR-15,"3,161.00"
R-1108,标准音箱-8,CAT-6,SR-52,3861
R-1109,豪华台灯-9,CAT-11,SR-16,"4,909.00"
MD-1110,便携手机壳-10,CAT-15,SR-50,"1,056.00"
MD-1111,豪华手机壳-11,CAT-22,SR-42,3773
MD-1112,经典水杯-12,CAT-10,SR-57,$854.00
R-1113,mini耳机-13,CAT-2,SR-65,691
REF-1114,豪华键盘-14,CAT-23,SR-19,"4,905.00"
R-1115,mini耳机-15,CAT-19,SR-43,"4,153.00"
REF-1116,mini背包-16,CAT-18,SR-4,2923
REF-1117,标准台灯-17,CAT-26,SR-38,3004
MD-1118,智能台灯-18,CAT-24,SR-54,2272
REF-1119,标准耳机-19,CAT-13,SR-4,"2,294.00"
R-1120,经典手表-20,CAT-14,SR-34,1667
R-1121,经典背包-21,CAT-22,SR-23,"$1,299.00"
R-1122,智能耳机-22,CAT-19,SR-24,323.00
R-1123,豪华水杯-23,CAT-24,SR-58,"1,569.00"
R-1124,mini音箱-24,CAT-11,SR-74,1923
REF-1125,便携背包-25,CAT-4,SR-62,225
SKU1126,经典背包-26,CAT-21,SR-43,"3,075.00"
R-1127,智能手机壳-27,CAT-27,SR-12,2305
R-1128,经典手表-28,CAT-12,SR-58,"3,118.00"
R-1129,经典手机壳-29,CAT-6,SR-24,1730
REF-1130,mini台灯-30,CAT-1,SR-31,371
MD-1131,标准水杯-31,CAT-28,SR-77,1855
R-1132,标准音箱-32,CAT-1,SR-76,2989
SKU1133,豪华水杯-33,CAT-1,SR-42,3782
R-1134,经典耳机-34,CAT-29,SR-77,689.00
R-1135,mini水杯-35,CAT-4,SR-33,2364
MD-1136,经典手机壳-36,CAT-3,SR-66,"2,940.00"
R-1137,mini背包-37,CAT-18,SR-67,"$3,078.00"
REF-1138,标准背包-38,CAT-28,SR-30,"3,608.00"
REF-1139,经典台灯-39,CAT-11,SR-62,3544
REF-1140,豪华耳机-40,CAT-25,SR-68,"$3,650.00"
REF-1141,便携手表-41,CAT-11,SR-65,1982
MD-1142,豪华背包-42,CAT-28,SR-73,1304
MD-1143,便携水杯-43,CAT-6,SR-27,"$1,908.00"
SKU1144,豪华水杯-44,CAT-22,SR-30,"1,824.00"
SKU1145,经典背包-45,CAT-11,SR-36,"$3,684.00"
SKU1146,豪华水杯-46,CAT-28,SR-62,"$4,203.00"
R-1147,经典手表-47,CAT-14,SR-19,$360.00
REF-1148,便携手表-48,CAT-17,SR-7,"1,786.00"
MD-1149,豪华键盘-49,CAT-12,SR-72,2210
REF-1150,智能背包-0,CAT-22,SR-39,1876
SKU1151,便携手机壳-1,CAT-16,SR-41,1293
REF-1152,标准耳机-2,CAT-26,SR-30,3381
SKU1153,便携音箱-3,CAT-5,SR-26,"$3,418.00"
REF-1154,智能音箱-4,CAT-27,SR-44,"$1,968.00"
REF-1155,经典手表-5,CAT-9,SR-40,1703
SKU1156,豪华耳机-6,CAT-8,SR-49,"1,097.00"
R-1157,智能台灯-7,CAT-24,SR-28,"$3,431.00"
MD-1158,经典背包-8,CAT-21,SR-8,"$1,801.00"
MD-1159,经典手机壳-9,CAT-18,SR-13,3869
MD-1160,便携水杯-10,CAT-15,SR-32,4947
MD-1161,智能手机壳-11,CAT-17,SR-6,2284
REF-1162,标准背包-12,CAT-1,SR-8,"$3,984.00"
MD-1163,豪华背包-13,CAT-20,SR-67,"$2,187.00"
MD-1164,豪华背包-14,CAT-1,SR-2,4851
SKU1165,便携手表-15,CAT-3,SR-20,105
REF-1166,mini台灯-16,CAT-23,SR-58,3981
SKU1167,智能水杯-17,CAT-12,SR-66,"4,575.00"
R-1168,标准手机壳-18,CAT-22,SR-78,4406
R-1169,标准手机壳-19,CAT-19,SR-72,870
SKU1170,标准手表-20,CAT-11,SR-70,3365
R-1171,标准音箱-21,CAT-6,SR-32,"$4,121.00"
MD-1172,标准音箱-22,CAT-19,SR-25,1822
R-1173,便携音箱-23,CAT-25,SR-19,$185.00
MD-1174,标准手表-24,CAT-10,SR-41,2206
R-1175,mini手表-25,CAT-6,SR-14,"2,677.00"
SKU1176,智能手机壳-26,CAT-3,SR-4,"$3,003.00"
MD-1177,标准耳机-27,CAT-3,SR-64,2870
REF-1178,标准台灯-28,CAT-4,SR-2,"$1,689.00"
REF-1179,标准耳机-29,CAT-24,SR-11,385.00
SKU1180,mini键盘-30,CAT-5,SR-24,261
R-1181,mini背包-31,CAT-6,SR-19,"4,547.00"
MD-1182,豪华台灯-32,CAT-20,SR-58,"3,962.00"
R-1183,豪华耳机-33,CAT-26,SR-17,712.00
R-1184,智能音箱-34,CAT-3,SR-39,"$1,141.00"
REF-1185,便携手表-35,CAT-20,SR-12,2715
REF-1186,mini手表-36,CAT-16,SR-17,"1,931.00"
SKU1187,豪华水杯-37,CAT-25,SR-31,"1,751.00"
REF-1188,便携台灯-38,CAT-24,SR-34,3113
MD-1189,mini背包-39,CAT-13,SR-45,"$2,563.00"
SKU1190,经典水杯-40,CAT-18,SR-51,1108
REF-1191,经典耳机-41,CAT-26,SR-26,795
MD-1192,标准耳机-42,CAT-22,SR-48,"$3,892.00"
R-1193,经典背包-43,CAT-24,SR-25,3446
R-1194,豪华音箱-44,CAT-3,SR-67,"3,807.00"
R-1195,豪华水杯-45,CAT-22,SR-52,"$4,648.00"
REF-1196,标准台灯-46,CAT-7,SR-77,"3,897.00"
MD-1197,豪华台灯-47,CAT-29,SR-27,"$3,149.00"
R-1198,mini手机壳-48,CAT-28,SR-1,1475
R-1199,经典手表-49,CAT-23,SR-73,"3,371.00"
SKU1200,智能音箱-0,CAT-4,SR-70,593
SKU1201,智能键盘-1,CAT-8,SR-72,2696
MD-1202,mini台灯-2,CAT-10,SR-50,3159
SKU1203,便携音箱-3,CAT-29,SR-3,"$3,378.00"
SKU1204,mini台灯-4,CAT-23,SR-40,$681.00
MD-1205,经典音箱-5,CAT-29,SR-26,"4,679.00"
MD-1206,标准音箱-6,CAT-11,SR-62,"$4,129.00"
MD-1207,智能耳机-7,CAT-20,SR-31,"$2,398.00"
SKU1208,mini耳机-8,CAT-12,SR-73,490
SKU1209,mini水杯-9,CAT-23,SR-9,"1,938.00"
MD-1210,标准水杯-10,CAT-1,SR-60,497
R-1211,mini音箱-11,CAT-15,SR-61,795
SKU1212,mini耳机-12,CAT-1,SR-39,"$3,068.00"
SKU1213,mini台灯-13,CAT-19,SR-58,266
SKU1214,智能水杯-14,CAT-26,SR-3,3309
R-1215,智能台灯-15,CAT-21,SR-75,2874
R-1216,mini背包-16,CAT-17,SR-47,1305
REF-1217,mini背包-17,CAT-16,SR-77,3113
R-1218,mini手机壳-18,CAT-8,SR-31,$576.00
REF-1219,经典音箱-19,CAT-26,SR-3,$820.00
R-1220,mini音箱-20,CAT-6,SR-59,"3,483.00"
REF-1221,便携背包-21,CAT-27,SR-38,3783
REF-1222,豪华音箱-22,CAT-15,SR-71,3926
REF-1223,标准手表-23,CAT-26,SR-22,"4,150.00"
MD-1224,mini手机壳-24,CAT-19,SR-28,"$3,780.00"
R-1225,mini手表-25,CAT-22,SR-11,"$1,690.00"
SKU1226,标准水杯-26,CAT-20,SR-16,"$2,544.00"
R-1227,便携音箱-27,CAT-8,SR-70,4167
SKU1228,mini背包-28,CAT-23,SR-76,682
MD-1229,标准耳机-29,CAT-18,SR-67,3411
R-1230,便携键盘-30,CAT-10,SR-47,2650
REF-1231,豪华水杯-31,CAT-16,SR-8,3391
R-1232,便携键盘-32,CAT-1,SR-46,2510
SKU1233,智能音箱-33,CAT-13,SR-70,"1,854.00"
MD-1234,标准台灯-34,CAT-8,SR-31,3554
REF-1235,智能台灯-35,CAT-11,SR-12,1903
REF-1236,经典手机壳-36,CAT-19,SR-28,1132
MD-1237,豪华耳机-37,CAT-13,SR-78,"2,247.00"
R-1238,便携手表-38,CAT-3,SR-21,$544.00
SKU1239,标准手机壳-39,CAT-12,SR-41,"3,899.00"
REF-1240,智能背包-40,CAT-2,SR-35,4950
MD-1241,豪华手表-41,CAT-30,SR-41,2482
R-1242,mini背包-42,CAT-18,SR-35,2365
R-1243,经典耳机-43,CAT-8,SR-6,535
SKU1244,智能水杯-44,CAT-1,SR-78,"$4,592.00"
REF-1245,便携台灯-45,CAT-16,SR-27,1127
REF-1246,标准手表-46,CAT-21,SR-40,"$4,030.00"
SKU1247,mini音箱-47,CAT-26,SR-15,3243
R-1248,标准键盘-48,CAT-13,SR-31,3749
SKU1249,标准手表-49,CAT-19,SR-23,823.00
R-1250,豪华手表-0,CAT-8,SR-49,990
R-1251,经典耳机-1,CAT-23,SR-3,3936
SKU1252,mini手表-2,CAT-20,SR-10,518
REF-1253,经典手表-3,CAT-22,SR-32,"$3,221.00"
R-1254,便携水杯-4,CAT-24,SR-35,3326
R-1255,mini音箱-5,CAT-9,SR-54,4694
SKU1256,经典键盘-6,CAT-26,SR-48,1040
R-1257,便携音箱-7,CAT-28,SR-11,3886
SKU1258,智能手表-8,CAT-6,SR-80,940.00
R-1259,标准手机壳-9,CAT-14,SR-2,578
SKU1260,经典键盘-10,CAT-24,SR-3,3189
MD-1261,mini手机壳-11,CAT-30,SR-17,581.00
SKU1262,标准键盘-12,CAT-17,SR-8,517
SKU1263,豪华水杯-13,CAT-4,SR-57,2029
R-1264,mini手机壳-14,CAT-27,SR-16,$679.00
SKU1265,智能键盘-15,CAT-4,SR-36,"2,542.00"
MD-1266,豪华台灯-16,CAT-19,SR-45,3676
MD-1267,经典台灯-17,CAT-20,SR-24,4594
REF-1268,标准耳机-18,CAT-21,SR-18,"3,310.00"
SKU1269,便携手表-19,CAT-30,SR-72,"$4,713.00"
MD-1270,智能手机壳-20,CAT-11,SR-76,1926
SKU1271,经典背包-21,CAT-11,SR-24,958
MD-1272,mini水杯-22,CAT-3,SR-9,$848.00
R-1273,豪华台灯-23,CAT-5,SR-53,774
R-1274,豪华台灯-24,CAT-23,SR-69,"$2,850.00"
REF-1275,智能台灯-25,CAT-11,SR-12,2493
R-1276,便携手机壳-26,CAT-6,SR-62,"$2,582.00"
R-1277,经典水杯-27,CAT-2,SR-26,4192
MD-1278,经典台灯-28,CAT-2,SR-67,2013
SKU1279,mini台灯-29,CAT-17,SR-44,"3,781.00"
REF-1280,豪华手表-30,CAT-10,SR-12,"$4,750.00"
REF-1281,便携背包-31,CAT-14,SR-60,2633
R-1282,智能水杯-32,CAT-8,SR-72,"$4,592.00"
R-1283,智能手表-33,CAT-18,SR-1,1667
R-1284,mini手机壳-34,CAT-30,SR-76,4480
MD-1285,mini台灯-35,CAT-21,SR-78,3289
R-1286,便携音箱-36,CAT-9,SR-47,784
REF-1287,标准台灯-37,CAT-15,SR-50,2722
R-1288,智能手机壳-38,CAT-20,SR-43,4600
R-1289,mini手机壳-39,CAT-16,SR-52,"$4,106.00"
REF-1290,智能音箱-40,CAT-1,SR-60,3541
SKU1291,经典手机壳-41,CAT-26,SR-52,"1,998.00"
SKU1292,经典耳机-42,CAT-10,SR-63,2401
REF-1293,豪华键盘-43,CAT-30,SR-54,"1,071.00"
SKU1294,经典台灯-44,CAT-25,SR-55,"1,730.00"
REF-1295,智能音箱-45,CAT-1,SR-64,1734
SKU1296,经典背包-46,CAT-19,SR-37,4055
SKU1297,mini键盘-47,CAT-4,SR-6,"4,964.00"
SKU1298,mini耳机-48,CAT-18,SR-76,"$3,119.00"
REF-1299,标准水杯-49,CAT-5,SR-59,"4,164.00"
MD-1300,经典耳机-0,CAT-6,SR-73,"$3,576.00"
MD-1301,便携手表-1,CAT-8,SR-39,"4,912.00"
R-1302,标准手机壳-2,CAT-6,SR-5,294
SKU1303,智能手机壳-3,CAT-7,SR-44,"2,484.00"
R-1304,智能背包-4,CAT-29,SR-49,"$2,156.00"
SKU1305,mini键盘-5,CAT-28,SR-55,4867
SKU1306,mini水杯-6,CAT-23,SR-59,522
REF-1307,便携手表-7,CAT-21,SR-66,2948
MD-1308,智能键盘-8,CAT-18,SR-19,4435
MD-1309,经典耳机-9,CAT-17,SR-54,"$3,909.00"
R-1310,mini手表-10,CAT-26,SR-66,63
R-1311,mini键盘-11,CAT-11,SR-27,"4,316.00"
MD-1312,便携手机壳-12,CAT-24,SR-34,3872
MD-1313,标准手表-13,CAT-16,SR-4,1768
R-1314,mini手表-14,CAT-19,SR-73,"3,390.00"
R-1315,便携背包-15,CAT-13,SR-9,"2,982.00"
R-1316,便携音箱-16,CAT-17,SR-25,3881
REF-1317,标准手表-17,CAT-20,SR-53,3646
REF-1318,豪华手机壳-18,CAT-25,SR-24,2974
REF-1319,mini手机壳-19,CAT-18,SR-61,4135
REF-1320,mini台灯-20,CAT-6,SR-11,"1,139.00"
REF-1321,便携台灯-21,CAT-6,SR-39,"1,554.00"
R-1322,mini键盘-22,CAT-9,SR-27,"$1,048.00"
R-1323,标准手机壳-23,CAT-16,SR-62,"$3,913.00"
R-1324,标准音箱-24,CAT-28,SR-41,2203
REF-1325,mini手表-25,CAT-30,SR-80,"$1,077.00"
REF-1326,标准手机壳-26,CAT-4,SR-39,2352
SKU1327,经典手表-27,CAT-16,SR-37,1250
SKU1328,智能音箱-28,CAT-23,SR-54,"$1,188.00"
REF-1329,智能键盘-29,CAT-22,SR-55,"$3,170.00"
SKU1330,豪华键盘-30,CAT-10,SR-53,811
SKU1331,智能键盘-31,CAT-14,SR-47,3167
R-1332,智能台灯-32,CAT-3,SR-58,$538.00
R-1333,经典手表-33,CAT-3,SR-19,3589
REF-1334,经典水杯-34,CAT-25,SR-50,3029
MD-1335,便携音箱-35,CAT-8,SR-74,"$3,565.00"
MD-1336,标准耳机-36,CAT-28,SR-23,"$3,982.00"
R-1337,mini音箱-37,CAT-6,SR-2,1731
R-1338,mini台灯-38,CAT-16,SR-6,"$4,486.00"
MD-1339,豪华音箱-39,CAT-13,SR-35,709
R-1340,智能手机壳-40,CAT-4,SR-74,"1,566.00"
SKU1341,豪华手表-41,CAT-20,SR-65,4180
MD-1342,经典台灯-42,CAT-17,SR-25,3124
MD-1343,智能耳机-43,CAT-14,SR-30,"$4,726.00"
R-1344,便携台灯-44,CAT-22,SR-32,"3,107.00"
MD-1345,经典手表-45,CAT-16,SR-45,"$4,824.00"
REF-1346,豪华耳机-46,CAT-18,SR-65,3759
SKU1347,豪华背包-47,CAT-19,SR-25,850
SKU1348,便携键盘-48,CAT-17,SR-33,3098
REF-1349,经典音箱-49,CAT-17,SR-3,2974
MD-1350,智能背包-0,CAT-7,SR-51,4021
SKU1351,智能台灯-1,CAT-2,SR-2,510
R-1352,标准耳机-2,CAT-8,SR-80,2110
R-1353,标准音箱-3,CAT-25,SR-15,4423
SKU1354,mini背包-4,CAT-11,SR-46,"$4,671.00"
R-1355,mini耳机-5,CAT-7,SR-42,"$2,802.00"
R-1356,豪华手机壳-6,CAT-4,SR-64,"3,971.00"
MD-1357,mini耳机-7,CAT-16,SR-77,"$1,395.00"
SKU1358,mini台灯-8,CAT-29,SR-30,2894
R-1359,标准水杯-9,CAT-23,SR-40,2107
REF-1360,豪华耳机-10,CAT-2,SR-19,101.00
SKU1361,经典水杯-11,CAT-14,SR-69,$594.00
REF-1362,标准台灯-12,CAT-4,SR-30,4852
MD-1363,标准耳机-13,CAT-9,SR-38,4684
REF-1364,智能耳机-14,CAT-22,SR-19,"$4,564.00"
SKU1365,豪华耳机-15,CAT-3,SR-7,3408
MD-1366,豪华水杯-16,CAT-25,SR-79,"1,383.00"
REF-1367,mini背包-17,CAT-7,SR-64,2262
REF-1368,mini键盘-18,CAT-4,SR-44,964.00
SKU1369,标准音箱-19,CAT-19,SR-48,"2,419.00"
MD-1370,经典键盘-20,CAT-1,SR-12,810.00
REF-1371,智能手表-21,CAT-24,SR-34,"$2,012.00"
R-1372,标准台灯-22,CAT-22,SR-32,862
MD-1373,便携耳机-23,CAT-11,SR-59,3740
SKU1374,便携手机壳-24,CAT-7,SR-62,1591
R-1375,mini台灯-25,CAT-9,SR-69,3124
REF-1376,mini背包-26,CAT-10,SR-66,"$1,843.00"
MD-1377,标准水杯-27,CAT-30,SR-6,3363
REF-1378,智能音箱-28,CAT-30,SR-55,4266
MD-1379,智能水杯-29,CAT-14,SR-32,"4,122.00"
REF-1380,智能音箱-30,CAT-25,SR-22,4988
REF-1381,智能键盘-31,CAT-17,SR-79,$850.00
SKU1382,mini键盘-32,CAT-17,SR-9,"$4,719.00"
R-1383,经典台灯-33,CAT-7,SR-61,3411
REF-1384,标准手机壳-34,CAT-26,SR-17,3017
REF-1385,便携手机壳-35,CAT-5,SR-67,2867
REF-1386,mini手表-36,CAT-1,SR-63,"2,146.00"
R-1387,便携手表-37,CAT-13,SR-42,"2,199.00"
R-1388,经典水杯-38,CAT-17,SR-35,2278
REF-1389,mini手表-39,CAT-26,SR-76,136.00
R-1390,豪华背包-40,CAT-9,SR-22,1144
R-1391,mini台灯-41,CAT-8,SR-6,"$2,180.00"
REF-1392,mini背包-42,CAT-11,SR-3,"$4,448.00"
REF-1393,智能水杯-43,CAT-9,SR-65,1749
REF-1394,mini手机壳-44,CAT-9,SR-2,2537
REF-1395,便携水杯-45,CAT-14,SR-16,4501
SKU1396,mini台灯-46,CAT-19,SR-31,438
MD-1397,经典背包-47,CAT-17,SR-62,"$1,606.00"
REF-1398,mini台灯-48,CAT-16,SR-59,2144
R-1399,标准水杯-49,CAT-17,SR-77,2026
SKU1400,mini耳机-0,CAT-15,SR-68,2160
R-1401,mini耳机-1,CAT-18,SR-49,"$2,362.00"
R-1402,智能台灯-2,CAT-30,SR-62,3598
MD-1403,标准背包-3,CAT-15,SR-70,4057
R-1404,豪华耳机-4,CAT-8,SR-27,"$4,982.00"
REF-1405,智能手机壳-5,CAT-7,SR-4,542
REF-1406,标准背包-6,CAT-30,SR-53,3726
R-1407,标准手表-7,CAT-25,SR-52,"$4,970.00"
R-1408,便携耳机-8,CAT-29,SR-69,"$3,782.00"
R-1409,经典台灯-9,CAT-5,SR-47,4680
R-1410,智能键盘-10,CAT-16,SR-54,"$4,326.00"
MD-1411,经典手表-11,CAT-12,SR-45,"1,879.00"
R-1412,经典水杯-12,CAT-1,SR-36,"1,600.00"
MD-1413,豪华手表-13,CAT-25,SR-39,1251
R-1414,智能手机壳-14,CAT-15,SR-71,2522
R-1415,经典台灯-15,CAT-26,SR-68,3242
R-1416,mini音箱-16,CAT-24,SR-47,2797
MD-1417,标准耳机-17,CAT-24,SR-52,"$1,536.00"
REF-1418,豪华音箱-18,CAT-1,SR-59,"1,731.00"
SKU1419,智能手机壳-19,CAT-12,SR-46,3453
SKU1420,经典音箱-20,CAT-22,SR-40,3812
REF-1421,标准台灯-21,CAT-9,SR-27,"$3,044.00"
SKU1422,标准耳机-22,CAT-18,SR-22,825
REF-1423,豪华键盘-23,CAT-10,SR-20,2779
SKU1424,豪华手机壳-24,CAT-25,SR-73,3987
MD-1425,智能手机壳-25,CAT-30,SR-25,"$1,033.00"
REF-1426,标准水杯-26,CAT-10,SR-6,$126.00
SKU1427,豪华台灯-27,CAT-12,SR-46,"$4,538.00"
R-1428,豪华键盘-28,CAT-14,SR-71,4282
REF-1429,经典耳机-29,CAT-25,SR-15,1793
REF-1430,豪华背包-30,CAT-4,SR-79,3973
SKU1431,智能手机壳-31,CAT-13,SR-1,"$1,352.00"
REF-1432,mini背包-32,CAT-1,SR-41,2118
SKU1433,mini音箱-33,CAT-5,SR-3,1160
REF-1434,便携耳机-34,CAT-26,SR-76,"4,317.00"
SKU1435,便携台灯-35,CAT-14,SR-4,2621
MD-1436,智能手机壳-36,CAT-27,SR-33,1648
REF-1437,便携水杯-37,CAT-18,SR-26,"1,942.00"
MD-1438,mini台灯-38,CAT-27,SR-64,4168
MD-1439,便携音箱-39,CAT-22,SR-49,"$4,559.00"
SKU1440,智能背包-40,CAT-10,SR-17,3049
SKU1441,经典音箱-41,CAT-22,SR-55,"1,497.00"
MD-1442,经典手表-42,CAT-15,SR-10,"3,815.00"
SKU1443,经典手机壳-43,CAT-2,SR-59,"2,769.00"
SKU1444,mini键盘-44,CAT-29,SR-3,"$3,409.00"
REF-1445,豪华手表-45,CAT-12,SR-16,3945
REF-1446,mini音箱-46,CAT-1,SR-2,179.00
SKU1447,标准音箱-47,CAT-26,SR-37,"$2,258.00"
R-1448,智能耳机-48,CAT-19,SR-32,"$2,015.00"
R-1449,豪华耳机-49,CAT-18,SR-15,1217
REF-1450,经典水杯-0,CAT-3,SR-16,2901
R-1451,豪华手机壳-1,CAT-25,SR-15,778.00
REF-1452,标准键盘-2,CAT-12,SR-55,"$3,105.00"
SKU1453,mini背包-3,CAT-10,SR-67,"$4,158.00"
REF-1454,mini背包-4,CAT-5,SR-58,1756
MD-1455,豪华背包-5,CAT-14,SR-36,3625
R-1456,mini键盘-6,CAT-17,SR-28,4255
MD-1457,智能手机壳-7,CAT-19,SR-66,3385
MD-1458,智能音箱-8,CAT-24,SR-53,"$2,035.00"
REF-1459,标准背包-9,CAT-10,SR-3,"$1,750.00"
MD-1460,便携台灯-10,CAT-12,SR-47,3944
MD-1461,经典台灯-11,CAT-20,SR-38,$142.00
SKU1462,便携手机壳-12,CAT-19,SR-62,3944
REF-1463,标准手机壳-13,CAT-22,SR-70,"$2,465.00"
REF-1464,便携耳机-14,CAT-5,SR-17,1176
SKU1465,豪华耳机-15,CAT-21,SR-37,360.00
SKU1466,智能背包-16,CAT-27,SR-77,2124
REF-1467,标准手机壳-17,CAT-18,SR-72,"4,734.00"
SKU1468,智能手表-18,CAT-30,SR-1,"4,632.00"
MD-1469,便携台灯-19,CAT-4,SR-15,"3,521.00"
REF-1470,豪华台灯-20,CAT-17,SR-5,"4,611.00"
R-1471,智能台灯-21,CAT-29,SR-74,"$4,009.00"
SKU1472,豪华手机壳-22,CAT-4,SR-35,"$3,216.00"
MD-1473,mini手机壳-23,CAT-12,SR-42,1350
REF-1474,豪华耳机-24,CAT-13,SR-25,"2,128.00"
R-1475,便携水杯-25,CAT-16,SR-73,3226
MD-1476,mini台灯-26,CAT-30,SR-13,"$1,433.00"
SKU1477,便携音箱-27,CAT-19,SR-14,2316
R-1478,豪华手表-28,CAT-10,SR-77,2435
REF-1479,便携手表-29,CAT-18,SR-5,372
R-1480,mini音箱-30,CAT-4,SR-39,922.00
SKU1481,豪华水杯-31,CAT-9,SR-14,1038
R-1482,豪华音箱-32,CAT-9,SR-69,"2,477.00"
REF-1483,便携台灯-33,CAT-19,SR-63,"$4,785.00"
SKU1484,mini手表-34,CAT-6,SR-19,501
REF-1485,便携音箱-35,CAT-2,SR-77,3783
SKU1486,经典耳机-36,CAT-23,SR-25,"2,046.00"
MD-1487,便携手机壳-37,CAT-10,SR-68,1252
SKU1488,便携手表-38,CAT-13,SR-46,"$3,473.00"
R-1489,便携台灯-39,CAT-20,SR-59,947
R-1490,mini背包-40,CAT-1,SR-59,1699
SKU1491,智能台灯-41,CAT-29,SR-17,$545.00
SKU1492,经典水杯-42,CAT-24,SR-56,3130
REF-1493,便携台灯-43,CAT-9,SR-9,4130
R-1494,便携键盘-44,CAT-13,SR-60,4810
MD-1495,便携背包-45,CAT-19,SR-25,3443
MD-1496,智能台灯-46,CAT-27,SR-5,816
MD-1497,智能手表-47,CAT-21,SR-26,"$3,480.00"
R-1498,标准耳机-48,CAT-26,SR-38,2756
SKU1499,经典手表-49,CAT-10,SR-27,2845
R-1500,智能背包-0,CAT-20,SR-79,427
MD-1501,标准耳机-1,CAT-6,SR-7,"4,528.00"
R-1502,豪华音箱-2,CAT-19,SR-66,"$3,907.00"
SKU1503,标准手表-3,CAT-16,SR-79,"4,207.00"
SKU1504,mini手机壳-4,CAT-2,SR-46,3368
R-1505,经典键盘-5,CAT-20,SR-48,4708
R-1506,便携音箱-6,CAT-29,SR-76,2769
SKU1507,经典台灯-7,CAT-2,SR-56,3083
R-1508,豪华音箱-8,CAT-4,SR-4,1404
REF-1509,经典耳机-9,CAT-10,SR-74,255.00
SKU1510,mini键盘-10,CAT-17,SR-57,"$3,674.00"
MD-1511,便携音箱-11,CAT-2,SR-6,$734.00
SKU1512,便携音箱-12,CAT-12,SR-41,246
R-1513,经典台灯-13,CAT-5,SR-42,"1,117.00"
REF-1514,便携耳机-14,CAT-14,SR-54,4690
REF-1515,mini手表-15,CAT-4,SR-62,"$4,692.00"
R-1516,经典水杯-16,CAT-16,SR-27,2734
SKU1517,经典手机壳-17,CAT-29,SR-73,1270
R-1518,便携水杯-18,CAT-23,SR-37,2758
R-1519,经典水杯-19,CAT-5,SR-30,"$3,989.00"
MD-1520,经典音箱-20,CAT-5,SR-9,2006
R-1521,便携台灯-21,CAT-14,SR-65,2326
R-1522,豪华耳机-22,CAT-22,SR-42,"1,127.00"
SKU1523,豪华台灯-23,CAT-1,SR-21,"$3,317.00"
REF-1524,便携台灯-24,CAT-10,SR-26,"4,515.00"
MD-1525,便携台灯-25,CAT-4,SR-10,567
SKU1526,mini手机壳-26,CAT-21,SR-12,"$2,763.00"
R-1527,豪华台灯-27,CAT-11,SR-74,584
R-1528,豪华键盘-28,CAT-19,SR-11,4605
MD-1529,便携手机壳-29,CAT-24,SR-12,3827
R-1530,智能手机壳-30,CAT-9,SR-43,2711
MD-1531,豪华音箱-31,CAT-16,SR-38,"3,565.00"
SKU1532,便携音箱-32,CAT-7,SR-11,"1,200.00"
MD-1533,豪华手表-33,CAT-19,SR-6,"$3,151.00"
R-1534,标准耳机-34,CAT-25,SR-19,"$4,919.00"
SKU1535,豪华耳机-35,CAT-4,SR-56,3419
SKU1536,豪华台灯-36,CAT-19,SR-38,2817
MD-1537,mini音箱-37,CAT-13,SR-55,904
SKU1538,智能背包-38,CAT-2,SR-19,2269
SKU1539,便携背包-39,CAT-28,SR-74,3059
MD-1540,豪华键盘-40,CAT-8,SR-36,"2,874.00"
REF-1541,标准水杯-41,CAT-26,SR-66,"$4,135.00"
SKU1542,标准音箱-42,CAT-18,SR-56,1268
MD-1543,豪华键盘-43,CAT-10,SR-55,185.00
MD-1544,豪华耳机-44,CAT-4,SR-69,"4,449.00"
REF-1545,便携键盘-45,CAT-29,SR-73,509
REF-1546,经典音箱-46,CAT-5,SR-17,964
MD-1547,智能键盘-47,CAT-25,SR-80,2960
MD-1548,便携水杯-48,CAT-28,SR-5,"4,679.00"
MD-1549,mini台灯-49,CAT-25,SR-27,3010
SKU1550,豪华音箱-0,CAT-1,SR-63,"3,474.00"
REF-1551,mini键盘-1,CAT-12,SR-13,1768
SKU1552,便携耳机-2,CAT-5,SR-76,2448
R-1553,mini水杯-3,CAT-22,SR-50,1306
MD-1554,智能台灯-4,CAT-28,SR-7,"4,799.00"
R-1555,标准耳机-5,CAT-5,SR-37,"$1,446.00"
REF-1556,经典水杯-6,CAT-6,SR-40,1463
MD-1557,豪华耳机-7,CAT-30,SR-40,"$1,880.00"
R-1558,便携音箱-8,CAT-30,SR-52,968
REF-1559,标准背包-9,CAT-19,SR-46,"2,588.00"
SKU1560,便携键盘-10,CAT-14,SR-79,"$4,746.00"
MD-1561,标准背包-11,CAT-30,SR-63,4645
REF-1562,经典手机壳-12,CAT-5,SR-53,"2,172.00"
R-1563,经典手机壳-13,CAT-18,SR-41,"3,558.00"
MD-1564,豪华水杯-14,CAT-4,SR-41,84
MD-1565,便携台灯-15,CAT-1,SR-71,4810
R-1566,豪华水杯-16,CAT-6,SR-74,4267
R-1567,mini手机壳-17,CAT-25,SR-66,1474
SKU1568,智能台灯-18,CAT-24,SR-46,4663
MD-1569,经典台灯-19,CAT-20,SR-36,1381
REF-1570,豪华手表-20,CAT-18,SR-55,1820
REF-1571,智能音箱-21,CAT-7,SR-73,"4,216.00"
SKU1572,豪华耳机-22,CAT-16,SR-22,460
MD-1573,便携键盘-23,CAT-23,SR-71,"$2,538.00"
SKU1574,便携台灯-24,CAT-12,SR-40,"3,969.00"
MD-1575,经典台灯-25,CAT-23,SR-54,"$4,353.00"
MD-1576,智能手机壳-26,CAT-22,SR-19,75
R-1577,经典水杯-27,CAT-13,SR-8,20
SKU1578,mini水杯-28,CAT-15,SR-35,$875.00
SKU1579,标准背包-29,CAT-7,SR-21,3474
REF-1580,智能耳机-30,CAT-12,SR-75,1920
MD-1581,智能耳机-31,CAT-6,SR-32,$605.00
R-1582,标准耳机-32,CAT-19,SR-7,"4,659.00"
R-1583,经典水杯-33,CAT-24,SR-39,445.00
R-1584,智能背包-34,CAT-18,SR-55,1633
REF-1585,标准手表-35,CAT-17,SR-48,3723
SKU1586,智能音箱-36,CAT-30,SR-43,"$2,099.00"
R-1587,智能背包-37,CAT-9,SR-62,"$2,298.00"
REF-1588,智能手表-38,CAT-13,SR-51,1533
SKU1589,豪华水杯-39,CAT-1,SR-54,2856
MD-1590,经典背包-40,CAT-27,SR-29,"$3,832.00"
MD-1591,标准台灯-41,CAT-30,SR-27,867
REF-1592,经典手表-42,CAT-6,SR-35,1501
REF-1593,经典台灯-43,CAT-21,SR-17,"3,847.00"
R-1594,mini台灯-44,CAT-14,SR-4,2604
SKU1595,经典耳机-45,CAT-23,SR-14,4356
REF-1596,豪华手机壳-46,CAT-14,SR-45,4237
MD-1597,标准键盘-47,CAT-30,SR-57,697
SKU1598,智能手机壳-48,CAT-30,SR-7,3470
REF-1599,豪华耳机-49,CAT-8,SR-57,"4,847.00"
REF-1600,mini音箱-0,CAT-15,SR-22,456
MD-1601,豪华手机壳-1,CAT-13,SR-15,3765
REF-1602,便携音箱-2,CAT-13,SR-75,4828
SKU1603,豪华背包-3,CAT-19,SR-20,"$3,843.00"
R-1604,经典台灯-4,CAT-9,SR-18,"1,728.00"
REF-1605,经典耳机-5,CAT-16,SR-41,2714
SKU1606,豪华耳机-6,CAT-27,SR-51,750.00
SKU1607,mini耳机-7,CAT-8,SR-59,"2,537.00"
R-1608,标准耳机-8,CAT-9,SR-1,298
MD-1609,智能耳机-9,CAT-30,SR-52,"2,987.00"
SKU1610,豪华手表-10,CAT-7,SR-67,"$4,925.00"
REF-1611,智能水杯-11,CAT-27,SR-30,4528
MD-1612,经典水杯-12,CAT-24,SR-80,4271
REF-1613,便携台灯-13,CAT-7,SR-49,"$2,310.00"
REF-1614,mini键盘-14,CAT-27,SR-19,155
R-1615,智能音箱-15,CAT-22,SR-65,"1,887.00"
REF-1616,标准水杯-16,CAT-9,SR-45,$830.00
MD-1617,豪华台灯-17,CAT-21,SR-9,2766
REF-1618,标准背包-18,CAT-4,SR-46,1381
R-1619,智能手机壳-19,CAT-21,SR-8,"$2,301.00"
R-1620,智能台灯-20,CAT-27,SR-4,"1,672.00"
REF-1621,标准手表-21,CAT-17,SR-30,533
R-1622,mini手表-22,CAT-3,SR-12,2736
REF-1623,标准手表-23,CAT-10,SR-24,"4,981.00"
MD-1624,经典键盘-24,CAT-13,SR-73,1937
R-1625,mini手表-25,CAT-9,SR-76,"2,329.00"
SKU1626,豪华台灯-26,CAT-7,SR-47,263
R-1627,经典手机壳-27,CAT-20,SR-66,"$1,954.00"
SKU1628,便携背包-28,CAT-15,SR-36,"$4,849.00"
R-1629,mini耳机-29,CAT-15,SR-27,1370
REF-1630,mini键盘-30,CAT-5,SR-66,"$3,688.00"
MD-1631,mini水杯-31,CAT-16,SR-14,$570.00
REF-1632,标准键盘-32,CAT-3,SR-48,$215.00
MD-1633,mini键盘-33,CAT-7,SR-21,"$4,673.00"
R-1634,标准背包-34,CAT-29,SR-74,1461
REF-1635,经典耳机-35,CAT-18,SR-74,"2,116.00"
R-1636,便携台灯-36,CAT-2,SR-14,3344
R-1637,mini手表-37,CAT-12,SR-8,3481
SKU1638,标准水杯-38,CAT-24,SR-6,"$4,393.00"
REF-1639,智能台灯-39,CAT-26,SR-11,4760
R-1640,智能台灯-40,CAT-11,SR-13,2413
MD-1641,标准音箱-41,CAT-20,SR-63,"$2,692.00"
SKU1642,标准音箱-42,CAT-29,SR-31,"$4,475.00"
SKU1643,便携台灯-43,CAT-5,SR-65,38
REF-1644,智能音箱-44,CAT-30,SR-1,3144
REF-1645,标准音箱-45,CAT-25,SR-71,"$4,575.00"
SKU1646,豪华台灯-46,CAT-18,SR-20,1801
MD-1647,智能耳机-47,CAT-7,SR-22,$740.00
SKU1648,豪华音箱-48,CAT-3,SR-49,"$4,654.00"
SKU1649,豪华耳机-49,CAT-30,SR-20,4776
MD-1650,经典台灯-0,CAT-3,SR-74,"$4,085.00"
MD-1651,便携键盘-1,CAT-13,SR-69,"$4,954.00"
SKU1652,豪华水杯-2,CAT-11,SR-45,"$3,796.00"
R-1653,豪华耳机-3,CAT-28,SR-27,"$3,921.00"
SKU1654,便携音箱-4,CAT-23,SR-27,3234
SKU1655,豪华手表-5,CAT-11,SR-6,"3,592.00"
SKU1656,豪华水杯-6,CAT-4,SR-77,"$1,626.00"
R-1657,标准手表-7,CAT-5,SR-11,297
MD-1658,豪华台灯-8,CAT-13,SR-73,$742.00
R-1659,豪华水杯-9,CAT-7,SR-19,"4,354.00"
REF-1660,标准背包-10,CAT-12,SR-22,"$1,359.00"
R-1661,豪华手机壳-11,CAT-3,SR-78,$246.00
MD-1662,mini手表-12,CAT-16,SR-4,"$2,062.00"
REF-1663,经典耳机-13,CAT-13,SR-27,1745
REF-1664,mini台灯-14,CAT-16,SR-78,276
REF-1665,智能键盘-15,CAT-25,SR-59,4506
MD-1666,标准背包-16,CAT-9,SR-17,757
R-1667,经典背包-17,CAT-17,SR-58,1582
REF-1668,经典背包-18,CAT-17,SR-22,99.00
MD-1669,mini耳机-19,CAT-13,SR-51,3420
MD-1670,便携手机壳-20,CAT-8,SR-50,$942.00
REF-1671,标准背包-21,CAT-4,SR-76,502
REF-1672,经典水杯-22,CAT-13,SR-19,1004
R-1673,mini手机壳-23,CAT-6,SR-12,"1,695.00"
R-1674,经典耳机-24,CAT-2,SR-44,"4,223.00"
R-1675,智能手机壳-25,CAT-26,SR-13,1303
R-1676,便携耳机-26,CAT-6,SR-53,"$4,039.00"
REF-1677,标准音箱-27,CAT-11,SR-69,"$4,689.00"
REF-1678,经典键盘-28,CAT-14,SR-5,3436
MD-1679,标准台灯-29,CAT-23,SR-27,2491
SKU1680,标准背包-30,CAT-4,SR-24,$826.00
MD-1681,智能背包-31,CAT-25,SR-38,1359
SKU1682,标准键盘-32,CAT-1,SR-62,2971
R-1683,经典水杯-33,CAT-29,SR-66,"2,278.00"
REF-1684,标准台灯-34,CAT-8,SR-18,"$1,719.00"
MD-1685,mini台灯-35,CAT-12,SR-28,"$4,177.00"
MD-1686,标准键盘-36,CAT-19,SR-66,3927
REF-1687,便携耳机-37,CAT-21,SR-32,"$3,170.00"
REF-1688,mini键盘-38,CAT-14,SR-68,784
REF-1689,mini台灯-39,CAT-26,SR-5,1163
R-1690,便携手机壳-40,CAT-24,SR-17,4312
R-1691,mini音箱-41,CAT-3,SR-17,"$1,064.00"
R-1692,mini手表-42,CAT-9,SR-42,325
MD-1693,mini水杯-43,CAT-21,SR-9,4548
REF-1694,mini水杯-44,CAT-17,SR-70,4518
R-1695,豪华水杯-45,CAT-3,SR-51,"2,246.00"
R-1696,豪华水杯-46,CAT-26,SR-24,"3,980.00"
REF-1697,经典台灯-47,CAT-18,SR-55,1622
R-1698,经典水杯-48,CAT-9,SR-57,648
MD-1699,便携耳机-49,CAT-15,SR-30,"$3,993.00"
MD-1700,mini手机壳-0,CAT-5,SR-33,4827
R-1701,智能手机壳-1,CAT-26,SR-38,1559
SKU1702,便携背包-2,CAT-22,SR-38,"4,479.00"
MD-1703,标准键盘-3,CAT-14,SR-28,2683
R-1704,智能手表-4,CAT-25,SR-38,1183
SKU1705,标准耳机-5,CAT-5,SR-41,4165
MD-1706,mini台灯-6,CAT-16,SR-12,4376
R-1707,标准音箱-7,CAT-6,SR-21,4033
MD-1708,mini手表-8,CAT-20,SR-49,"$4,654.00"
SKU1709,标准背包-9,CAT-28,SR-12,"2,992.00"
SKU1710,豪华手机壳-10,CAT-30,SR-49,$203.00
MD-1711,标准手表-11,CAT-3,SR-35,4997
MD-1712,经典耳机-12,CAT-22,SR-42,807.00
REF-1713,豪华音箱-13,CAT-7,SR-77,"$1,474.00"
REF-1714,经典手机壳-14,CAT-11,SR-3,1942
REF-1715,便携耳机-15,CAT-13,SR-68,$416.00
REF-1716,便携耳机-16,CAT-18,SR-12,4855
SKU1717,便携手机壳-17,CAT-24,SR-76,"$3,928.00"
R-1718,智能背包-18,CAT-27,SR-34,3105
REF-1719,经典音箱-19,CAT-16,SR-26,829
R-1720,标准水杯-20,CAT-29,SR-72,"4,096.00"
R-1721,便携手机壳-21,CAT-1,SR-70,"3,653.00"
SKU1722,豪华键盘-22,CAT-30,SR-69,1579
R-1723,经典水杯-23,CAT-6,SR-35,"4,829.00"
MD-1724,豪华手机壳-24,CAT-19,SR-49,389
R-1725,便携背包-25,CAT-24,SR-36,3445
REF-1726,便携台灯-26,CAT-10,SR-71,"$3,287.00"
REF-1727,经典音箱-27,CAT-16,SR-56,649
SKU1728,智能台灯-28,CAT-13,SR-16,1602
REF-1729,标准手机壳-29,CAT-5,SR-8,858
R-1730,mini音箱-30,CAT-8,SR-79,"4,374.00"
MD-1731,智能背包-31,CAT-14,SR-64,2122
MD-1732,标准水杯-32,CAT-6,SR-6,"$2,859.00"
R-1733,便携键盘-33,CAT-27,SR-14,"$2,415.00"
R-1734,便携背包-34,CAT-28,SR-62,"$2,828.00"
R-1735,智能手表-35,CAT-12,SR-16,"1,083.00"
MD-1736,智能手表-36,CAT-9,SR-79,559.00
REF-1737,经典耳机-37,CAT-21,SR-22,4276
R-1738,mini音箱-38,CAT-7,SR-16,"4,731.00"
R-1739,智能背包-39,CAT-28,SR-28,3110
SKU1740,便携台灯-40,CAT-9,SR-52,"$1,460.00"
MD-1741,经典手表-41,CAT-12,SR-36,2331
SKU1742,标准台灯-42,CAT-24,SR-21,847.00
R-1743,豪华键盘-43,CAT-30,SR-80,"$2,660.00"
REF-1744,经典耳机-44,CAT-21,SR-37,2826
REF-1745,便携手机壳-45,CAT-13,SR-74,"$2,172.00"
REF-1746,mini键盘-46,CAT-2,SR-33,"$2,042.00"
MD-1747,智能键盘-47,CAT-8,SR-1,"4,015.00"
R-1748,智能耳机-48,CAT-14,SR-46,955
SKU1749,经典水杯-49,CAT-21,SR-45,"4,051.00"
MD-1750,豪华手表-0,CAT-27,SR-62,961.00
R-1751,mini耳机-1,CAT-30,SR-63,3872
SKU1752,标准音箱-2,CAT-16,SR-29,"2,105.00"
R-1753,标准手机壳-3,CAT-7,SR-3,"1,929.00"
R-1754,经典台灯-4,CAT-4,SR-46,2175
REF-1755,便携手表-5,CAT-7,SR-31,4586
SKU1756,标准手机壳-6,CAT-13,SR-1,"3,541.00"
R-1757,便携耳机-7,CAT-23,SR-16,"$2,039.00"
R-1758,经典台灯-8,CAT-24,SR-72,"$4,613.00"
SKU1759,mini键盘-9,CAT-18,SR-52,1358
SKU1760,便携水杯-10,CAT-4,SR-26,1779
SKU1761,便携台灯-11,CAT-1,SR-48,3844
MD-1762,豪华耳机-12,CAT-2,SR-33,323.00
SKU1763,便携耳机-13,CAT-8,SR-25,"$2,130.00"
REF-1764,智能耳机-14,CAT-11,SR-45,"$1,056.00"
R-1765,智能台灯-15,CAT-29,SR-58,$669.00
REF-1766,豪华手机壳-16,CAT-15,SR-69,"$2,023.00"
R-1767,智能键盘-17,CAT-1,SR-65,$447.00
REF-1768,mini耳机-18,CAT-7,SR-20,"$2,824.00"
R-1769,便携背包-19,CAT-6,SR-6,"4,683.00"
REF-1770,豪华音箱-20,CAT-26,SR-16,$72.00
MD-1771,豪华键盘-21,CAT-14,SR-61,1776
SKU1772,经典手表-22,CAT-28,SR-8,$656.00
SKU1773,标准键盘-23,CAT-2,SR-25,"$4,655.00"
MD-1774,智能耳机-24,CAT-11,SR-19,2745
SKU1775,豪华耳机-25,CAT-9,SR-80,2101
SKU1776,豪华台灯-26,CAT-13,SR-26,"$3,198.00"
REF-1777,便携水杯-27,CAT-4,SR-10,"$4,600.00"
REF-1778,豪华音箱-28,CAT-7,SR-21,4665
MD-1779,智能手表-29,CAT-15,SR-35,1483
MD-1780,经典耳机-30,CAT-11,SR-8,2381
SKU1781,mini耳机-31,CAT-12,SR-46,"$3,492.00"
R-1782,标准耳机-32,CAT-25,SR-60,3412
REF-1783,mini台灯-33,CAT-4,SR-6,2562
MD-1784,便携水杯-34,CAT-17,SR-71,"$1,216.00"
MD-1785,智能手表-35,CAT-18,SR-73,1678
SKU1786,豪华手机壳-36,CAT-27,SR-34,4547
REF-1787,豪华手机壳-37,CAT-7,SR-45,"$1,132.00"
R-1788,豪华手表-38,CAT-7,SR-49,1057
SKU1789,经典台灯-39,CAT-1,SR-7,2477
R-1790,便携台灯-40,CAT-23,SR-73,3566
R-1791,mini背包-41,CAT-2,SR-56,"$1,353.00"
MD-1792,标准键盘-42,CAT-11,SR-14,620.00
REF-1793,经典耳机-43,CAT-13,SR-28,1344
R-1794,经典耳机-44,CAT-27,SR-21,903
R-1795,标准手表-45,CAT-23,SR-9,4929
REF-1796,标准水杯-46,CAT-28,SR-41,"$2,424.00"
REF-1797,mini键盘-47,CAT-29,SR-76,"$1,422.00"
REF-1798,标准手机壳-48,CAT-16,SR-45,41
R-1799,豪华背包-49,CAT-10,SR-19,"$4,361.00"
