return_id,order_id,product_id,return_date,reason,refund_amount
RT-1,ORD-5071,MD-1679,2025-02-21,尺寸不符,2896
RT-2,ORD-9714,SKU1231,2026-09-02,质量问题,4028
RT-3,ORD-7533,SKU1445,08/16/2024,尺寸不符,2090
RT-4,ORD-9359,R-1590,2025-06-28,发错货,842
RT-5,ORD-2506,R-1078,12/11/2026,质量问题,4523
RT-6,ORD-2294,R-1752,2024-12-03,破损,2185
RT-7,ORD-10211,REF-1102,2025-09-14,质量问题,"$1,928.00"
RT-8,ORD-4145,REF-1608,2026-10-24,不喜欢,3951
RT-9,ORD-7637,MD-1707,2024-02-23,破损,"3 134,00"
RT-10,ORD-14236,REF-1096,07/06/2025,质量问题,4822
RT-11,ORD-6579,MD-1692,09/05/2026,不喜欢,$346.00
RT-12,ORD-14815,REF-1531,2026-09-27,不喜欢,944
RT-13,ORD-13077,R-1731,2025-01-18,质量问题,"2 547,00"
RT-14,ORD-4125,MD-1616,11/16/2026,不喜欢,569
RT-15,ORD-8541,R-1019,12-05-2024,质量问题,3955
RT-16,ORD-6703,MD-1299,2024-09-01,尺寸不符,"$2,117.00"
RT-17,ORD-4958,MD-1246,2024-09-05,破损,"3 079,00"
RT-18,ORD-13119,REF-1344,2025-11-19,破损,"$4,301.00"
RT-19,ORD-4202,R-1446,2024-05-12,质量问题,"$3,413.00"
RT-20,ORD-6196,SKU1426,2024-07-18,质量问题,588
RT-21,ORD-8018,REF-1781,08/26/2026,破损,4025
RT-22,ORD-9495,R-1567,2024-01-12,尺寸不符,3973
RT-23,ORD-11866,MD-1492,2026-10-19,质量问题,3229
RT-24,ORD-12364,SKU1040,02/13/2024,质量问题,3435
RT-25,ORD-3005,REF-1195,2026-06-10,发错货,687
RT-26,ORD-8295,MD-1471,2025-03-01,尺寸不符,"4 760,00"
RT-27,ORD-3473,MD-1169,07/20/2025,质量问题,4717
RT-28,ORD-3392,R-1660,2025-07-23,发错货,4445
RT-29,ORD-2594,REF-1727,2024-10-17,质量问题,$616.00
RT-30,ORD-8525,MD-1380,2026-12-03,尺寸不符,4525
RT-31,ORD-8869,R-1586,2025-01-01,尺寸不符,1311
RT-32,ORD-13291,R-1749,10-09-2025,发错货,2227
RT-33,ORD-7849,MD-1729,01/25/2024,尺寸不符,"$2,860.00"
RT-34,ORD-720,MD-1553,06/19/2025,不喜欢,"697,00"
RT-35,ORD-675,REF-1083,12/26/2025,质量问题,1460
RT-36,ORD-9883,R-1388,2026-04-28,发错货,719
RT-37,ORD-6787,R-1770,2025-07-17,不喜欢,1721
RT-38,ORD-8678,REF-1785,2025-03-05,发错货,"4 219,00"
RT-39,ORD-4379,SKU1128,09/15/2024,质量问题,2103
RT-40,ORD-5515,MD-1716,2025-01-23,质量问题,1295
RT-41,ORD-10211,R-1430,2024-08-22,不喜欢,1314
RT-42,ORD-14954,REF-1292,2025-09-17,发错货,"$2,255.00"
RT-43,ORD-5511,REF-1045,04/22/2026,破损,272
RT-44,ORD-9870,REF-1414,03/19/2024,质量问题,$395.00
RT-45,ORD-10492,R-1019,08-05-2026,破损,3301
RT-46,ORD-8546,MD-1304,27-09-2025,破损,699
RT-47,ORD-2050,SKU1778,2026-05-07,发错货,1407
RT-48,ORD-987,R-1016,2026-03-03,尺寸不符,695
RT-49,ORD-5775,SKU1778,2025-05-17,发错货,3791
RT-50,ORD-2493,REF-1483,2026-12-21,不喜欢,"$4,248.00"
RT-51,ORD-4215,R-1027,05-01-2025,发错货,473
RT-52,ORD-9329,SKU1070,12/23/2024,发错货,4721
RT-53,ORD-13911,MD-1212,09/17/2026,不喜欢,238
RT-54,ORD-13473,MD-1007,2024-06-22,破损,3506
RT-55,ORD-3573,R-1328,2026-10-20,发错货,4457
RT-56,ORD-10731,REF-1747,01-10-2026,发错货,4436
RT-57,ORD-12406,MD-1492,09/04/2026,发错货,"$2,092.00"
RT-58,ORD-11138,SKU1453,06/23/2025,发错货,4065
RT-59,ORD-3981,REF-1313,09/23/2024,尺寸不符,4728
RT-60,ORD-7251,R-1293,06/26/2024,不喜欢,3 373
RT-61,ORD-1712,SKU1735,05/18/2024,破损,4692
RT-62,ORD-5290,R-1518,2025-06-01,破损,3 077
RT-63,ORD-4292,MD-1493,2025-06-18,破损,3300
RT-64,ORD-13631,R-1748,12-03-2026,尺寸不符,"$1,025.00"
RT-65,ORD-4504,REF-1622,2026-04-04,发错货,4 715
RT-66,ORD-6547,REF-1414,2025-01-21,发错货,"$2,453.00"
RT-67,ORD-8355,REF-1057,2025-03-02,破损,3 195
RT-68,ORD-798,MD-1686,17-04-2025,质量问题,2476
RT-69,ORD-2010,R-1678,2026-08-26,质量问题,"$3,006.00"
RT-70,ORD-6681,R-1312,21-10-2024,质量问题,"$1,051.00"
RT-71,ORD-705,R-1518,2026-08-08,不喜欢,3337
RT-72,ORD-8798,REF-1269,2026-10-01,不喜欢,2955
RT-73,ORD-971,SKU1114,10-08-2025,发错货,628
RT-74,ORD-4149,MD-1485,08/05/2026,质量问题,4241
RT-75,ORD-13801,MD-1390,11/14/2025,质量问题,"$3,305.00"
RT-76,ORD-3735,R-1476,03/13/2025,发错货,"$2,923.00"
RT-77,ORD-14297,R-1521,2026-08-13,尺寸不符,2731
RT-78,ORD-6127,SKU1451,02/06/2024,破损,1718
RT-79,ORD-14898,SKU1691,2026-02-28,尺寸不符,439
RT-80,ORD-2293,MD-1502,10-02-2025,质量问题,1954
RT-81,ORD-12293,R-1641,01/17/2024,不喜欢,"$2,116.00"
RT-82,ORD-13972,REF-1400,2025-01-08,质量问题,1438
RT-83,ORD-11039,REF-1540,2024-06-25,质量问题,$70.00
RT-84,ORD-3488,R-1520,2024-01-27,不喜欢,3772
RT-85,ORD-6515,SKU1341,08-05-2025,质量问题,"$1,448.00"
RT-86,ORD-3718,SKU1704,15-08-2026,尺寸不符,3414
RT-87,ORD-12285,R-1320,2025-10-15,质量问题,1455
RT-88,ORD-2870,R-1562,2025-11-24,破损,1817
RT-89,ORD-7615,R-1760,10/02/2024,不喜欢,862
RT-90,ORD-5085,R-1565,2025-06-09,破损,"4 138,00"
RT-91,ORD-13975,R-1388,2025-12-07,发错货,2840
RT-92,ORD-3062,MD-1043,12/17/2026,尺寸不符,"$1,895.00"
RT-93,ORD-3374,R-1295,2024-01-09,破损,"4 607,00"
RT-94,ORD-3472,MD-1080,16-01-2025,质量问题,1649
RT-95,ORD-8849,REF-1331,05/22/2026,破损,2 506
RT-96,ORD-12702,MD-1522,2024-11-12,发错货,4667
RT-97,ORD-8381,SKU1594,04/20/2025,不喜欢,"$4,306.00"
RT-98,ORD-12664,SKU1148,13-03-2026,不喜欢,2364
RT-99,ORD-10452,R-1680,2024-11-21,尺寸不符,1572
RT-100,ORD-9422,REF-1684,01/04/2026,质量问题,532
RT-101,ORD-9258,SKU1281,2024-02-03,质量问题,$731.00
RT-102,ORD-6861,MD-1041,14-11-2024,不喜欢,1115
RT-103,ORD-11184,SKU1342,2026-06-04,尺寸不符,3670
RT-104,ORD-14101,SKU1673,01/04/2026,破损,4516
RT-105,ORD-10596,REF-1685,04-02-2025,不喜欢,2157
RT-106,ORD-7846,REF-1661,09/19/2024,质量问题,"$1,693.00"
RT-107,ORD-11932,MD-1127,12/26/2024,不喜欢,"$3,015.00"
RT-108,ORD-6435,SKU1742,05/04/2025,不喜欢,"1 429,00"
RT-109,ORD-4443,MD-1225,2025-11-26,破损,1694
RT-110,ORD-151,MD-1417,2024-01-22,破损,2072
RT-111,ORD-380,R-1274,2025-02-12,尺寸不符,319
RT-112,ORD-9376,MD-1447,03/20/2026,发错货,"$1,684.00"
RT-113,ORD-10712,REF-1536,23-12-2026,发错货,1153
RT-114,ORD-6570,SKU1332,2024-07-28,质量问题,408
RT-115,ORD-454,REF-1012,06/20/2025,不喜欢,"$1,742.00"
RT-116,ORD-5900,SKU1671,2026-03-12,不喜欢,3 040
RT-117,ORD-9004,REF-1286,2025-05-24,发错货,"$4,850.00"
RT-118,ORD-9155,MD-1191,2025-09-04,不喜欢,2170
RT-119,ORD-9097,SKU1506,11/11/2025,不喜欢,"180,00"
RT-120,ORD-4825,SKU1704,05/03/2024,发错货,4815
RT-121,ORD-12796,REF-1644,2025-12-05,不喜欢,4142
RT-122,ORD-1533,MD-1458,19-09-2026,不喜欢,752
RT-123,ORD-148,R-1425,2025-06-07,发错货,$792.00
RT-124,ORD-2482,R-1013,2026-09-26,发错货,"$1,384.00"
RT-125,ORD-3987,SKU1144,2024-06-04,发错货,3751
RT-126,ORD-1448,R-1710,2024-03-14,发错货,202
RT-127,ORD-12749,SKU1423,2024-12-08,破损,"$3,687.00"
RT-128,ORD-2659,R-1752,13-01-2026,破损,"$2,906.00"
RT-129,ORD-3889,MD-1196,2026-06-18,尺寸不符,4201
RT-130,ORD-1232,MD-1122,09-12-2024,质量问题,1518
RT-131,ORD-3836,R-1422,06/08/2026,尺寸不符,"$1,462.00"
RT-132,ORD-14076,R-1748,2026-04-14,不喜欢,$64.00
RT-133,ORD-9196,MD-1197,07/26/2026,质量问题,209
RT-134,ORD-1534,REF-1103,2024-10-04,质量问题,$56.00
RT-135,ORD-8165,MD-1442,06/21/2024,不喜欢,3 151
RT-136,ORD-10182,REF-1244,2026-01-02,质量问题,979
RT-137,ORD-14739,SKU1254,02/14/2026,尺寸不符,2910
RT-138,ORD-5852,SKU1010,2026-10-08,不喜欢,4296
RT-139,ORD-2851,MD-1659,2024-03-15,不喜欢,"$2,181.00"
RT-140,ORD-7231,MD-1143,2024-10-21,质量问题,"$3,757.00"
RT-141,ORD-6971,REF-1021,2026-04-15,发错货,135
RT-142,ORD-3060,REF-1171,05/19/2026,不喜欢,1520
RT-143,ORD-3559,R-1110,06/25/2026,尺寸不符,3300
RT-144,ORD-9427,SKU1477,09/17/2025,尺寸不符,1773
RT-145,ORD-8140,MD-1174,11/18/2025,质量问题,"$4,581.00"
RT-146,ORD-13973,R-1443,15-08-2026,质量问题,"$1,897.00"
RT-147,ORD-10706,R-1027,2026-05-25,不喜欢,3245
RT-148,ORD-9888,REF-1219,2024-12-20,发错货,1 752
RT-149,ORD-1546,SKU1462,2026-03-10,发错货,3181
RT-150,ORD-5160,MD-1792,12/09/2024,不喜欢,"$4,486.00"
RT-151,ORD-3444,R-1025,2024-01-22,破损,1915
RT-152,ORD-13429,MD-1023,05/05/2024,破损,3922
RT-153,ORD-11615,SKU1722,02/06/2026,质量问题,"$1,108.00"
RT-154,ORD-427,REF-1541,2024-08-02,尺寸不符,2685
RT-155,ORD-631,SKU1183,2026-05-05,质量问题,3270
RT-156,ORD-1848,REF-1511,08-03-2026,尺寸不符,"$2,605.00"
RT-157,ORD-694,R-1678,2024-12-16,尺寸不符,173
RT-158,ORD-9098,R-1700,2024-12-11,发错货,4836
RT-159,ORD-14415,SKU1658,06/20/2025,不喜欢,1025
RT-160,ORD-4271,SKU1029,2024-06-08,破损,2849
RT-161,ORD-6400,R-1315,04/25/2024,发错货,"$3,001.00"
RT-162,ORD-12693,R-1730,2026-03-17,发错货,"$1,045.00"
RT-163,ORD-12729,R-1159,2024-04-09,发错货,"$2,065.00"
RT-164,ORD-2323,SKU1260,2025-02-04,破损,"$1,885.00"
RT-165,ORD-8946,MD-1240,06-11-2026,发错货,3 240
RT-166,ORD-6121,MD-1561,22-04-2025,破损,325
RT-167,ORD-4207,R-1680,2025-10-23,尺寸不符,"$1,386.00"
RT-168,ORD-12032,R-1328,2026-04-22,发错货,1729
RT-169,ORD-9745,SKU1693,2024-02-21,质量问题,579
RT-170,ORD-4746,R-1120,2025-04-20,质量问题,"$1,596.00"
RT-171,ORD-2802,MD-1086,01/12/2025,破损,"$4,283.00"
RT-172,ORD-12659,SKU1402,11/20/2026,不喜欢,1441
RT-173,ORD-1825,MD-1143,10/07/2024,质量问题,"3 891,00"
RT-174,ORD-4325,SKU1100,2025-03-03,破损,3472
RT-175,ORD-5443,MD-1225,2025-11-10,发错货,"$1,544.00"
RT-176,ORD-5204,SKU1656,2024-11-16,发错货,"3 016,00"
RT-177,ORD-7784,R-1667,2024-04-10,破损,$760.00
RT-178,ORD-3875,REF-1311,09/24/2024,尺寸不符,"$1,648.00"
RT-179,ORD-906,MD-1392,08/16/2026,质量问题,866
RT-180,ORD-1163,MD-1542,2024-04-06,不喜欢,4725
RT-181,ORD-9267,SKU1649,26-02-2025,尺寸不符,3167
RT-182,ORD-7274,MD-1366,2026-08-09,不喜欢,"728,00"
RT-183,ORD-5613,MD-1030,02/07/2026,尺寸不符,2619
RT-184,ORD-8767,REF-1715,2026-08-04,破损,"2 804,00"
RT-185,ORD-13601,MD-1732,2026-05-12,不喜欢,"$4,939.00"
RT-186,ORD-14375,MD-1679,26-05-2024,破损,768
RT-187,ORD-12164,REF-1734,01-01-2026,不喜欢,3834
RT-188,ORD-4163,REF-1672,06/22/2024,破损,3147
RT-189,ORD-4380,MD-1548,2026-02-25,破损,1971
RT-190,ORD-1514,MD-1502,06/10/2025,不喜欢,"$2,779.00"
RT-191,ORD-13426,R-1203,05/01/2026,质量问题,"$1,283.00"
RT-192,ORD-4808,MD-1196,2024-08-16,质量问题,3818
RT-193,ORD-6414,REF-1393,2025-11-06,不喜欢,"$2,379.00"
RT-194,ORD-10050,REF-1611,2025-06-07,发错货,1232
RT-195,ORD-3429,R-1518,15-12-2024,质量问题,2808
RT-196,ORD-3302,MD-1282,2024-01-01,不喜欢,3260
RT-197,ORD-11422,REF-1734,26-06-2026,发错货,3361
RT-198,ORD-9598,MD-1392,2024-12-13,破损,2 617
RT-199,ORD-8389,MD-1596,03-05-2025,质量问题,3331
RT-200,ORD-5134,REF-1785,2024-08-11,质量问题,1222
RT-201,ORD-9626,R-1157,01-06-2026,发错货,"$2,429.00"
RT-202,ORD-4270,REF-1221,2024-07-11,不喜欢,1125
RT-203,ORD-6411,REF-1696,10/02/2026,尺寸不符,"350,00"
RT-204,ORD-2523,MD-1168,2024-02-26,发错货,4756
RT-205,ORD-14034,R-1078,25-06-2025,不喜欢,3 425
RT-206,ORD-11676,R-1631,11/03/2024,尺寸不符,"$1,347.00"
RT-207,ORD-12345,R-1441,09/18/2026,发错货,103
RT-208,ORD-9961,REF-1373,2026-05-27,破损,"$2,256.00"
RT-209,ORD-6597,MD-1558,12/13/2025,尺寸不符,1461
RT-210,ORD-13695,MD-1524,2026-09-02,发错货,289
RT-211,ORD-10803,MD-1717,2025-03-11,破损,2114
RT-212,ORD-7383,MD-1442,07/11/2026,发错货,"$1,860.00"
RT-213,ORD-8715,REF-1266,12-09-2024,不喜欢,2491
RT-214,ORD-10591,MD-1613,2025-10-07,尺寸不符,$124.00
RT-215,ORD-9432,MD-1362,2025-04-19,破损,781
RT-216,ORD-7673,SKU1342,03/18/2025,质量问题,419
RT-217,ORD-14135,SKU1318,2025-07-19,尺寸不符,"$4,374.00"
RT-218,ORD-3096,MD-1553,2024-10-10,质量问题,$598.00
RT-219,ORD-14745,SKU1718,01/06/2025,破损,3 137
RT-220,ORD-8884,R-1328,2026-04-24,发错货,230
RT-221,ORD-14261,SKU1480,03/13/2025,破损,4158
RT-222,ORD-6390,R-1252,02/02/2025,不喜欢,4 337
RT-223,ORD-705,REF-1263,2026-12-19,不喜欢,$463.00
RT-224,ORD-4769,SKU1580,26-01-2025,破损,3308
RT-225,ORD-8587,MD-1030,05/11/2024,质量问题,"$2,423.00"
RT-226,ORD-8813,R-1698,2025-12-06,质量问题,229
RT-227,ORD-10340,REF-1531,14-08-2024,尺寸不符,3 866
RT-228,ORD-3248,REF-1560,2025-02-28,尺寸不符,"$1,468.00"
RT-229,ORD-7239,SKU1242,2024-09-02,尺寸不符,2565
RT-230,ORD-3314,MD-1065,05-09-2024,发错货,"$4,638.00"
RT-231,ORD-9436,SKU1059,2025-06-26,质量问题,4 607
RT-232,ORD-6168,MD-1052,02/15/2025,破损,3581
RT-233,ORD-9364,REF-1655,05-12-2024,不喜欢,"$4,118.00"
RT-234,ORD-13394,R-1584,06/21/2025,破损,"1 571,00"
RT-235,ORD-4604,REF-1161,27-06-2024,不喜欢,$256.00
RT-236,ORD-4730,REF-1005,02/17/2026,发错货,2350
RT-237,ORD-14823,R-1630,01-09-2024,不喜欢,4912
RT-238,ORD-516,MD-1270,11-05-2024,质量问题,"1 482,00"
RT-239,ORD-11053,MD-1689,07-05-2025,尺寸不符,"$3,436.00"
RT-240,ORD-5065,REF-1382,09-06-2025,质量问题,2582
RT-241,ORD-13184,SKU1742,01/05/2026,发错货,3044
RT-242,ORD-134,REF-1185,04/10/2025,破损,1078
RT-243,ORD-4139,REF-1028,2025-12-17,尺寸不符,"770,00"
RT-244,ORD-993,SKU1456,2025-05-27,发错货,4012
RT-245,ORD-7943,SKU1356,03/15/2026,质量问题,"$2,627.00"
RT-246,ORD-6906,REF-1576,05/11/2025,不喜欢,2 747
RT-247,ORD-3396,REF-1429,2025-10-10,不喜欢,"4 495,00"
RT-248,ORD-1421,MD-1064,2024-10-15,尺寸不符,1206
RT-249,ORD-7805,REF-1429,26-11-2025,发错货,3235
RT-250,ORD-11221,SKU1153,02-07-2026,不喜欢,"$1,898.00"
RT-251,ORD-7733,R-1129,05/10/2024,破损,"2 952,00"
RT-252,ORD-9634,SKU1329,10/13/2025,破损,4985
RT-253,ORD-9261,MD-1210,2025-04-22,发错货,"$4,039.00"
RT-254,ORD-8342,SKU1342,2026-10-24,质量问题,2276
RT-255,ORD-10100,SKU1280,2024-10-23,发错货,2584
RT-256,ORD-6112,SKU1484,2025-02-05,破损,3889
RT-257,ORD-9597,MD-1702,2024-12-17,质量问题,3206
RT-258,ORD-10259,R-1725,2025-12-28,不喜欢,905
RT-259,ORD-10718,SKU1395,2024-03-07,破损,2520
RT-260,ORD-6199,R-1203,04-01-2024,尺寸不符,"$3,502.00"
RT-261,ORD-14491,SKU1384,28-12-2025,破损,4132
RT-262,ORD-124,SKU1060,2026-07-19,不喜欢,2 247
RT-263,ORD-9506,MD-1471,2026-08-04,不喜欢,531
RT-264,ORD-13091,SKU1677,2025-05-14,尺寸不符,1674
RT-265,ORD-2102,REF-1354,22-01-2024,发错货,460
RT-266,ORD-4811,MD-1524,08/03/2025,尺寸不符,$814.00
RT-267,ORD-12049,REF-1121,05-11-2024,破损,"$1,691.00"
RT-268,ORD-359,REF-1140,09/11/2025,破损,3 577
RT-269,ORD-2065,R-1630,2025-06-07,尺寸不符,529
RT-270,ORD-8686,REF-1507,10/23/2024,质量问题,812
RT-271,ORD-2148,MD-1524,2024-10-28,破损,"4 808,00"
RT-272,ORD-8607,MD-1681,2026-06-12,不喜欢,4808
RT-273,ORD-8684,MD-1539,2024-03-23,质量问题,$225.00
RT-274,ORD-590,SKU1555,07-06-2024,尺寸不符,2722
RT-275,ORD-4951,SKU1402,2024-08-10,不喜欢,4266
RT-276,ORD-7450,R-1680,07/02/2024,发错货,2233
RT-277,ORD-14543,MD-1147,11/09/2026,质量问题,1841
RT-278,ORD-7226,R-1233,18-07-2025,破损,2 612
RT-279,ORD-3200,REF-1515,2024-06-21,破损,"$4,786.00"
RT-280,ORD-8367,R-1336,10/12/2026,质量问题,"869,00"
RT-281,ORD-7332,R-1187,12/22/2026,破损,2984
RT-282,ORD-455,SKU1582,12/08/2025,不喜欢,100
RT-283,ORD-9222,SKU1218,06-06-2026,不喜欢,290
RT-284,ORD-4558,R-1680,04/15/2026,发错货,1690
RT-285,ORD-10505,MD-1275,07/12/2024,不喜欢,"$3,672.00"
RT-286,ORD-3607,REF-1255,2026-10-22,尺寸不符,3585
RT-287,ORD-5229,R-1711,24-11-2025,发错货,4 158
RT-288,ORD-2666,R-1518,2025-08-14,破损,"$1,380.00"
RT-289,ORD-1751,REF-1530,19-08-2024,不喜欢,"$4,119.00"
RT-290,ORD-8886,SKU1247,2024-03-16,尺寸不符,"$1,139.00"
RT-291,ORD-11176,SKU1406,06/20/2026,不喜欢,1109
RT-292,ORD-1753,SKU1152,2024-04-06,不喜欢,"$2,288.00"
RT-293,ORD-5133,R-1104,12-03-2026,破损,2999
RT-294,ORD-5612,R-1078,01/24/2025,发错货,2465
RT-295,ORD-7065,SKU1318,03-03-2026,发错货,"$3,650.00"
RT-296,ORD-7591,R-1039,2026-07-06,发错货,"$1,678.00"
RT-297,ORD-2307,R-1752,01/12/2025,发错货,2237
RT-298,ORD-2095,R-1157,2024-10-14,不喜欢,1123
RT-299,ORD-8617,MD-1089,03-06-2024,质量问题,$342.00
RT-300,ORD-1746,MD-1387,2025-08-02,破损,3095
RT-301,ORD-460,R-1082,2025-01-15,不喜欢,940
RT-302,ORD-1547,MD-1156,17-01-2026,破损,$259.00
RT-303,ORD-13405,MD-1204,20-11-2026,破损,1 297
RT-304,ORD-7373,REF-1079,2025-12-11,破损,3451
RT-305,ORD-4137,SKU1032,2025-10-01,质量问题,860
RT-306,ORD-3868,REF-1103,01/28/2026,尺寸不符,"3 302,00"
RT-307,ORD-307,R-1112,2024-03-06,破损,3152
RT-308,ORD-2053,SKU1308,01/01/2026,破损,640
RT-309,ORD-10130,R-1475,08/25/2024,发错货,711
RT-310,ORD-6567,REF-1535,2025-03-19,破损,3056
RT-311,ORD-139,R-1587,2026-08-19,质量问题,"$1,264.00"
RT-312,ORD-848,R-1468,05/05/2026,发错货,3004
RT-313,ORD-817,REF-1213,2025-06-01,尺寸不符,1321
RT-314,ORD-1490,R-1796,2024-08-26,破损,2453
RT-315,ORD-10485,REF-1535,2025-09-21,质量问题,$840.00
RT-316,ORD-9160,R-1437,08-07-2025,质量问题,"$2,475.00"
RT-317,ORD-14488,REF-1706,2025-03-12,发错货,396
RT-318,ORD-14308,MD-1542,2025-02-20,不喜欢,$644.00
RT-319,ORD-2461,REF-1529,02/06/2026,尺寸不符,"$3,040.00"
RT-320,ORD-1271,MD-1224,2026-05-14,尺寸不符,4517
RT-321,ORD-5623,REF-1244,03/11/2025,质量问题,"910,00"
RT-322,ORD-2002,R-1730,2024-12-02,发错货,4357
RT-323,ORD-10871,SKU1106,2025-02-05,尺寸不符,959
RT-324,ORD-9992,REF-1633,2024-08-21,质量问题,1 009
RT-325,ORD-869,REF-1211,07/14/2026,破损,3365
RT-326,ORD-8705,R-1705,2026-11-08,破损,493
RT-327,ORD-3749,MD-1754,06/05/2024,发错货,2424
RT-328,ORD-2290,R-1441,03/17/2025,破损,4164
RT-329,ORD-3700,SKU1398,24-06-2026,发错货,2996
RT-330,ORD-6763,REF-1311,07/17/2026,尺寸不符,$813.00
RT-331,ORD-8235,SKU1335,2026-08-05,不喜欢,2801
RT-332,ORD-9748,R-1748,14-05-2025,破损,1658
RT-333,ORD-11970,REF-1797,2024-11-26,破损,"2 799,00"
RT-334,ORD-799,SKU1722,2026-03-25,质量问题,4216
RT-335,ORD-3340,REF-1684,2024-03-06,尺寸不符,"$1,711.00"
RT-336,ORD-8781,REF-1779,02/18/2024,不喜欢,3288
RT-337,ORD-2561,REF-1654,12/17/2026,尺寸不符,3 638
RT-338,ORD-763,REF-1605,2025-10-01,尺寸不符,698
RT-339,ORD-370,REF-1432,07-07-2026,不喜欢,"$2,451.00"
RT-340,ORD-8941,REF-1121,2026-01-12,质量问题,"3 496,00"
RT-341,ORD-3264,MD-1064,2025-01-02,不喜欢,449
RT-342,ORD-4280,MD-1127,2025-07-02,破损,"$3,470.00"
RT-343,ORD-944,R-1334,2024-10-13,不喜欢,2 160
RT-344,ORD-11781,REF-1795,2025-01-26,尺寸不符,$869.00
RT-345,ORD-7223,SKU1231,2025-10-25,不喜欢,2248
RT-346,ORD-9606,REF-1554,2026-04-06,破损,$96.00
RT-347,ORD-2466,REF-1696,09-07-2025,尺寸不符,"$2,649.00"
RT-348,ORD-8225,SKU1115,23-10-2026,发错货,4648
RT-349,ORD-3305,REF-1644,2026-03-13,发错货,791
RT-350,ORD-9648,R-1494,06/07/2026,发错货,3 279
RT-351,ORD-11656,REF-1162,2025-03-11,不喜欢,1424
RT-352,ORD-11415,R-1690,19-02-2026,破损,$442.00
RT-353,ORD-431,REF-1067,27-06-2024,尺寸不符,"2 865,00"
RT-354,ORD-4426,REF-1412,2025-07-10,发错货,2946
RT-355,ORD-10361,MD-1482,02/13/2024,发错货,4532
RT-356,ORD-6087,R-1027,27-01-2026,尺寸不符,784
RT-357,ORD-12853,SKU1201,08-11-2024,尺寸不符,2 061
RT-358,ORD-1255,R-1731,03/24/2024,不喜欢,2684
RT-359,ORD-480,REF-1728,2025-05-10,破损,"$2,076.00"
RT-360,ORD-10109,REF-1094,24-08-2025,不喜欢,1498
RT-361,ORD-5082,MD-1501,07/17/2026,不喜欢,702
RT-362,ORD-1783,MD-1754,2026-11-24,尺寸不符,223
RT-363,ORD-2972,R-1383,04/01/2025,不喜欢,"$2,211.00"
RT-364,ORD-12724,SKU1742,08/20/2024,质量问题,4421
RT-365,ORD-3317,SKU1192,2026-05-09,质量问题,"$1,864.00"
RT-366,ORD-2966,SKU1318,02/07/2026,尺寸不符,2988
RT-367,ORD-8997,R-1425,2026-01-22,不喜欢,"2 624,00"
RT-368,ORD-13763,R-1312,2026-04-01,质量问题,3513
RT-369,ORD-9101,SKU1470,19-03-2025,尺寸不符,"1 552,00"
RT-370,ORD-5390,MD-1202,2025-10-06,破损,547
RT-371,ORD-13628,REF-1071,2024-02-04,不喜欢,61
RT-372,ORD-646,SKU1794,2025-07-19,破损,$263.00
RT-373,ORD-654,REF-1552,09/07/2026,发错货,613
RT-374,ORD-7645,SKU1084,2024-07-08,不喜欢,$983.00
RT-375,ORD-3749,R-1563,2024-06-19,发错货,38
RT-376,ORD-7895,MD-1729,2026-09-28,不喜欢,"2 414,00"
RT-377,ORD-6408,REF-1255,2025-12-21,破损,3547
RT-378,ORD-14496,REF-1273,02-09-2026,破损,2145
RT-379,ORD-8605,MD-1583,2024-02-24,不喜欢,443
RT-380,ORD-14955,SKU1767,2024-02-03,质量问题,2256
RT-381,ORD-3727,R-1278,2025-06-21,发错货,2779
RT-382,ORD-11874,MD-1246,10/22/2024,尺寸不符,$794.00
RT-383,ORD-13353,R-1228,02-10-2025,尺寸不符,$332.00
RT-384,ORD-4854,SKU1281,2026-01-12,尺寸不符,"700,00"
RT-385,ORD-11460,MD-1380,2024-11-16,破损,2564
RT-386,ORD-1166,R-1330,2024-02-17,破损,1229
RT-387,ORD-1255,R-1105,08-11-2025,破损,"$4,533.00"
RT-388,ORD-14235,SKU1396,07/05/2026,不喜欢,"$4,794.00"
RT-389,ORD-10460,MD-1374,03-03-2024,不喜欢,$116.00
RT-390,ORD-2457,REF-1431,2024-07-25,不喜欢,3829
RT-391,ORD-10958,SKU1381,2024-02-10,质量问题,4635
RT-392,ORD-1204,MD-1043,2025-03-05,尺寸不符,1847
RT-393,ORD-4983,MD-1041,2026-07-15,发错货,1 128
RT-394,ORD-6443,R-1408,2026-02-16,尺寸不符,"330,00"
RT-395,ORD-2735,SKU1610,11/13/2026,不喜欢,1125
RT-396,ORD-1068,R-1297,2026-05-19,不喜欢,$235.00
RT-397,ORD-2898,R-1336,18-04-2024,发错货,"$4,348.00"
RT-398,ORD-2514,REF-1261,2024-05-22,破损,"$4,922.00"
RT-399,ORD-13734,SKU1676,14-06-2026,不喜欢,1683
RT-400,ORD-4540,MD-1553,2026-05-17,质量问题,350
RT-401,ORD-13018,REF-1775,2025-06-16,质量问题,4429
RT-402,ORD-12743,REF-1400,09/16/2024,发错货,1013
RT-403,ORD-3088,SKU1024,2024-01-06,不喜欢,3236
RT-404,ORD-10622,SKU1247,22-03-2024,尺寸不符,2565
RT-405,ORD-9837,SKU1406,2024-10-02,尺寸不符,2787
RT-406,ORD-4329,R-1573,2026-08-26,发错货,1 125
RT-407,ORD-10066,MD-1634,2024-02-26,尺寸不符,1131
RT-408,ORD-13644,R-1050,2024-10-07,质量问题,2399
RT-409,ORD-7517,SKU1153,01/06/2025,尺寸不符,"4 820,00"
RT-410,ORD-6700,MD-1249,2025-12-01,发错货,2622
RT-411,ORD-3553,MD-1147,2025-11-09,质量问题,"$1,051.00"
RT-412,ORD-1876,REF-1162,2024-11-24,发错货,4283
RT-413,ORD-14534,MD-1421,2024-02-27,质量问题,1625
RT-414,ORD-14542,R-1573,2024-07-07,质量问题,1963
RT-415,ORD-11746,MD-1145,2025-02-05,破损,4267
RT-416,ORD-3724,MD-1131,09-08-2026,尺寸不符,4574
RT-417,ORD-6513,R-1120,07/19/2024,破损,3817
RT-418,ORD-7634,REF-1622,2026-11-24,质量问题,4368
RT-419,ORD-293,MD-1707,2026-06-16,破损,669
RT-420,ORD-12281,SKU1277,2024-08-10,不喜欢,1 966
RT-421,ORD-14040,REF-1672,08/06/2024,破损,"$2,933.00"
RT-422,ORD-4088,REF-1734,19-06-2026,发错货,"3 769,00"
RT-423,ORD-8431,REF-1688,21-01-2024,尺寸不符,1018
RT-424,ORD-6757,REF-1697,16-06-2025,破损,1966
RT-425,ORD-7106,MD-1757,07/24/2024,发错货,1359
RT-426,ORD-2479,REF-1790,2024-07-16,尺寸不符,695
RT-427,ORD-11677,R-1415,08/13/2026,不喜欢,2089
RT-428,ORD-9114,R-1278,2026-05-06,破损,3371
RT-429,ORD-12877,R-1353,06/13/2025,质量问题,4595
RT-430,ORD-3198,REF-1093,2026-03-12,破损,734
RT-431,ORD-6170,SKU1218,2026-07-19,质量问题,4 910
RT-432,ORD-9386,MD-1351,24-08-2026,尺寸不符,378
RT-433,ORD-5178,R-1014,10/21/2026,质量问题,4 625
RT-434,ORD-10963,MD-1492,11-12-2026,质量问题,736
RT-435,ORD-8099,REF-1536,11/09/2026,不喜欢,"$2,948.00"
RT-436,ORD-921,R-1014,2025-03-23,发错货,"$2,270.00"
RT-437,ORD-7002,REF-1608,17-04-2024,破损,1058
RT-438,ORD-11960,SKU1763,2026-09-08,发错货,2844
RT-439,ORD-10986,REF-1083,2024-04-02,尺寸不符,116
RT-440,ORD-9108,R-1488,10/07/2024,不喜欢,1035
RT-441,ORD-12828,R-1770,10/17/2026,不喜欢,751
RT-442,ORD-6592,R-1288,2025-03-11,破损,"3 920,00"
RT-443,ORD-11652,SKU1265,04/07/2026,不喜欢,843
RT-444,ORD-3142,MD-1374,20-06-2026,质量问题,3 202
RT-445,ORD-10471,REF-1559,2026-09-12,破损,4443
RT-446,ORD-1619,R-1674,2026-10-02,不喜欢,"$4,250.00"
RT-447,ORD-12129,R-1328,2024-04-14,尺寸不符,"1 074,00"
RT-448,ORD-9252,REF-1550,22-12-2026,质量问题,426
RT-449,ORD-11099,SKU1649,2024-12-24,质量问题,4801
RT-450,ORD-13728,REF-1238,2025-10-02,破损,4267
RT-451,ORD-4055,SKU1723,11/09/2024,不喜欢,"$1,387.00"
RT-452,ORD-7978,REF-1219,07/03/2025,发错货,4292
RT-453,ORD-8903,SKU1599,2026-02-07,不喜欢,4000
RT-454,ORD-2694,REF-1279,2026-08-15,尺寸不符,505
RT-455,ORD-2358,R-1520,23-06-2026,质量问题,2231
RT-456,ORD-10326,REF-1096,2026-12-10,质量问题,1906
RT-457,ORD-10038,REF-1219,2025-12-22,发错货,"$2,412.00"
RT-458,ORD-13898,SKU1247,2024-08-04,不喜欢,4011
RT-459,ORD-11775,SKU1764,02/26/2025,质量问题,$595.00
RT-460,ORD-5628,SKU1245,2024-03-06,破损,"$1,484.00"
RT-461,ORD-2838,R-1441,20-04-2024,质量问题,1327
RT-462,ORD-2723,REF-1591,22-04-2026,破损,431
RT-463,ORD-232,SKU1192,2025-09-02,尺寸不符,3873
RT-464,ORD-10362,MD-1561,2024-07-18,不喜欢,285
RT-465,ORD-10483,R-1614,12/11/2026,发错货,4 570
RT-466,ORD-10942,R-1193,09/18/2025,不喜欢,3485
RT-467,ORD-2338,MD-1191,2024-10-04,破损,"4 421,00"
RT-468,ORD-4472,SKU1675,03/03/2026,破损,"1 336,00"
RT-469,ORD-3504,REF-1393,2026-04-11,破损,$790.00
RT-470,ORD-13335,SKU1396,2025-11-13,破损,4753
RT-471,ORD-1545,R-1350,2026-08-13,不喜欢,2 628
RT-472,ORD-8108,SKU1459,2024-11-04,质量问题,533
RT-473,ORD-11197,MD-1627,24-10-2026,发错货,"1 819,00"
RT-474,ORD-13877,R-1430,01-10-2024,发错货,2 652
RT-475,ORD-13806,SKU1231,2026-10-04,发错货,"888,00"
RT-476,ORD-2992,R-1698,23-02-2026,不喜欢,3578
RT-477,ORD-14640,R-1494,2025-03-06,破损,"$2,687.00"
RT-478,ORD-12371,SKU1612,2025-11-07,破损,"$4,063.00"
RT-479,ORD-6848,R-1751,2024-03-20,不喜欢,1 959
RT-480,ORD-1052,MD-1707,01-01-2025,尺寸不符,2214
RT-481,ORD-7859,REF-1352,12/28/2024,不喜欢,1146
RT-482,ORD-1259,MD-1583,2026-09-13,发错货,"$3,489.00"
RT-483,ORD-3781,REF-1263,2025-11-26,发错货,3925
RT-484,ORD-6810,REF-1483,2026-07-22,发错货,766
RT-485,ORD-9669,REF-1285,01/15/2025,不喜欢,1296
RT-486,ORD-533,SKU1144,2024-08-14,破损,"3 027,00"
RT-487,ORD-5232,SKU1459,08/25/2025,质量问题,955
RT-488,ORD-3360,REF-1695,2026-05-07,破损,2809
RT-489,ORD-8762,SKU1556,2025-05-22,质量问题,4559
RT-490,ORD-1142,MD-1682,2025-11-03,破损,$560.00
RT-491,ORD-3965,SKU1572,13-07-2024,发错货,2521
RT-492,ORD-12835,SKU1247,02-06-2025,质量问题,"2 805,00"
RT-493,ORD-352,R-1736,2024-03-25,破损,"$4,356.00"
RT-494,ORD-11606,R-1463,07/28/2024,破损,2621
RT-495,ORD-1069,REF-1780,28-04-2024,质量问题,"$4,309.00"
RT-496,ORD-1088,REF-1785,04/12/2024,尺寸不符,"$1,355.00"
RT-497,ORD-9052,MD-1583,04-04-2024,不喜欢,"2 206,00"
RT-498,ORD-12774,SKU1298,2026-02-12,发错货,"$1,141.00"
RT-499,ORD-9904,REF-1166,03/21/2025,尺寸不符,3668
RT-500,ORD-238,MD-1200,02/26/2025,破损,2032
RT-501,ORD-2191,MD-1145,2024-05-21,破损,1630
RT-502,ORD-9692,R-1590,2024-01-19,破损,4060
RT-503,ORD-12631,REF-1734,07/03/2026,不喜欢,4885
RT-504,ORD-6326,REF-1775,2026-09-03,尺寸不符,2 688
RT-505,ORD-655,R-1349,2026-05-03,破损,3586
RT-506,ORD-10268,R-1787,2025-08-10,发错货,163
RT-507,ORD-4404,MD-1548,02/23/2024,质量问题,"$3,299.00"
RT-508,ORD-5439,SKU1241,2026-05-21,不喜欢,3332
RT-509,ORD-11628,SKU1085,2026-12-13,发错货,4 471
RT-510,ORD-8304,SKU1621,2026-05-15,尺寸不符,449
RT-511,ORD-9451,SKU1183,2024-07-05,发错货,730
RT-512,ORD-2955,REF-1719,2026-01-03,质量问题,1594
RT-513,ORD-3665,SKU1469,2024-04-20,破损,"$3,319.00"
RT-514,ORD-12512,REF-1546,2025-01-22,发错货,44
RT-515,ORD-14416,REF-1609,2025-07-23,不喜欢,4669
RT-516,ORD-10934,R-1577,2024-02-03,发错货,"$1,632.00"
RT-517,ORD-1848,R-1193,08-01-2025,发错货,"$2,836.00"
RT-518,ORD-10360,R-1018,07-01-2025,尺寸不符,"$4,982.00"
RT-519,ORD-5277,MD-1006,12/13/2024,发错货,"1 888,00"
RT-520,ORD-7154,REF-1439,2026-09-17,发错货,"4 621,00"
RT-521,ORD-13984,REF-1780,2026-10-05,发错货,$350.00
RT-522,ORD-2694,R-1588,12/25/2026,发错货,$408.00
RT-523,ORD-11710,REF-1074,06-07-2026,发错货,4244
RT-524,ORD-14755,REF-1005,2024-11-04,不喜欢,$586.00
RT-525,ORD-4508,R-1710,2025-06-09,破损,3311
RT-526,ORD-1481,R-1568,20-01-2024,尺寸不符,3 787
RT-527,ORD-14986,SKU1218,03/23/2025,发错货,312
RT-528,ORD-13599,R-1014,2024-12-21,不喜欢,"$3,047.00"
RT-529,ORD-2010,SKU1144,2026-03-11,发错货,872
RT-530,ORD-3,SKU1762,2026-02-04,破损,"2 411,00"
RT-531,ORD-1270,REF-1775,15-11-2026,破损,1 221
RT-532,ORD-8125,R-1646,13-01-2025,破损,"4 800,00"
RT-533,ORD-14195,R-1690,2025-02-27,破损,"$2,975.00"
RT-534,ORD-10483,R-1565,2025-02-12,尺寸不符,2176
RT-535,ORD-3509,MD-1200,11/14/2026,破损,2186
RT-536,ORD-2301,MD-1702,04/09/2026,质量问题,1368
RT-537,ORD-7733,SKU1673,23-10-2026,质量问题,3855
RT-538,ORD-2469,SKU1253,2025-03-21,不喜欢,"3 163,00"
RT-539,ORD-14293,R-1187,2026-03-01,不喜欢,1432
RT-540,ORD-2867,REF-1323,27-02-2025,质量问题,3231
RT-541,ORD-10355,SKU1778,08/10/2025,破损,"3 237,00"
RT-542,ORD-8913,MD-1692,03/22/2026,不喜欢,4281
RT-543,ORD-5566,MD-1659,2025-07-21,质量问题,1 430
RT-544,ORD-6454,REF-1741,2025-09-27,不喜欢,$689.00
RT-545,ORD-4730,MD-1212,2026-02-27,不喜欢,231
RT-546,ORD-8000,REF-1591,28-08-2025,不喜欢,1796
RT-547,ORD-10977,R-1239,02-10-2026,发错货,$652.00
RT-548,ORD-8854,SKU1774,2024-10-05,尺寸不符,2854
RT-549,ORD-12727,REF-1057,2026-11-17,不喜欢,437
RT-550,ORD-11437,R-1600,04/12/2024,质量问题,1054
RT-551,ORD-1074,REF-1414,01/22/2026,不喜欢,2079
RT-552,ORD-5034,SKU1051,2025-10-24,质量问题,"$1,867.00"
RT-553,ORD-13161,REF-1037,2025-09-10,尺寸不符,$246.00
RT-554,ORD-180,SKU1032,05/28/2026,不喜欢,"$1,759.00"
RT-555,ORD-3663,REF-1788,12/25/2024,尺寸不符,2076
RT-556,ORD-12957,SKU1704,2024-09-09,尺寸不符,3756
RT-557,ORD-9446,MD-1466,2024-04-19,尺寸不符,4067
RT-558,ORD-5913,MD-1086,2025-07-25,质量问题,3490
RT-559,ORD-12685,MD-1030,2025-02-21,发错货,"3 356,00"
RT-560,ORD-3431,R-1203,05/16/2025,尺寸不符,4 730
RT-561,ORD-2965,SKU1139,10/03/2024,破损,"$1,089.00"
RT-562,ORD-6433,MD-1143,02/11/2026,破损,"$3,375.00"
RT-563,ORD-10823,R-1189,02/18/2026,发错货,3 432
RT-564,ORD-14280,REF-1546,2025-02-17,尺寸不符,3217
RT-565,ORD-2784,REF-1221,2026-09-20,发错货,2747
RT-566,ORD-9180,SKU1764,11/14/2026,发错货,"$4,521.00"
RT-567,ORD-9674,MD-1504,04/25/2024,尺寸不符,580
RT-568,ORD-9177,SKU1610,09/04/2026,尺寸不符,3 045
RT-569,ORD-10107,R-1001,20-12-2024,破损,"707,00"
RT-570,ORD-1015,R-1383,20-12-2025,质量问题,"$4,406.00"
RT-571,ORD-7701,R-1602,05/09/2026,破损,"$1,213.00"
RT-572,ORD-163,REF-1217,17-12-2025,发错货,"3 034,00"
RT-573,ORD-9349,MD-1792,2026-03-11,质量问题,3 983
RT-574,ORD-14194,SKU1423,2024-04-04,破损,"3 919,00"
RT-575,ORD-10922,MD-1142,22-10-2026,质量问题,3654
RT-576,ORD-7121,MD-1538,2026-08-11,破损,2763
RT-577,ORD-12313,MD-1664,2026-10-15,尺寸不符,4346
RT-578,ORD-12870,R-1787,2024-01-21,发错货,4588
RT-579,ORD-2937,MD-1089,2024-07-08,尺寸不符,"$1,028.00"
RT-580,ORD-3042,MD-1465,2026-01-09,发错货,"$2,850.00"
RT-581,ORD-6005,REF-1483,12/10/2025,质量问题,"$4,601.00"
RT-582,ORD-4805,REF-1393,2026-07-22,尺寸不符,276
RT-583,ORD-10981,SKU1335,11/17/2026,发错货,"$3,060.00"
RT-584,ORD-11781,REF-1696,06/22/2025,发错货,"$4,368.00"
RT-585,ORD-9365,R-1297,08/16/2024,不喜欢,"$3,119.00"
RT-586,ORD-11588,SKU1402,09/16/2025,尺寸不符,$158.00
RT-587,ORD-7357,SKU1620,09-03-2025,破损,"$4,614.00"
RT-588,ORD-7216,R-1340,14-05-2026,发错货,"1 473,00"
RT-589,ORD-11414,R-1586,2025-04-22,破损,"$4,194.00"
RT-590,ORD-12704,MD-1548,2025-02-14,质量问题,"4 628,00"
RT-591,ORD-7823,SKU1671,2024-10-04,发错货,2939
RT-592,ORD-3908,SKU1513,2026-07-01,质量问题,2689
RT-593,ORD-9046,R-1595,2024-07-27,破损,3538
RT-594,ORD-4657,REF-1264,2025-06-22,不喜欢,"$3,768.00"
RT-595,ORD-2142,REF-1608,2024-07-28,尺寸不符,274
RT-596,ORD-2152,MD-1207,08/11/2024,尺寸不符,328
RT-597,ORD-5448,MD-1534,2025-07-18,质量问题,2870
RT-598,ORD-6462,SKU1032,01/22/2024,发错货,$615.00
RT-599,ORD-2702,REF-1026,2026-09-15,不喜欢,"$3,633.00"
RT-600,ORD-6722,R-1523,2025-04-07,发错货,1348
RT-601,ORD-7225,REF-1261,02/11/2026,不喜欢,4909
RT-602,ORD-344,MD-1127,2025-02-22,尺寸不符,$956.00
RT-603,ORD-14974,MD-1724,2024-06-21,尺寸不符,991
RT-604,ORD-4798,MD-1196,2025-11-22,发错货,2216
RT-605,ORD-7567,R-1752,07/12/2026,破损,"962,00"
RT-606,ORD-6371,MD-1433,2026-06-09,尺寸不符,"$1,165.00"
RT-607,ORD-9743,REF-1624,16-05-2024,破损,"$4,822.00"
RT-608,ORD-1565,MD-1249,08/26/2024,不喜欢,"$3,581.00"
RT-609,ORD-1080,SKU1762,02-05-2025,尺寸不符,"$1,237.00"
RT-610,ORD-13333,R-1680,11/28/2026,破损,3052
RT-611,ORD-4378,MD-1191,06/26/2024,不喜欢,65
RT-612,ORD-3970,REF-1053,2025-04-02,发错货,"$3,804.00"
RT-613,ORD-871,MD-1517,26-06-2025,不喜欢,3249
RT-614,ORD-13207,MD-1686,11-08-2025,不喜欢,4162
RT-615,ORD-9035,SKU1603,2026-07-21,尺寸不符,"2 758,00"
RT-616,ORD-8674,MD-1549,28-02-2024,不喜欢,4057
RT-617,ORD-13859,REF-1213,2025-11-06,破损,541
RT-618,ORD-9635,R-1278,11/23/2025,发错货,3949
RT-619,ORD-11937,REF-1622,2025-01-23,发错货,554
RT-620,ORD-7894,R-1503,10/09/2025,发错货,"$3,024.00"
RT-621,ORD-9833,R-1488,2024-11-12,质量问题,4910
RT-622,ORD-14517,SKU1642,2024-01-28,破损,"$3,020.00"
RT-623,ORD-3421,SKU1547,01-07-2026,不喜欢,"$3,699.00"
RT-624,ORD-6468,MD-1479,2025-03-16,不喜欢,4915
RT-625,ORD-6867,MD-1647,13-03-2025,质量问题,"$2,165.00"
RT-626,ORD-6829,MD-1581,01/18/2024,发错货,"783,00"
RT-627,ORD-6198,REF-1546,2026-04-02,发错货,"$3,250.00"
RT-628,ORD-5146,SKU1675,19-05-2025,发错货,$852.00
RT-629,ORD-13048,MD-1197,2026-08-18,破损,4014
RT-630,ORD-7650,REF-1609,22-08-2026,质量问题,$262.00
RT-631,ORD-10425,R-1678,2026-10-25,破损,879
RT-632,ORD-11422,MD-1022,2024-01-26,尺寸不符,"$1,542.00"
RT-633,ORD-5192,REF-1696,03/10/2024,不喜欢,3184
RT-634,ORD-2632,R-1488,03/21/2025,尺寸不符,"$1,079.00"
RT-635,ORD-3529,MD-1410,2026-07-04,质量问题,"$2,848.00"
RT-636,ORD-7169,SKU1426,2024-03-28,破损,44
RT-637,ORD-2338,REF-1591,08/26/2025,不喜欢,"$1,782.00"
RT-638,ORD-11118,REF-1738,05/14/2026,不喜欢,$167.00
RT-639,ORD-14929,SKU1059,03-06-2026,破损,486
RT-640,ORD-9587,SKU1599,2025-08-01,质量问题,1483
RT-641,ORD-8041,R-1435,2026-07-23,破损,"$3,349.00"
RT-642,ORD-11359,MD-1133,15-04-2024,尺寸不符,"3 076,00"
RT-643,ORD-11908,SKU1656,2024-03-14,尺寸不符,"1 236,00"
RT-644,ORD-2120,SKU1572,08/24/2026,质量问题,"2 251,00"
RT-645,ORD-8377,REF-1429,03/14/2026,破损,1109
RT-646,ORD-12479,REF-1037,03-03-2024,尺寸不符,"$3,398.00"
RT-647,ORD-9820,REF-1081,2025-05-03,不喜欢,168
RT-648,ORD-8412,REF-1790,25-04-2024,发错货,$887.00
RT-649,ORD-2888,MD-1628,17-08-2026,发错货,$277.00
RT-650,ORD-10839,MD-1145,2026-05-17,质量问题,2735
RT-651,ORD-14112,SKU1218,03/02/2025,破损,4533
RT-652,ORD-8392,R-1544,2024-10-22,破损,"$2,917.00"
RT-653,ORD-8333,R-1239,2026-04-09,尺寸不符,1738
RT-654,ORD-14010,REF-1373,05-04-2025,破损,"$2,489.00"
RT-655,ORD-14426,R-1180,06/27/2026,不喜欢,3 718
RT-656,ORD-3982,SKU1370,2026-10-15,发错货,2516
RT-657,ORD-3612,REF-1633,2026-10-03,破损,"$1,939.00"
RT-658,ORD-6026,MD-1729,2025-05-14,发错货,"$3,591.00"
RT-659,ORD-669,MD-1548,2024-11-07,发错货,"$2,427.00"
RT-660,ORD-734,R-1666,2024-04-18,发错货,2 340
RT-661,ORD-4481,SKU1455,04/27/2025,不喜欢,158
RT-662,ORD-14882,MD-1496,2024-10-03,质量问题,1918
RT-663,ORD-11481,SKU1691,2025-10-25,破损,3651
RT-664,ORD-11556,R-1334,11/03/2025,尺寸不符,3255
RT-665,ORD-7828,MD-1240,04/03/2025,质量问题,"3 089,00"
RT-666,ORD-7303,SKU1324,11/26/2024,质量问题,"2 311,00"
RT-667,ORD-12379,MD-1428,12/05/2026,不喜欢,"$1,992.00"
RT-668,ORD-1006,R-1565,27-04-2025,尺寸不符,"$3,519.00"
RT-669,ORD-14876,MD-1065,2026-08-03,质量问题,3726
RT-670,ORD-14617,REF-1279,2024-10-16,破损,"1 595,00"
RT-671,ORD-4222,SKU1477,2025-05-06,破损,$390.00
RT-672,ORD-481,MD-1681,03/10/2026,质量问题,384
RT-673,ORD-13346,R-1082,2026-03-05,发错货,"$2,826.00"
RT-674,ORD-4182,R-1159,2026-12-06,尺寸不符,"$1,484.00"
RT-675,ORD-12004,MD-1156,2024-03-19,尺寸不符,3431
RT-676,ORD-4431,MD-1501,2026-04-01,质量问题,3 494
RT-677,ORD-5621,MD-1724,2026-08-02,发错货,3783
RT-678,ORD-12073,MD-1421,2024-08-13,不喜欢,4747
RT-679,ORD-10063,SKU1774,02/01/2025,不喜欢,4 136
RT-680,ORD-14248,MD-1539,2024-07-08,不喜欢,1550
RT-681,ORD-13849,REF-1360,2026-09-22,不喜欢,"$4,775.00"
RT-682,ORD-8050,SKU1459,2025-06-06,破损,"$2,064.00"
RT-683,ORD-10413,R-1239,08-10-2026,质量问题,"$1,631.00"
RT-684,ORD-14442,R-1290,2025-07-28,发错货,2983
RT-685,ORD-7602,MD-1465,25-08-2024,质量问题,2722
RT-686,ORD-11630,R-1494,2026-04-04,尺寸不符,2888
RT-687,ORD-1548,SKU1599,11-06-2026,尺寸不符,1766
RT-688,ORD-5652,REF-1507,2024-05-12,尺寸不符,"2 403,00"
RT-689,ORD-10791,SKU1253,22-08-2026,尺寸不符,"$3,995.00"
RT-690,ORD-4976,SKU1651,2025-09-06,不喜欢,2965
RT-691,ORD-3056,SKU1773,2026-11-21,尺寸不符,1 352
RT-692,ORD-11488,MD-1303,08/14/2026,发错货,1719
RT-693,ORD-12203,R-1674,2024-04-04,质量问题,"$2,479.00"
RT-694,ORD-1576,MD-1065,09/10/2024,破损,4328
RT-695,ORD-9989,R-1698,2025-06-26,质量问题,3316
RT-696,ORD-9281,SKU1396,08/23/2025,不喜欢,4080
RT-697,ORD-13001,SKU1298,05/14/2026,不喜欢,4070
RT-698,ORD-4950,MD-1246,2025-12-15,不喜欢,"$4,601.00"
RT-699,ORD-13110,MD-1087,09/02/2026,破损,1799
RT-700,ORD-14914,R-1353,2026-10-22,破损,"$1,596.00"
RT-701,ORD-2894,MD-1154,2024-11-19,发错货,4940
RT-702,ORD-2835,SKU1242,27-11-2025,破损,185
RT-703,ORD-10970,MD-1757,2026-02-10,发错货,$233.00
RT-704,ORD-8302,SKU1031,09-02-2024,破损,"$2,780.00"
RT-705,ORD-13742,SKU1302,2024-12-27,破损,2092
RT-706,ORD-13422,R-1334,13-10-2024,发错货,"4 659,00"
RT-707,ORD-11596,REF-1008,2025-12-26,破损,3016
RT-708,ORD-12053,SKU1251,2026-08-25,尺寸不符,1449
RT-709,ORD-6131,MD-1581,02/08/2024,破损,2204
RT-710,ORD-13698,R-1440,2025-12-24,发错货,2728
RT-711,ORD-13803,R-1355,12-07-2024,质量问题,4256
RT-712,ORD-3995,SKU1381,2026-01-19,发错货,"$4,868.00"
RT-713,ORD-339,R-1521,09/14/2025,质量问题,"$1,537.00"
RT-714,ORD-6925,R-1000,08/20/2026,质量问题,3110
RT-715,ORD-2673,R-1295,01/06/2025,不喜欢,1591
RT-716,ORD-4518,SKU1100,07/11/2026,破损,"$4,780.00"
RT-717,ORD-8956,SKU1144,2024-12-03,不喜欢,"$4,005.00"
RT-718,ORD-2935,REF-1261,09/20/2026,质量问题,"4 709,00"
RT-719,ORD-10181,SKU1084,06/15/2026,质量问题,2169
RT-720,ORD-11913,R-1016,09/06/2026,发错货,"$3,465.00"
RT-721,ORD-6558,MD-1639,2026-07-27,破损,"4 045,00"
RT-722,ORD-5726,SKU1756,2026-10-13,尺寸不符,"$3,966.00"
RT-723,ORD-6948,SKU1756,2026-08-05,质量问题,4227
RT-724,ORD-10283,MD-1197,2026-09-21,质量问题,"$4,874.00"
RT-725,ORD-9377,REF-1688,11/26/2026,不喜欢,"$3,531.00"
RT-726,ORD-6166,R-1660,03-03-2024,发错货,$258.00
RT-727,ORD-998,R-1389,2026-12-09,不喜欢,4 649
RT-728,ORD-3758,SKU1656,2025-08-25,破损,2 783
RT-729,ORD-14220,R-1771,2025-04-21,质量问题,344
RT-730,ORD-13313,SKU1368,2026-10-04,破损,"$3,899.00"
RT-731,ORD-2828,REF-1665,09/12/2026,尺寸不符,"$3,868.00"
RT-732,ORD-8963,SKU1472,12/24/2026,尺寸不符,"$1,168.00"
RT-733,ORD-7068,MD-1496,2025-03-25,质量问题,3342
RT-734,ORD-13566,MD-1647,2026-09-13,发错货,"$4,346.00"
RT-735,ORD-13090,SKU1758,2025-09-21,质量问题,1738
RT-736,ORD-6598,MD-1726,11-03-2026,质量问题,$498.00
RT-737,ORD-5452,SKU1653,01/05/2025,尺寸不符,"2 474,00"
RT-738,ORD-13447,MD-1720,03/20/2024,不喜欢,1378
RT-739,ORD-1250,MD-1125,2025-05-01,不喜欢,"1 770,00"
RT-740,ORD-8716,REF-1696,04/11/2026,发错货,3417
RT-741,ORD-4218,REF-1136,02/20/2025,发错货,"$1,718.00"
RT-742,ORD-14363,R-1598,2024-04-03,发错货,3632
RT-743,ORD-9299,SKU1668,2024-04-10,质量问题,1556
RT-744,ORD-90,R-1164,01/19/2025,尺寸不符,3619
RT-745,ORD-294,MD-1145,17-03-2026,发错货,"$1,382.00"
RT-746,ORD-4871,SKU1762,03/05/2026,破损,"$2,743.00"
RT-747,ORD-12878,R-1438,2026-10-22,发错货,"$3,818.00"
RT-748,ORD-11487,MD-1227,2025-12-17,发错货,3328
RT-749,ORD-6081,MD-1482,2024-10-12,质量问题,276
RT-750,ORD-3212,REF-1199,05-10-2026,破损,$892.00
RT-751,ORD-12762,SKU1423,14-03-2024,不喜欢,4091
RT-752,ORD-635,R-1348,11/10/2026,破损,1957
RT-753,ORD-6909,SKU1371,12/09/2024,发错货,2705
RT-754,ORD-14941,MD-1509,18-07-2024,尺寸不符,2061
RT-755,ORD-12910,R-1648,2024-04-14,破损,$291.00
RT-756,ORD-10305,REF-1546,12/25/2026,质量问题,1 968
RT-757,ORD-7074,REF-1042,2026-11-20,破损,420
RT-758,ORD-13079,SKU1455,2025-11-21,不喜欢,"$4,403.00"
RT-759,ORD-12806,REF-1701,2024-08-04,尺寸不符,25
RT-760,ORD-9650,SKU1582,2025-08-12,发错货,"$3,324.00"
RT-761,ORD-9580,REF-1360,20-03-2025,尺寸不符,769
RT-762,ORD-11243,SKU1251,10/17/2026,质量问题,1 029
RT-763,ORD-14130,MD-1258,2024-08-21,质量问题,"$3,486.00"
RT-764,ORD-1459,R-1588,08-12-2025,质量问题,"$1,661.00"
RT-765,ORD-7452,REF-1081,06/01/2025,尺寸不符,"$2,256.00"
RT-766,ORD-12326,REF-1626,02/22/2025,发错货,$509.00
RT-767,ORD-9281,SKU1764,02-05-2025,不喜欢,111
RT-768,ORD-9281,SKU1367,2024-07-27,发错货,"3 979,00"
RT-769,ORD-841,REF-1776,2024-10-25,不喜欢,"$1,766.00"
RT-770,ORD-12375,R-1796,08/08/2025,破损,"$3,030.00"
RT-771,ORD-12198,MD-1270,09/13/2025,质量问题,"3 394,00"
RT-772,ORD-1067,R-1645,05/27/2026,尺寸不符,"$4,455.00"
RT-773,ORD-1512,MD-1333,2026-12-22,质量问题,2378
RT-774,ORD-4939,REF-1685,2024-01-07,不喜欢,2718
RT-775,ORD-4187,MD-1411,03/12/2024,尺寸不符,945
RT-776,ORD-3714,SKU1582,2025-03-25,破损,"$1,005.00"
RT-777,ORD-1487,R-1708,2025-10-27,不喜欢,1591
RT-778,ORD-6009,REF-1363,2024-08-22,尺寸不符,2501
RT-779,ORD-8120,MD-1561,2025-03-10,不喜欢,4385
RT-780,ORD-2574,REF-1439,2026-11-04,质量问题,"$3,795.00"
RT-781,ORD-5699,MD-1392,08/27/2024,质量问题,"$3,840.00"
RT-782,ORD-4836,R-1438,20-04-2026,质量问题,"$2,721.00"
RT-783,ORD-10124,R-1618,02/11/2025,质量问题,$176.00
RT-784,ORD-6594,MD-1390,12/21/2025,质量问题,4208
RT-785,ORD-10092,REF-1781,05/11/2026,质量问题,583
RT-786,ORD-10986,SKU1329,01-03-2026,质量问题,506
RT-787,ORD-11034,R-1787,15-03-2024,不喜欢,882
RT-788,ORD-9072,MD-1156,03/26/2025,尺寸不符,621
RT-789,ORD-2890,REF-1559,2025-08-10,不喜欢,4609
RT-790,ORD-14937,R-1532,01/11/2026,发错货,1154
RT-791,ORD-11328,R-1206,03-04-2025,破损,1350
RT-792,ORD-6508,MD-1191,09/05/2026,不喜欢,599
RT-793,ORD-12750,REF-1195,2024-05-03,质量问题,"$1,595.00"
RT-794,ORD-219,R-1543,06/18/2024,发错货,835
RT-795,ORD-1483,REF-1316,11/01/2025,发错货,"735,00"
RT-796,ORD-3549,R-1563,11/23/2024,质量问题,2 335
RT-797,ORD-10062,REF-1213,2025-02-21,质量问题,791
RT-798,ORD-1629,REF-1611,2026-02-08,尺寸不符,3727
RT-799,ORD-14836,MD-1616,12/27/2026,不喜欢,"1 053,00"
RT-800,ORD-4880,SKU1693,04/08/2024,质量问题,"$3,289.00"
RT-801,ORD-3321,R-1752,2025-07-09,发错货,"$4,618.00"
RT-802,ORD-2079,SKU1585,04-04-2024,质量问题,"$4,363.00"
RT-803,ORD-7422,R-1708,2026-01-10,不喜欢,"$4,223.00"
RT-804,ORD-8102,MD-1133,2026-06-28,不喜欢,41
RT-805,ORD-3221,REF-1776,2025-05-13,发错货,"4 655,00"
RT-806,ORD-11226,REF-1163,09-03-2024,不喜欢,"3 476,00"
RT-807,ORD-12078,MD-1493,2026-05-05,发错货,3726
RT-808,ORD-10127,R-1016,12-05-2026,不喜欢,"$4,324.00"
RT-809,ORD-6882,MD-1149,2024-01-22,尺寸不符,2978
RT-810,ORD-8449,MD-1017,12/25/2024,破损,4536
RT-811,ORD-8982,MD-1033,2026-01-18,发错货,$667.00
RT-812,ORD-11660,SKU1525,02-08-2026,破损,"$1,636.00"
RT-813,ORD-10965,REF-1799,2025-06-10,尺寸不符,$730.00
RT-814,ORD-7845,R-1336,07/22/2026,破损,"$1,952.00"
RT-815,ORD-9449,MD-1151,2025-09-12,尺寸不符,"$1,455.00"
RT-816,ORD-2972,REF-1116,2026-01-14,尺寸不符,4778
RT-817,ORD-6125,SKU1603,02/23/2024,不喜欢,4558
RT-818,ORD-1532,SKU1755,11/11/2026,质量问题,"$2,137.00"
RT-819,ORD-4054,REF-1264,2025-07-17,尺寸不符,2278
RT-820,ORD-4524,MD-1230,2025-07-06,不喜欢,"4 713,00"
RT-821,ORD-14052,REF-1799,06/27/2024,尺寸不符,125
RT-822,ORD-1364,MD-1524,2026-09-07,不喜欢,$986.00
RT-823,ORD-7510,MD-1208,08/23/2024,发错货,95
RT-824,ORD-12855,REF-1699,11/21/2025,尺寸不符,2003
RT-825,ORD-5455,R-1039,2026-10-24,质量问题,"$4,594.00"
RT-826,ORD-2363,MD-1497,2024-04-17,破损,2597
RT-827,ORD-10576,R-1259,2025-01-28,破损,849
RT-828,ORD-10756,R-1337,27-07-2026,破损,$183.00
RT-829,ORD-3468,MD-1224,2026-09-14,质量问题,2974
RT-830,ORD-11667,MD-1782,09/06/2026,尺寸不符,4 152
RT-831,ORD-6689,R-1595,02-09-2026,尺寸不符,$764.00
RT-832,ORD-11532,R-1437,10/11/2024,发错货,"$4,660.00"
RT-833,ORD-14284,SKU1766,02/25/2026,质量问题,1818
RT-834,ORD-13476,SKU1056,2025-10-11,尺寸不符,"$3,813.00"
RT-835,ORD-2451,MD-1086,2024-07-07,发错货,3679
RT-836,ORD-5118,REF-1530,2025-09-08,尺寸不符,2131
RT-837,ORD-932,MD-1553,2024-07-04,破损,4169
RT-838,ORD-8583,R-1112,03/01/2025,发错货,4813
RT-839,ORD-11352,SKU1251,2025-04-26,不喜欢,"$4,107.00"
RT-840,ORD-12505,MD-1227,15-11-2025,发错货,3021
RT-841,ORD-2209,SKU1691,03/26/2025,破损,$247.00
RT-842,ORD-6260,MD-1526,2024-04-27,不喜欢,"$2,971.00"
RT-843,ORD-14996,SKU1280,14-10-2024,质量问题,"$2,764.00"
RT-844,ORD-11266,R-1290,2024-02-08,破损,"$4,582.00"
RT-845,ORD-583,REF-1073,02/28/2025,不喜欢,798
RT-846,ORD-12633,MD-1493,27-05-2025,尺寸不符,733
RT-847,ORD-9466,MD-1427,26-10-2026,不喜欢,4687
RT-848,ORD-7075,R-1523,11/21/2026,破损,154
RT-849,ORD-4957,REF-1283,2026-11-06,质量问题,2465
RT-850,ORD-14873,MD-1392,10/07/2026,尺寸不符,178
RT-851,ORD-2306,MD-1553,2024-06-15,尺寸不符,4270
RT-852,ORD-7084,MD-1142,2026-06-11,尺寸不符,4050
RT-853,ORD-786,MD-1404,11/16/2024,质量问题,"3 477,00"
RT-854,ORD-5438,R-1708,19-07-2024,破损,"$2,967.00"
RT-855,ORD-14099,MD-1362,2025-02-11,质量问题,1 340
RT-856,ORD-8737,SKU1693,06/21/2025,发错货,"$2,054.00"
RT-857,ORD-13289,SKU1649,01/11/2026,破损,2470
RT-858,ORD-10793,R-1203,11/13/2024,破损,1950
RT-859,ORD-6727,R-1739,02-04-2026,质量问题,4181
RT-860,ORD-7493,SKU1764,05/16/2025,破损,"$1,323.00"
RT-861,ORD-9523,R-1711,2026-10-01,质量问题,4298
RT-862,ORD-10126,SKU1656,02-03-2026,发错货,"$3,414.00"
RT-863,ORD-9431,MD-1305,2024-12-02,质量问题,1054
RT-864,ORD-12552,MD-1275,08/28/2026,尺寸不符,$504.00
RT-865,ORD-3391,R-1328,13-08-2025,质量问题,"$4,349.00"
RT-866,ORD-6852,SKU1396,2024-06-23,质量问题,"$3,339.00"
RT-867,ORD-9913,SKU1118,09/11/2025,破损,1509
RT-868,ORD-4430,SKU1691,08/02/2026,发错货,"1 089,00"
RT-869,ORD-8776,REF-1483,10/28/2025,不喜欢,"$4,545.00"
RT-870,ORD-11642,R-1710,12/10/2024,尺寸不符,699
RT-871,ORD-5017,MD-1539,2026-02-22,尺寸不符,"$4,166.00"
RT-872,ORD-14400,SKU1396,2025-04-15,质量问题,3394
RT-873,ORD-10080,R-1293,02/07/2026,破损,"$2,011.00"
RT-874,ORD-4599,MD-1485,23-08-2025,不喜欢,169
RT-875,ORD-13829,MD-1246,10-08-2025,发错货,3905
RT-876,ORD-10424,MD-1202,2025-02-28,不喜欢,"$1,555.00"
RT-877,ORD-3293,SKU1623,17-06-2025,质量问题,"2 643,00"
RT-878,ORD-8739,REF-1629,2025-09-19,发错货,3428
RT-879,ORD-14848,R-1751,03-08-2024,质量问题,467
RT-880,ORD-866,REF-1609,2024-06-17,发错货,"$2,834.00"
RT-881,ORD-2907,R-1015,2024-11-28,尺寸不符,"$1,477.00"
RT-882,ORD-12272,REF-1780,2024-08-24,尺寸不符,3491
RT-883,ORD-6018,MD-1664,04/11/2025,尺寸不符,"3 500,00"
RT-884,ORD-4707,R-1632,09/24/2024,尺寸不符,"2 011,00"
RT-885,ORD-11526,SKU1254,2025-07-05,破损,$514.00
RT-886,ORD-13238,MD-1754,2024-06-19,发错货,1536
RT-887,ORD-14382,R-1016,01-09-2025,破损,475
RT-888,ORD-85,REF-1719,2026-11-02,发错货,1406
RT-889,ORD-12091,MD-1659,2024-08-08,破损,3784
RT-890,ORD-5237,R-1349,02/17/2024,不喜欢,$679.00
RT-891,ORD-2259,R-1330,2026-02-02,尺寸不符,"2 229,00"
RT-892,ORD-5875,MD-1275,2025-03-23,破损,2322
RT-893,ORD-8592,MD-1142,20-05-2025,质量问题,3824
RT-894,ORD-13259,MD-1023,2025-04-12,破损,$642.00
RT-895,ORD-9788,REF-1665,08/28/2024,尺寸不符,351
RT-896,ORD-2833,SKU1251,12/26/2024,不喜欢,2409
RT-897,ORD-1286,REF-1294,01/06/2026,不喜欢,598
RT-898,ORD-13688,SKU1139,12-10-2025,质量问题,"$2,539.00"
RT-899,ORD-13391,R-1209,25-10-2025,破损,"$2,561.00"
RT-900,ORD-9330,REF-1604,2026-10-22,尺寸不符,"1 737,00"
RT-901,ORD-5090,R-1646,2025-11-14,破损,3249
RT-902,ORD-8259,REF-1450,10-09-2024,破损,2205
RT-903,ORD-7391,REF-1257,04/25/2025,尺寸不符,4 269
RT-904,ORD-7944,REF-1650,18-10-2024,不喜欢,$667.00
RT-905,ORD-12145,SKU1100,2026-12-22,质量问题,"3 172,00"
RT-906,ORD-6165,SKU1280,2025-03-27,发错货,437
RT-907,ORD-4134,MD-1097,21-07-2026,不喜欢,4856
RT-908,ORD-14857,SKU1755,11/11/2026,质量问题,2987
RT-909,ORD-12069,REF-1360,26-06-2024,质量问题,3 919
RT-910,ORD-11020,REF-1669,19-07-2026,破损,"1 431,00"
RT-911,ORD-3812,MD-1250,2025-07-25,发错货,2570
RT-912,ORD-1728,MD-1643,28-07-2026,尺寸不符,2951
RT-913,ORD-11573,MD-1639,10/09/2024,尺寸不符,2753
RT-914,ORD-13108,SKU1452,10/08/2025,质量问题,"819,00"
RT-915,ORD-2078,REF-1155,08/15/2026,不喜欢,"$1,689.00"
RT-916,ORD-4413,R-1770,2024-11-11,尺寸不符,2548
RT-917,ORD-8325,MD-1224,2026-11-10,发错货,3731
RT-918,ORD-8639,R-1645,09/25/2024,不喜欢,3573
RT-919,ORD-7220,R-1499,12/10/2025,发错货,"3 587,00"
RT-920,ORD-7692,R-1018,2024-11-24,尺寸不符,"$2,231.00"
RT-921,ORD-13526,REF-1431,07/10/2025,质量问题,3867
RT-922,ORD-1801,SKU1426,2026-06-26,发错货,"$3,565.00"
RT-923,ORD-10682,REF-1650,16-01-2024,质量问题,4157
RT-924,ORD-8187,MD-1150,07-07-2024,破损,1236
RT-925,ORD-7935,SKU1572,01/17/2025,发错货,"$1,442.00"
RT-926,ORD-1942,MD-1089,01/23/2026,破损,135
RT-927,ORD-9782,SKU1718,08/02/2026,破损,1734
RT-928,ORD-14577,MD-1387,11/08/2026,破损,811
RT-929,ORD-5548,SKU1594,12/04/2024,发错货,4607
RT-930,ORD-3364,SKU1371,12/04/2026,破损,$705.00
RT-931,ORD-6883,R-1645,23-08-2024,不喜欢,1955
RT-932,ORD-5195,R-1544,05/01/2024,尺寸不符,1381
RT-933,ORD-13487,SKU1603,2025-11-25,不喜欢,"$2,906.00"
RT-934,ORD-13159,MD-1717,2024-01-21,发错货,"$1,471.00"
RT-935,ORD-11653,MD-1505,2024-06-08,不喜欢,"$2,321.00"
RT-936,ORD-11594,SKU1321,2026-12-10,尺寸不符,"$3,119.00"
RT-937,ORD-2103,REF-1045,2024-01-20,质量问题,"$3,899.00"
RT-938,ORD-12448,SKU1139,2024-07-08,尺寸不符,"4 458,00"
RT-939,ORD-1805,R-1545,06/09/2024,尺寸不符,$194.00
RT-940,ORD-10633,REF-1316,2024-08-12,不喜欢,"$2,339.00"
RT-941,ORD-6548,MD-1113,2025-11-09,质量问题,"1 615,00"
RT-942,ORD-14503,R-1739,07/04/2026,不喜欢,"$4,601.00"
RT-943,ORD-54,R-1475,27-03-2024,尺寸不符,838
RT-944,ORD-11324,MD-1485,25-12-2025,质量问题,4 544
RT-945,ORD-11346,SKU1735,02-10-2025,质量问题,"$1,339.00"
RT-946,ORD-5334,MD-1638,08/23/2026,不喜欢,"$2,825.00"
RT-947,ORD-1687,R-1301,05/07/2024,不喜欢,"$4,790.00"
RT-948,ORD-2843,R-1573,26-08-2026,不喜欢,"$4,689.00"
RT-949,ORD-4365,R-1386,28-12-2026,尺寸不符,"1 119,00"
RT-950,ORD-14435,R-1730,21-01-2024,破损,1 426
RT-951,ORD-3521,REF-1414,06/09/2025,尺寸不符,593
RT-952,ORD-10529,REF-1644,12/05/2024,不喜欢,2179
RT-953,ORD-6399,MD-1246,19-03-2025,不喜欢,3693
RT-954,ORD-6547,MD-1224,26-08-2024,发错货,425
RT-955,ORD-1318,MD-1022,09/17/2025,发错货,3101
RT-956,ORD-1320,REF-1213,2025-07-17,发错货,2570
RT-957,ORD-2870,REF-1514,01-05-2025,不喜欢,"$4,333.00"
RT-958,ORD-4997,MD-1240,26-10-2026,破损,1039
RT-959,ORD-14249,R-1796,2025-07-22,尺寸不符,"$2,489.00"
RT-960,ORD-1225,SKU1060,2026-09-17,发错货,"$2,337.00"
RT-961,ORD-14238,MD-1471,03/15/2026,质量问题,4530
RT-962,ORD-14258,R-1488,23-08-2024,不喜欢,"$1,872.00"
RT-963,ORD-4607,R-1631,2026-09-17,发错货,"1 995,00"
RT-964,ORD-14827,SKU1245,09/21/2024,发错货,4294
RT-965,ORD-7399,REF-1378,2025-09-02,质量问题,"$3,138.00"
RT-966,ORD-9017,MD-1542,2026-10-17,质量问题,2824
RT-967,ORD-3425,SKU1767,2024-10-04,发错货,3022
RT-968,ORD-539,MD-1133,03/13/2024,质量问题,"$4,456.00"
RT-969,ORD-8970,R-1386,06/06/2024,发错货,4396
RT-970,ORD-1240,SKU1040,2025-06-09,尺寸不符,4554
RT-971,ORD-559,R-1660,07/17/2026,发错货,2 438
RT-972,ORD-4479,REF-1541,2024-04-27,不喜欢,247
RT-973,ORD-5431,REF-1170,05/18/2026,不喜欢,$48.00
RT-974,ORD-8295,REF-1655,2024-05-16,发错货,"$4,101.00"
RT-975,ORD-7201,SKU1453,2025-03-22,发错货,2901
RT-976,ORD-10920,REF-1116,20-09-2024,发错货,406
RT-977,ORD-2911,SKU1484,2024-04-13,不喜欢,2847
RT-978,ORD-733,R-1377,2026-08-04,尺寸不符,3345
RT-979,ORD-12319,SKU1384,2026-09-15,尺寸不符,2104
RT-980,ORD-2841,MD-1030,08/11/2026,破损,3336
RT-981,ORD-4135,MD-1080,20-07-2026,尺寸不符,"$3,566.00"
RT-982,ORD-8194,REF-1363,07/09/2024,发错货,1473
RT-983,ORD-13526,SKU1183,17-07-2024,破损,2564
RT-984,ORD-6321,MD-1380,15-04-2025,尺寸不符,"$4,439.00"
RT-985,ORD-1767,R-1289,28-09-2026,质量问题,2326
RT-986,ORD-10275,SKU1324,2026-09-24,不喜欢,2522
RT-987,ORD-6896,R-1175,2026-12-05,发错货,"4 813,00"
RT-988,ORD-13357,REF-1743,12/21/2025,发错货,717
RT-989,ORD-8376,R-1328,08/19/2025,破损,"$4,938.00"
RT-990,ORD-6673,R-1228,2024-10-15,尺寸不符,501
RT-991,ORD-1824,SKU1402,2024-01-18,发错货,"1 558,00"
RT-992,ORD-9164,REF-1550,2025-08-14,质量问题,463
RT-993,ORD-11128,MD-1270,22-07-2024,质量问题,"$3,021.00"
RT-994,ORD-2362,MD-1196,2026-06-02,发错货,2 006
RT-995,ORD-13487,REF-1429,05-10-2025,质量问题,"$2,728.00"
RT-996,ORD-14572,SKU1029,2024-07-10,质量问题,$788.00
RT-997,ORD-6292,R-1545,2026-12-21,不喜欢,"$1,504.00"
RT-998,ORD-14130,REF-1491,14-01-2025,质量问题,2584
RT-999,ORD-12114,R-1389,13-06-2026,破损,3821
RT-1000,ORD-2047,R-1215,01-01-2024,发错货,1100
RT-1001,ORD-2807,REF-1450,2025-07-23,发错货,3475
RT-1002,ORD-12846,REF-1103,09/10/2024,质量问题,4844
RT-1003,ORD-9794,MD-1049,2026-06-13,尺寸不符,"$1,258.00"
RT-1004,ORD-1758,SKU1002,07/01/2025,破损,"36,00"
RT-1005,ORD-14835,R-1690,2025-05-03,发错货,4 054
RT-1006,ORD-11699,REF-1136,12/16/2025,破损,3 975
RT-1007,ORD-7485,MD-1664,06/17/2026,尺寸不符,"$3,368.00"
RT-1008,ORD-6442,R-1047,2026-02-10,质量问题,"$1,233.00"
RT-1009,ORD-9007,SKU1118,05/24/2024,质量问题,4 082
RT-1010,ORD-7488,REF-1372,04/03/2025,不喜欢,3790
RT-1011,ORD-6182,SKU1222,2025-02-20,质量问题,"$3,393.00"
RT-1012,ORD-5417,R-1588,09/17/2026,不喜欢,"$4,460.00"
RT-1013,ORD-994,REF-1219,2025-10-12,质量问题,4964
RT-1014,ORD-10313,MD-1282,2024-10-24,质量问题,779
RT-1015,ORD-7405,REF-1155,01-11-2026,破损,$814.00
RT-1016,ORD-13870,MD-1167,01/01/2026,质量问题,"$2,729.00"
RT-1017,ORD-2969,SKU1341,2025-08-12,不喜欢,"$2,989.00"
RT-1018,ORD-13820,SKU1148,07/28/2026,破损,3285
RT-1019,ORD-13446,MD-1549,17-10-2026,质量问题,3957
RT-1020,ORD-13479,SKU1254,11/23/2026,发错货,4 863
RT-1021,ORD-10861,SKU1599,2026-02-05,破损,1326
RT-1022,ORD-14725,MD-1240,2024-07-03,质量问题,"$3,494.00"
RT-1023,ORD-11192,REF-1439,10/20/2026,质量问题,992
RT-1024,ORD-1419,REF-1414,08-08-2024,质量问题,"$2,751.00"
RT-1025,ORD-6165,R-1239,09/07/2025,质量问题,658
RT-1026,ORD-14828,SKU1653,02/13/2025,尺寸不符,"$3,777.00"
RT-1027,ORD-2355,REF-1745,2026-12-03,尺寸不符,$934.00
RT-1028,ORD-13861,SKU1484,10/14/2024,破损,"$2,168.00"
RT-1029,ORD-7418,REF-1261,02/04/2026,破损,3106
RT-1030,ORD-6908,REF-1099,09/10/2025,不喜欢,990
RT-1031,ORD-38,SKU1445,19-07-2025,尺寸不符,$633.00
RT-1032,ORD-10217,SKU1201,2024-10-27,质量问题,3883
RT-1033,ORD-5887,MD-1496,2026-04-28,破损,4254
RT-1034,ORD-6954,REF-1079,08/03/2025,破损,298
RT-1035,ORD-2913,REF-1696,2025-08-11,破损,4960
RT-1036,ORD-7993,SKU1218,16-11-2026,尺寸不符,1885
RT-1037,ORD-13881,MD-1089,06-04-2024,不喜欢,3 285
RT-1038,ORD-5332,REF-1042,10-07-2026,尺寸不符,"$4,379.00"
RT-1039,ORD-5696,MD-1581,2024-03-24,破损,1357
RT-1040,ORD-11666,R-1635,28-11-2024,破损,"$2,888.00"
RT-1041,ORD-2509,MD-1230,10/15/2026,发错货,2121
RT-1042,ORD-11573,MD-1347,2024-02-11,质量问题,2513
RT-1043,ORD-4574,REF-1622,2026-07-02,尺寸不符,"$1,472.00"
RT-1044,ORD-1102,MD-1757,12-01-2024,发错货,$260.00
RT-1045,ORD-1163,SKU1326,19-06-2025,破损,$144.00
RT-1046,ORD-2387,MD-1052,10/23/2024,尺寸不符,1859
RT-1047,ORD-13150,MD-1181,2025-08-02,不喜欢,"$3,014.00"
RT-1048,ORD-10071,REF-1514,2026-03-21,尺寸不符,"$2,084.00"
RT-1049,ORD-5300,SKU1051,01/03/2024,破损,"$3,263.00"
RT-1050,ORD-587,SKU1612,08-12-2026,发错货,"$4,871.00"
RT-1051,ORD-3488,MD-1421,2024-03-28,质量问题,305
RT-1052,ORD-2790,MD-1466,2025-04-25,质量问题,$322.00
RT-1053,ORD-3390,SKU1763,23-08-2024,破损,2930
RT-1054,ORD-7745,MD-1505,04/14/2026,尺寸不符,253
RT-1055,ORD-6549,REF-1243,08/01/2024,破损,2844
RT-1056,ORD-3892,MD-1143,2024-02-14,尺寸不符,4075
RT-1057,ORD-5344,MD-1761,04/27/2026,尺寸不符,"$4,544.00"
RT-1058,ORD-1856,R-1420,2025-12-20,发错货,4316
RT-1059,ORD-3665,MD-1191,10/12/2025,破损,"$1,092.00"
RT-1060,ORD-13477,REF-1483,2025-09-20,质量问题,1384
RT-1061,ORD-11113,MD-1210,2024-03-05,发错货,3014
RT-1062,ORD-5994,MD-1149,2026-10-07,发错货,1752
RT-1063,ORD-9629,MD-1023,01/13/2025,质量问题,"$2,942.00"
RT-1064,ORD-12125,SKU1095,2025-03-12,发错货,2943
RT-1065,ORD-5148,R-1355,09/09/2026,不喜欢,4075
RT-1066,ORD-6741,SKU1784,04/06/2026,不喜欢,1 774
RT-1067,ORD-8065,SKU1593,09/02/2026,尺寸不符,2822
RT-1068,ORD-13274,MD-1516,07-10-2024,质量问题,3 393
RT-1069,ORD-14802,SKU1589,2024-04-02,发错货,4655
RT-1070,ORD-2317,REF-1319,02/08/2024,破损,197
RT-1071,ORD-3121,REF-1319,2024-03-22,发错货,3335
RT-1072,ORD-5571,MD-1113,2024-10-01,发错货,435
RT-1073,ORD-14761,SKU1477,06-05-2026,不喜欢,2641
RT-1074,ORD-959,R-1473,11/11/2025,质量问题,2282
RT-1075,ORD-14648,REF-1741,18-04-2026,不喜欢,1787
RT-1076,ORD-7605,MD-1634,08-11-2026,发错货,3129
RT-1077,ORD-12155,REF-1529,15-03-2024,尺寸不符,3583
RT-1078,ORD-5307,SKU1114,16-12-2025,尺寸不符,"$1,460.00"
RT-1079,ORD-2867,R-1312,2026-11-24,发错货,4038
RT-1080,ORD-12550,MD-1086,2024-04-08,发错货,2 443
RT-1081,ORD-8267,MD-1522,2025-12-08,破损,4049
RT-1082,ORD-3800,REF-1626,2024-03-22,发错货,4 292
RT-1083,ORD-9463,SKU1183,2026-12-20,质量问题,4003
RT-1084,ORD-10242,R-1441,2025-04-16,尺寸不符,3 514
RT-1085,ORD-13172,SKU1046,05/13/2025,发错货,801
RT-1086,ORD-13461,SKU1031,2026-02-25,尺寸不符,627
RT-1087,ORD-10092,SKU1356,07/17/2025,质量问题,75
RT-1088,ORD-4881,MD-1509,11/13/2025,不喜欢,"199,00"
RT-1089,ORD-10927,R-1503,2025-01-25,破损,1 591
RT-1090,ORD-11567,REF-1323,26-05-2024,不喜欢,2352
RT-1091,ORD-5637,MD-1339,04-10-2026,不喜欢,4590
RT-1092,ORD-12766,R-1234,2025-12-23,破损,"$1,779.00"
RT-1093,ORD-1111,SKU1346,2024-12-05,破损,1698
RT-1094,ORD-7688,REF-1741,09/17/2026,质量问题,2 503
RT-1095,ORD-10690,R-1631,2025-12-08,不喜欢,$643.00
RT-1096,ORD-10536,MD-1091,25-06-2025,发错货,"$3,544.00"
RT-1097,ORD-7512,REF-1629,2024-07-01,破损,3 061
RT-1098,ORD-3213,REF-1073,2026-09-02,质量问题,1025
RT-1099,ORD-12465,REF-1266,2024-07-13,发错货,1342
RT-1100,ORD-4901,MD-1225,10/11/2024,发错货,1906
RT-1101,ORD-10071,SKU1357,04-06-2024,破损,1181
RT-1102,ORD-14594,REF-1352,06/09/2024,尺寸不符,1015
RT-1103,ORD-6733,R-1418,11/14/2024,质量问题,3598
RT-1104,ORD-3213,MD-1436,06-04-2026,发错货,"$2,575.00"
RT-1105,ORD-11906,MD-1305,2026-10-12,发错货,"389,00"
RT-1106,ORD-3252,REF-1688,2025-07-21,发错货,4924
RT-1107,ORD-6082,MD-1351,2024-11-08,尺寸不符,"$1,087.00"
RT-1108,ORD-7321,MD-1017,12/22/2025,发错货,3449
RT-1109,ORD-12236,MD-1638,04/14/2025,质量问题,"$1,860.00"
RT-1110,ORD-3494,MD-1496,06/27/2025,不喜欢,"$4,433.00"
RT-1111,ORD-1445,REF-1608,11/10/2026,发错货,"$3,315.00"
RT-1112,ORD-9561,REF-1045,2026-06-19,发错货,"$1,551.00"
RT-1113,ORD-11098,SKU1671,10/03/2026,破损,2182
RT-1114,ORD-3447,REF-1211,2024-04-21,尺寸不符,391
RT-1115,ORD-9819,REF-1491,03/27/2026,质量问题,"$2,335.00"
RT-1116,ORD-1708,R-1418,2024-07-10,破损,"$4,277.00"
RT-1117,ORD-6149,REF-1325,15-12-2026,破损,489
RT-1118,ORD-2908,R-1015,2026-05-23,发错货,"$4,524.00"
RT-1119,ORD-11773,SKU1395,07/07/2024,尺寸不符,3 908
RT-1120,ORD-4352,REF-1037,12/21/2026,质量问题,2 474
RT-1121,ORD-5545,SKU1423,08/22/2024,破损,673
RT-1122,ORD-13644,SKU1367,06/16/2025,不喜欢,131
RT-1123,ORD-14148,REF-1745,10/01/2025,发错货,"144,00"
RT-1124,ORD-4581,MD-1417,11/06/2024,发错货,808
RT-1125,ORD-4116,R-1223,03/05/2026,尺寸不符,"1 924,00"
RT-1126,ORD-3668,MD-1154,12/12/2026,破损,1711
RT-1127,ORD-6657,REF-1529,2024-04-11,质量问题,926
RT-1128,ORD-14747,R-1521,09/04/2025,不喜欢,"2 245,00"
RT-1129,ORD-8364,REF-1540,2026-02-26,破损,4572
RT-1130,ORD-3134,MD-1303,2025-06-19,尺寸不符,2 400
RT-1131,ORD-10018,MD-1467,2026-01-08,尺寸不符,"$3,448.00"
RT-1132,ORD-6836,R-1600,2026-12-24,破损,"$4,469.00"
RT-1133,ORD-14139,R-1078,2024-12-01,发错货,"$1,782.00"
RT-1134,ORD-353,R-1618,2024-09-14,质量问题,2031
RT-1135,ORD-644,R-1703,07/15/2025,发错货,"4 104,00"
RT-1136,ORD-4825,MD-1442,05/19/2025,不喜欢,3805
RT-1137,ORD-14216,REF-1021,2024-04-13,尺寸不符,1 258
RT-1138,ORD-13780,REF-1403,19-03-2026,破损,4671
RT-1139,ORD-5800,R-1336,09-11-2026,不喜欢,3617
RT-1140,ORD-579,REF-1053,08/19/2024,质量问题,3656
RT-1141,ORD-7790,REF-1028,08-08-2026,发错货,"1 826,00"
RT-1142,ORD-10349,REF-1199,2024-03-28,质量问题,"$3,761.00"
RT-1143,ORD-967,MD-1169,2025-11-05,尺寸不符,2 133
RT-1144,ORD-12922,R-1001,2024-01-04,破损,189
RT-1145,ORD-5718,MD-1724,02/20/2024,破损,"$1,704.00"
RT-1146,ORD-8230,SKU1687,11/03/2024,尺寸不符,$688.00
RT-1147,ORD-9186,R-1252,09/13/2024,不喜欢,3401
RT-1148,ORD-1807,REF-1728,02/25/2024,破损,4421
RT-1149,ORD-7864,REF-1529,25-10-2025,破损,2673
RT-1150,ORD-13462,MD-1479,02/16/2026,不喜欢,"$1,671.00"
RT-1151,ORD-3250,SKU1134,14-03-2024,尺寸不符,379
RT-1152,ORD-14127,MD-1489,08/07/2024,不喜欢,"1 054,00"
RT-1153,ORD-5981,REF-1067,10/28/2026,质量问题,3010
RT-1154,ORD-4413,R-1468,11-06-2026,破损,3 141
RT-1155,ORD-14928,MD-1782,08/11/2024,不喜欢,3137
RT-1156,ORD-7628,MD-1428,2026-08-06,质量问题,1297
RT-1157,ORD-4362,MD-1052,2026-01-15,尺寸不符,785
RT-1158,ORD-9395,MD-1390,22-06-2025,尺寸不符,"$2,910.00"
RT-1159,ORD-1640,REF-1741,05-09-2026,发错货,2398
RT-1160,ORD-6882,SKU1048,02/14/2026,发错货,3 093
RT-1161,ORD-14728,REF-1769,27-05-2024,破损,"$4,369.00"
RT-1162,ORD-13540,REF-1439,2026-03-27,不喜欢,3122
RT-1163,ORD-6009,REF-1719,2025-01-05,不喜欢,$20.00
RT-1164,ORD-7650,MD-1304,2026-08-11,不喜欢,3909
RT-1165,ORD-4298,SKU1445,2024-04-05,尺寸不符,4 257
RT-1166,ORD-6382,R-1760,07/03/2025,破损,1089
RT-1167,ORD-1898,R-1646,03/21/2026,不喜欢,4110
RT-1168,ORD-8898,SKU1675,2026-01-21,发错货,576
RT-1169,ORD-841,MD-1596,02/18/2024,破损,"2 109,00"
RT-1170,ORD-6854,SKU1029,2026-08-20,不喜欢,1041
RT-1171,ORD-9041,MD-1374,06/03/2024,尺寸不符,"$1,320.00"
RT-1172,ORD-1088,REF-1734,11/13/2024,破损,1 360
RT-1173,ORD-12165,REF-1672,01-11-2025,破损,547
RT-1174,ORD-3032,MD-1534,14-11-2026,不喜欢,"$1,719.00"
RT-1175,ORD-205,MD-1291,03/16/2025,破损,555
RT-1176,ORD-14443,REF-1699,04-04-2025,发错货,"$4,437.00"
RT-1177,ORD-9456,R-1296,2026-09-09,发错货,4 003
RT-1178,ORD-13022,R-1705,06-11-2025,发错货,"473,00"
RT-1179,ORD-1665,R-1295,08-03-2025,尺寸不符,"4 808,00"
RT-1180,ORD-8188,MD-1230,08/05/2025,尺寸不符,"$4,144.00"
RT-1181,ORD-12304,R-1184,11-09-2025,尺寸不符,"$4,234.00"
RT-1182,ORD-14127,SKU1525,03/11/2026,发错货,4 731
RT-1183,ORD-12845,REF-1478,2025-02-12,破损,"3 601,00"
RT-1184,ORD-1223,MD-1250,2025-06-28,不喜欢,2346
RT-1185,ORD-6488,REF-1734,12/02/2025,尺寸不符,4535
RT-1186,ORD-2151,R-1567,17-11-2026,不喜欢,$199.00
RT-1187,ORD-1024,REF-1786,03/01/2024,尺寸不符,3131
RT-1188,ORD-5914,REF-1783,13-02-2024,质量问题,1002
RT-1189,ORD-12663,REF-1709,24-07-2025,尺寸不符,"$1,662.00"
RT-1190,ORD-4915,MD-1436,2026-12-23,质量问题,360
RT-1191,ORD-9896,MD-1746,09/19/2025,不喜欢,"$1,423.00"
RT-1192,ORD-1135,SKU1480,2024-03-05,不喜欢,1 957
RT-1193,ORD-5917,MD-1181,05/20/2026,发错货,4479
RT-1194,ORD-5668,REF-1185,2026-03-03,发错货,4 909
RT-1195,ORD-9866,REF-1286,2025-06-03,发错货,2539
RT-1196,ORD-9760,R-1567,17-12-2024,破损,"$3,775.00"
RT-1197,ORD-6911,R-1663,2024-10-21,发错货,1693
RT-1198,ORD-11736,SKU1370,2025-10-06,发错货,"$2,501.00"
RT-1199,ORD-6189,R-1229,2026-10-11,质量问题,3796
RT-1200,ORD-2081,SKU1513,19-01-2025,不喜欢,$977.00
