ticket_id,customer_id,subject,status,created_at,closed_at
TK-1,CUST-3429,退换货,closed,2026-10-13,2026-06-07
TK-2,CUST-1652,物流查询,OPEN,05/11/2025,
TK-3,CUST-3227,退换货,pending,06-09-2026,
TK-4,CUST-2583,发票问题,resolved,2026-04-24,
TK-5,CUST-3830,售后维修,closed,10/02/2025,2025-02-06
TK-6,CUST-4334,售后维修,resolved,08-12-2025,
TK-7,CUST-1260,售后维修,closed,2026-10-26,2026-11-18
TK-8,CUST-751,发票问题,closed,2025-06-13,2025-05-16
TK-9,CUST-335,售后维修,resolved,2026-04-04,
TK-10,CUST-4786,售后维修,resolved,26-06-2026,
TK-11,CUST-2769,投诉,closed,2026-05-04,02/09/2026
TK-12,CUST-4346,投诉,OPEN,06-07-2025,16-07-2026
TK-13,CUST-2221,退换货,pending,07/24/2025,
TK-14,CUST-3245,退换货,OPEN,2026-02-09,04/07/2025
TK-15,CUST-2405,退换货,closed,2026-10-25,
TK-16,CUST-480,售后维修,pending,2026-08-18,2025-10-21
TK-17,CUST-266,退换货,pending,2026-01-08,
TK-18,CUST-2353,售后维修,closed,2025-08-10,16-07-2026
TK-19,CUST-4515,发票问题,OPEN,03-11-2025,2025-10-06
TK-20,CUST-671,发票问题,OPEN,2026-03-09,02/28/2026
TK-21,CUST-4074,售后维修,closed,05/13/2026,2025-12-02
TK-22,CUST-2993,退换货,pending,2025-08-28,
TK-23,CUST-3837,售后维修,resolved,04/08/2026,08/08/2026
TK-24,CUST-2325,发票问题,pending,01/27/2025,2025-09-21
TK-25,CUST-2422,物流查询,open,08/22/2025,2025-07-02
TK-26,CUST-4531,发票问题,open,2025-07-24,2025-07-25
TK-27,CUST-4158,发票问题,OPEN,2025-04-09,
TK-28,CUST-59,退换货,closed,2026-08-02,
TK-29,CUST-779,售后维修,OPEN,10-08-2025,10-05-2025
TK-30,CUST-4334,投诉,closed,2026-11-13,09/23/2026
TK-31,CUST-2466,退换货,open,12/28/2026,2025-11-10
TK-32,CUST-3833,售后维修,closed,06/09/2025,07-12-2025
TK-33,CUST-1238,退换货,open,10-01-2025,12/05/2026
TK-34,CUST-2425,投诉,open,11-09-2026,2026-01-02
TK-35,CUST-3352,物流查询,closed,04/03/2025,12-10-2025
TK-36,CUST-1186,投诉,closed,2025-04-01,2025-01-12
TK-37,CUST-2749,退换货,pending,04/06/2026,
TK-38,CUST-933,退换货,resolved,03/03/2025,24-08-2025
TK-39,CUST-4405,售后维修,OPEN,2026-01-12,02/16/2025
TK-40,CUST-418,发票问题,pending,2025-07-25,10/08/2025
TK-41,CUST-3577,退换货,resolved,2025-12-09,01/11/2026
TK-42,CUST-1814,售后维修,resolved,06/13/2025,2025-09-27
TK-43,CUST-2023,物流查询,closed,2025-05-15,2025-07-12
TK-44,CUST-3438,投诉,closed,13-01-2026,
TK-45,CUST-662,发票问题,OPEN,2026-10-16,2025-08-20
TK-46,CUST-566,投诉,pending,2026-12-01,2026-10-17
TK-47,CUST-3826,物流查询,OPEN,2026-02-28,
TK-48,CUST-2730,物流查询,resolved,2025-12-11,2026-03-21
TK-49,CUST-2649,发票问题,closed,2025-01-11,24-05-2026
TK-50,CUST-2575,发票问题,OPEN,08/22/2025,
TK-51,CUST-4925,退换货,OPEN,2026-12-04,
TK-52,CUST-2331,发票问题,closed,2026-05-04,
TK-53,CUST-2114,售后维修,OPEN,2025-02-14,2026-02-26
TK-54,CUST-4534,投诉,open,10/03/2025,01/21/2025
TK-55,CUST-3649,售后维修,closed,2026-06-24,2026-12-06
TK-56,CUST-630,投诉,closed,06/11/2026,2025-08-14
TK-57,CUST-1275,退换货,OPEN,2025-08-03,
TK-58,CUST-1380,物流查询,pending,06-12-2026,
TK-59,CUST-1023,发票问题,OPEN,20-04-2026,2026-01-27
TK-60,CUST-2527,售后维修,closed,2025-06-03,11/10/2025
TK-61,CUST-2888,退换货,pending,2026-04-06,2025-11-19
TK-62,CUST-1781,发票问题,pending,2025-08-25,02/25/2025
TK-63,CUST-3468,发票问题,open,2025-07-09,2026-07-12
TK-64,CUST-1003,发票问题,resolved,2025-04-25,2025-06-06
TK-65,CUST-2690,发票问题,resolved,10/03/2026,12/10/2025
TK-66,CUST-2471,退换货,OPEN,11/06/2026,
TK-67,CUST-3367,发票问题,closed,06/22/2025,12/25/2025
TK-68,CUST-1109,物流查询,open,08/18/2026,2026-02-09
TK-69,CUST-2180,退换货,closed,2025-12-22,10/02/2026
TK-70,CUST-2731,投诉,pending,09/22/2026,13-06-2026
TK-71,CUST-1206,退换货,open,11/25/2026,16-12-2025
TK-72,CUST-2930,售后维修,open,02-10-2025,
TK-73,CUST-3791,物流查询,OPEN,01-11-2026,2025-12-24
TK-74,CUST-1731,退换货,closed,2026-04-28,22-07-2025
TK-75,CUST-716,投诉,closed,2026-12-09,2026-03-28
TK-76,CUST-2766,物流查询,open,08/16/2026,
TK-77,CUST-1831,发票问题,pending,2026-04-02,26-03-2026
TK-78,CUST-2715,售后维修,resolved,02/10/2025,2026-02-02
TK-79,CUST-2714,售后维修,open,04/05/2025,10-04-2025
TK-80,CUST-1921,发票问题,resolved,11/27/2025,2026-04-05
TK-81,CUST-2445,投诉,OPEN,12/26/2026,03-07-2025
TK-82,CUST-4585,发票问题,open,2026-07-10,01-09-2025
TK-83,CUST-2943,售后维修,pending,01/03/2025,08/10/2025
TK-84,CUST-4670,投诉,OPEN,08-09-2026,2025-01-09
TK-85,CUST-3621,投诉,closed,2025-02-08,2025-09-03
TK-86,CUST-2553,发票问题,open,2026-10-03,25-03-2026
TK-87,CUST-3888,投诉,open,2025-11-16,08/16/2025
TK-88,CUST-100,售后维修,OPEN,2025-05-24,2026-07-07
TK-89,CUST-358,投诉,pending,08/22/2025,11/07/2026
TK-90,CUST-1167,退换货,open,06/10/2025,2025-09-05
TK-91,CUST-2766,投诉,closed,2026-12-07,2026-08-21
TK-92,CUST-577,退换货,resolved,07-02-2026,2025-12-18
TK-93,CUST-1483,物流查询,resolved,2025-08-20,
TK-94,CUST-4228,退换货,open,2026-05-01,2025-09-25
TK-95,CUST-1261,物流查询,open,2026-12-05,22-01-2026
TK-96,CUST-1539,退换货,OPEN,06/21/2026,2026-03-27
TK-97,CUST-182,投诉,OPEN,08/08/2026,2025-11-11
TK-98,CUST-2307,物流查询,pending,12/17/2026,2026-12-17
TK-99,CUST-4303,发票问题,closed,20-08-2025,2025-11-17
TK-100,CUST-2795,物流查询,resolved,2025-05-10,2025-03-09
TK-101,CUST-4796,发票问题,pending,2026-04-22,2025-01-08
TK-102,CUST-587,退换货,resolved,24-02-2025,26-06-2025
TK-103,CUST-1196,发票问题,closed,04/11/2025,2025-02-08
TK-104,CUST-4742,退换货,open,21-03-2026,2026-07-17
TK-105,CUST-2702,发票问题,open,2026-06-05,12/23/2025
TK-106,CUST-1068,投诉,open,2025-10-23,2026-04-09
TK-107,CUST-2852,投诉,pending,2026-08-12,2025-01-16
TK-108,CUST-2060,物流查询,closed,08/27/2025,2026-12-06
TK-109,CUST-785,退换货,pending,2025-12-09,
TK-110,CUST-4943,退换货,closed,09-10-2026,
TK-111,CUST-3514,退换货,open,17-06-2025,09/28/2025
TK-112,CUST-3934,售后维修,closed,2026-07-14,2025-03-07
TK-113,CUST-2531,发票问题,open,2026-08-11,2026-05-15
TK-114,CUST-4034,投诉,closed,2025-05-27,2026-11-25
TK-115,CUST-3388,物流查询,resolved,2026-06-12,2025-11-20
TK-116,CUST-3666,投诉,pending,06/07/2026,11/01/2025
TK-117,CUST-2522,退换货,open,2025-04-12,2026-09-11
TK-118,CUST-3608,投诉,OPEN,2026-08-10,2025-02-08
TK-119,CUST-346,退换货,resolved,2026-06-17,2026-10-01
TK-120,CUST-4267,退换货,resolved,2026-11-12,23-01-2025
TK-121,CUST-1382,售后维修,closed,10-01-2026,2026-02-19
TK-122,CUST-390,投诉,closed,2025-01-06,2025-07-12
TK-123,CUST-3410,发票问题,OPEN,2025-01-18,24-11-2026
TK-124,CUST-2753,物流查询,resolved,2025-10-24,04/16/2026
TK-125,CUST-2848,退换货,OPEN,10/05/2026,02/22/2026
TK-126,CUST-840,发票问题,open,2026-03-10,
TK-127,CUST-1787,投诉,resolved,11/08/2026,2026-11-15
TK-128,CUST-4513,物流查询,resolved,2026-05-07,11/15/2026
TK-129,CUST-3334,退换货,open,02/14/2026,
TK-130,CUST-4966,物流查询,open,06/04/2026,01/20/2025
TK-131,CUST-1581,售后维修,OPEN,2026-09-11,
TK-132,CUST-4452,售后维修,open,05/19/2026,02/04/2025
TK-133,CUST-2473,物流查询,resolved,2025-04-20,2025-07-08
TK-134,CUST-4438,发票问题,OPEN,2025-09-05,2026-09-13
TK-135,CUST-2219,投诉,open,03/22/2025,07/16/2026
TK-136,CUST-226,发票问题,resolved,10/02/2025,11-05-2025
TK-137,CUST-372,退换货,closed,11-02-2026,2026-07-27
TK-138,CUST-1017,退换货,open,2026-04-09,
TK-139,CUST-1188,售后维修,closed,2025-07-02,11-07-2025
TK-140,CUST-627,退换货,resolved,2026-03-15,2025-12-27
TK-141,CUST-2306,发票问题,closed,02/25/2026,2026-07-12
TK-142,CUST-3883,售后维修,resolved,2025-01-09,10/27/2026
TK-143,CUST-2545,物流查询,pending,2025-04-01,11/16/2025
TK-144,CUST-466,物流查询,closed,03/14/2025,
TK-145,CUST-1770,售后维修,closed,2025-05-03,2026-05-04
TK-146,CUST-4102,售后维修,OPEN,28-03-2025,03-05-2026
TK-147,CUST-2671,售后维修,OPEN,2025-03-28,2025-08-15
TK-148,CUST-3827,售后维修,resolved,2025-08-23,2025-03-22
TK-149,CUST-1191,投诉,open,2025-05-20,24-04-2026
TK-150,CUST-2815,发票问题,resolved,07-08-2025,2026-12-05
TK-151,CUST-1315,售后维修,OPEN,04/20/2026,2025-06-06
TK-152,CUST-2791,发票问题,open,2025-12-17,09/12/2025
TK-153,CUST-4005,投诉,closed,02/01/2026,01/28/2026
TK-154,CUST-3317,发票问题,resolved,2026-01-19,2025-12-16
TK-155,CUST-1464,物流查询,pending,2025-12-17,2026-02-11
TK-156,CUST-230,发票问题,closed,2026-01-26,06-09-2026
TK-157,CUST-1525,投诉,resolved,10-08-2025,12-02-2025
TK-158,CUST-1353,物流查询,closed,2025-02-01,
TK-159,CUST-88,退换货,OPEN,03/08/2026,
TK-160,CUST-4292,投诉,resolved,07/27/2025,
TK-161,CUST-1217,退换货,OPEN,11-11-2025,08/24/2025
TK-162,CUST-3274,投诉,pending,2025-05-17,2025-11-11
TK-163,CUST-1193,投诉,open,2025-10-20,2025-04-16
TK-164,CUST-732,售后维修,closed,03/14/2026,2026-12-20
TK-165,CUST-141,发票问题,resolved,06/02/2026,2025-05-22
TK-166,CUST-3672,发票问题,OPEN,04/15/2025,19-03-2026
TK-167,CUST-3436,发票问题,open,2026-01-27,10/09/2025
TK-168,CUST-1254,退换货,pending,11-09-2026,10/13/2026
TK-169,CUST-2247,发票问题,open,12/11/2025,11/27/2025
TK-170,CUST-2920,退换货,open,01/27/2026,
TK-171,CUST-1986,投诉,resolved,09/08/2025,2025-11-24
TK-172,CUST-1551,物流查询,pending,2026-06-03,07/03/2025
TK-173,CUST-3666,投诉,closed,2026-07-23,2025-11-09
TK-174,CUST-807,投诉,OPEN,2025-08-22,
TK-175,CUST-342,物流查询,open,2025-11-24,04-08-2026
TK-176,CUST-4258,售后维修,open,21-03-2025,2026-11-12
TK-177,CUST-2397,售后维修,OPEN,2026-05-25,19-03-2025
TK-178,CUST-798,发票问题,OPEN,2026-09-20,08/24/2026
TK-179,CUST-378,售后维修,open,2025-05-13,
TK-180,CUST-1406,物流查询,closed,2026-09-18,2025-03-18
TK-181,CUST-4655,售后维修,closed,12-07-2025,01/05/2025
TK-182,CUST-4192,退换货,pending,15-07-2026,2026-04-11
TK-183,CUST-3821,物流查询,OPEN,2025-12-20,2025-11-22
TK-184,CUST-1077,退换货,pending,02/21/2026,12/06/2026
TK-185,CUST-2305,售后维修,open,2026-05-05,2025-12-24
TK-186,CUST-4777,投诉,closed,2025-07-24,2026-10-20
TK-187,CUST-804,投诉,open,05/26/2025,18-12-2025
TK-188,CUST-3751,售后维修,closed,2025-02-13,10-10-2026
TK-189,CUST-4862,投诉,pending,2025-04-06,2026-04-08
TK-190,CUST-4717,退换货,pending,11-03-2026,2026-10-28
TK-191,CUST-1234,售后维修,pending,11-07-2026,03/18/2025
TK-192,CUST-4745,投诉,OPEN,03/26/2026,06/19/2025
TK-193,CUST-1783,发票问题,resolved,2025-01-17,2025-10-12
TK-194,CUST-2384,发票问题,resolved,03/03/2026,2026-11-08
TK-195,CUST-3933,物流查询,resolved,04/05/2026,19-01-2026
TK-196,CUST-4813,发票问题,closed,03/18/2025,
TK-197,CUST-3356,物流查询,pending,2025-10-18,08/07/2025
TK-198,CUST-1038,发票问题,OPEN,06/25/2026,2026-01-26
TK-199,CUST-4242,售后维修,OPEN,27-01-2026,06/19/2026
TK-200,CUST-1290,投诉,resolved,13-12-2026,02-10-2025
TK-201,CUST-101,物流查询,OPEN,2025-07-24,10/15/2026
TK-202,CUST-2235,退换货,OPEN,11/16/2026,12/12/2026
TK-203,CUST-2867,投诉,closed,2025-04-15,
TK-204,CUST-320,投诉,resolved,2026-07-10,2026-06-16
TK-205,CUST-4326,物流查询,closed,02/24/2026,
TK-206,CUST-1092,售后维修,closed,2026-07-03,2025-08-02
TK-207,CUST-3186,物流查询,closed,10/16/2025,2026-03-18
TK-208,CUST-2011,投诉,open,03-05-2026,07/17/2026
TK-209,CUST-1569,投诉,open,02-07-2025,07/18/2026
TK-210,CUST-1745,售后维修,open,2026-09-10,2025-12-06
TK-211,CUST-1803,售后维修,closed,09/24/2025,2026-06-15
TK-212,CUST-3779,投诉,open,18-10-2026,19-02-2025
TK-213,CUST-1827,退换货,OPEN,2026-07-07,2025-02-01
TK-214,CUST-3058,物流查询,pending,19-02-2026,
TK-215,CUST-1306,售后维修,open,2026-05-02,2026-11-10
TK-216,CUST-4658,发票问题,closed,10/10/2025,
TK-217,CUST-3887,退换货,resolved,05/10/2025,05/18/2026
TK-218,CUST-4597,售后维修,pending,2026-01-05,2025-05-25
TK-219,CUST-761,发票问题,open,06-04-2025,11/14/2025
TK-220,CUST-1699,发票问题,open,11-12-2026,
TK-221,CUST-628,售后维修,open,2026-11-01,2025-05-02
TK-222,CUST-428,投诉,resolved,2025-10-08,2025-12-23
TK-223,CUST-3504,发票问题,pending,2025-05-16,21-08-2025
TK-224,CUST-3523,退换货,closed,2025-01-06,2025-06-13
TK-225,CUST-1405,退换货,resolved,07/07/2025,06-12-2026
TK-226,CUST-2710,售后维修,resolved,2025-11-08,16-03-2026
TK-227,CUST-1230,退换货,open,2026-05-26,02/11/2026
TK-228,CUST-4242,投诉,OPEN,2026-12-10,10/08/2025
TK-229,CUST-1402,物流查询,pending,09-05-2025,
TK-230,CUST-1493,退换货,closed,2025-10-18,
TK-231,CUST-100,物流查询,pending,08/25/2025,10-10-2025
TK-232,CUST-3148,售后维修,resolved,14-02-2025,2026-10-14
TK-233,CUST-4817,物流查询,open,2025-03-13,2025-10-18
TK-234,CUST-321,投诉,open,2026-03-17,2026-03-10
TK-235,CUST-1739,物流查询,resolved,2025-12-11,2025-12-01
TK-236,CUST-4242,物流查询,open,12/11/2025,04/23/2025
TK-237,CUST-3249,投诉,pending,09/25/2026,2025-02-17
TK-238,CUST-153,物流查询,closed,2025-08-06,11/04/2025
TK-239,CUST-2789,投诉,closed,01/07/2025,08/17/2025
TK-240,CUST-2781,售后维修,resolved,09/27/2025,2026-04-28
TK-241,CUST-1553,发票问题,pending,2025-04-10,01-01-2025
TK-242,CUST-1186,投诉,pending,2025-02-11,2026-03-01
TK-243,CUST-1712,售后维修,closed,2025-01-04,11/05/2026
TK-244,CUST-407,退换货,resolved,12/10/2026,12/14/2026
TK-245,CUST-3805,物流查询,pending,07/21/2025,2025-06-02
TK-246,CUST-344,物流查询,closed,06/02/2026,08/13/2025
TK-247,CUST-3970,发票问题,resolved,21-10-2025,18-05-2025
TK-248,CUST-1409,退换货,closed,2025-09-14,
TK-249,CUST-4400,退换货,pending,2026-10-26,2026-02-26
TK-250,CUST-3810,投诉,resolved,12/09/2025,2026-01-27
TK-251,CUST-3183,售后维修,OPEN,2025-07-15,2026-05-09
TK-252,CUST-3642,售后维修,OPEN,2025-01-03,2025-10-07
TK-253,CUST-3263,投诉,open,2025-03-12,2025-07-22
TK-254,CUST-168,投诉,open,2025-12-15,24-02-2026
TK-255,CUST-3690,投诉,open,17-12-2026,2025-12-20
TK-256,CUST-1493,售后维修,pending,09/25/2025,2026-03-13
TK-257,CUST-4168,发票问题,OPEN,2026-09-10,10-10-2025
TK-258,CUST-2893,投诉,resolved,06/07/2025,2025-07-13
TK-259,CUST-2926,发票问题,OPEN,2025-05-09,26-09-2025
TK-260,CUST-2085,售后维修,closed,09/12/2026,2025-01-04
TK-261,CUST-3152,退换货,OPEN,01/14/2025,05-11-2025
TK-262,CUST-4484,售后维修,pending,2026-07-24,15-09-2026
TK-263,CUST-989,物流查询,pending,10-05-2026,2025-08-25
TK-264,CUST-1529,投诉,closed,2025-09-09,2025-01-16
TK-265,CUST-3777,物流查询,OPEN,2026-04-22,
TK-266,CUST-4695,物流查询,open,05/21/2025,2025-08-12
TK-267,CUST-2971,物流查询,closed,2026-07-03,2025-05-09
TK-268,CUST-4361,退换货,pending,16-07-2025,05/28/2026
TK-269,CUST-371,物流查询,resolved,21-02-2026,2025-08-20
TK-270,CUST-297,售后维修,resolved,20-06-2026,2025-06-24
TK-271,CUST-1564,投诉,open,2025-06-01,24-11-2025
TK-272,CUST-4776,物流查询,resolved,06/19/2025,04/17/2026
TK-273,CUST-3929,售后维修,open,24-07-2026,10-02-2026
TK-274,CUST-831,投诉,OPEN,2026-04-05,2026-08-24
TK-275,CUST-265,售后维修,OPEN,2026-11-13,2026-02-27
TK-276,CUST-1944,投诉,closed,02-08-2025,08/18/2025
TK-277,CUST-2466,退换货,OPEN,01-08-2026,05/03/2026
TK-278,CUST-2107,发票问题,open,2026-08-16,21-12-2025
TK-279,CUST-3414,物流查询,closed,01/12/2025,2026-08-11
TK-280,CUST-2534,物流查询,resolved,2025-02-04,23-11-2025
TK-281,CUST-2510,退换货,resolved,2026-04-27,
TK-282,CUST-3885,发票问题,OPEN,2025-08-25,2026-09-27
TK-283,CUST-4871,售后维修,closed,2025-07-16,2025-05-03
TK-284,CUST-2159,退换货,open,2025-02-12,2026-09-02
TK-285,CUST-3092,物流查询,OPEN,2026-10-08,
TK-286,CUST-1165,物流查询,open,2026-12-13,2025-10-23
TK-287,CUST-2264,物流查询,OPEN,2026-10-20,09/26/2026
TK-288,CUST-3363,售后维修,pending,2026-03-26,
TK-289,CUST-4466,售后维修,closed,17-03-2025,2026-02-04
TK-290,CUST-4500,发票问题,open,2026-12-11,
TK-291,CUST-1323,退换货,open,2025-11-14,12/12/2026
TK-292,CUST-2770,发票问题,open,28-09-2025,19-02-2026
TK-293,CUST-3790,物流查询,OPEN,14-06-2025,2026-08-14
TK-294,CUST-1080,退换货,resolved,2026-07-05,02/19/2026
TK-295,CUST-3441,投诉,resolved,17-03-2026,2026-05-24
TK-296,CUST-2261,物流查询,OPEN,09/11/2026,
TK-297,CUST-1410,投诉,open,2026-08-24,2025-05-11
TK-298,CUST-803,发票问题,OPEN,04/09/2025,2026-12-20
TK-299,CUST-3893,售后维修,OPEN,2025-09-03,
TK-300,CUST-3926,发票问题,OPEN,2026-12-19,2026-08-14
TK-301,CUST-1660,售后维修,resolved,06/12/2026,2026-04-07
TK-302,CUST-83,投诉,pending,08/21/2026,2026-10-12
TK-303,CUST-4297,物流查询,closed,08/25/2025,2026-01-13
TK-304,CUST-1395,发票问题,OPEN,11/14/2026,06/23/2025
TK-305,CUST-3997,物流查询,closed,10/05/2025,2026-01-27
TK-306,CUST-1936,投诉,closed,2026-12-02,2026-11-24
TK-307,CUST-3333,投诉,closed,2025-11-03,2025-03-27
TK-308,CUST-1124,退换货,pending,22-12-2026,04/10/2025
TK-309,CUST-3701,物流查询,resolved,2026-11-10,
TK-310,CUST-608,物流查询,open,2026-12-21,2026-09-13
TK-311,CUST-127,售后维修,OPEN,2026-09-03,08/19/2026
TK-312,CUST-505,发票问题,open,28-05-2026,2025-10-24
TK-313,CUST-1244,物流查询,pending,11/03/2026,07-07-2026
TK-314,CUST-4958,物流查询,resolved,06/15/2026,2025-02-23
TK-315,CUST-4691,发票问题,open,2026-06-15,10/27/2025
TK-316,CUST-4950,物流查询,pending,05/17/2026,2026-02-01
TK-317,CUST-1922,退换货,OPEN,03/14/2026,06/12/2025
TK-318,CUST-2058,售后维修,resolved,2025-05-11,2025-07-26
TK-319,CUST-3285,退换货,resolved,02/27/2025,11-05-2025
TK-320,CUST-2469,物流查询,open,2025-07-24,2025-06-18
TK-321,CUST-3762,发票问题,closed,02/21/2025,2026-02-14
TK-322,CUST-2544,投诉,OPEN,12/18/2026,
TK-323,CUST-3200,投诉,resolved,2025-03-06,2025-11-03
TK-324,CUST-2029,售后维修,pending,20-03-2026,2025-05-11
TK-325,CUST-4011,退换货,pending,06/14/2025,2025-03-02
TK-326,CUST-3982,发票问题,open,2026-12-11,
TK-327,CUST-1699,发票问题,OPEN,17-06-2026,2026-06-19
TK-328,CUST-1376,物流查询,resolved,2025-11-05,26-03-2026
TK-329,CUST-1622,发票问题,OPEN,05/26/2026,
TK-330,CUST-648,售后维修,closed,2025-04-12,16-12-2025
TK-331,CUST-1065,发票问题,resolved,2025-02-14,16-11-2025
TK-332,CUST-956,售后维修,open,2026-01-03,2025-07-25
TK-333,CUST-2341,发票问题,resolved,2026-09-06,12/22/2026
TK-334,CUST-889,物流查询,closed,02/14/2026,10/04/2026
TK-335,CUST-24,售后维修,OPEN,2025-02-21,2026-04-06
TK-336,CUST-3845,物流查询,open,20-06-2025,06/28/2026
TK-337,CUST-1319,退换货,pending,2026-02-14,06-02-2025
TK-338,CUST-3532,售后维修,open,2026-11-14,
TK-339,CUST-4215,发票问题,resolved,05/05/2026,06-02-2025
TK-340,CUST-2705,投诉,open,2025-10-11,2025-03-21
TK-341,CUST-4108,投诉,resolved,2026-09-12,23-11-2026
TK-342,CUST-3818,物流查询,closed,2026-05-25,
TK-343,CUST-1851,物流查询,open,10-07-2025,24-07-2026
TK-344,CUST-4680,发票问题,open,12-12-2026,2026-06-03
TK-345,CUST-2194,售后维修,pending,2026-12-25,
TK-346,CUST-1216,物流查询,resolved,2025-06-12,03-07-2025
TK-347,CUST-1437,发票问题,resolved,2025-06-26,2026-11-28
TK-348,CUST-2456,售后维修,closed,08-03-2025,2026-09-10
TK-349,CUST-3002,投诉,closed,05/06/2025,2026-01-25
TK-350,CUST-4278,发票问题,OPEN,2026-02-13,09/25/2026
TK-351,CUST-2773,物流查询,pending,03-06-2025,
TK-352,CUST-4376,发票问题,closed,14-07-2025,2025-01-23
TK-353,CUST-2304,退换货,open,20-02-2026,2025-11-01
TK-354,CUST-1788,发票问题,OPEN,04-11-2025,05/24/2026
TK-355,CUST-2760,物流查询,open,06/14/2026,25-11-2025
TK-356,CUST-1541,物流查询,pending,10/22/2026,2026-03-10
TK-357,CUST-2293,物流查询,open,2026-11-11,
TK-358,CUST-1171,售后维修,resolved,2026-02-10,11-08-2026
TK-359,CUST-1172,售后维修,resolved,07/14/2026,2025-10-14
TK-360,CUST-862,售后维修,open,2026-08-24,
TK-361,CUST-3215,退换货,resolved,07/24/2025,
TK-362,CUST-339,发票问题,pending,08/09/2026,2025-01-27
TK-363,CUST-450,售后维修,resolved,23-10-2026,01/16/2025
TK-364,CUST-1814,售后维修,pending,05/21/2026,2025-05-16
TK-365,CUST-1080,发票问题,open,2026-12-27,11/16/2025
TK-366,CUST-1932,发票问题,OPEN,02-05-2025,
TK-367,CUST-3938,投诉,pending,11/03/2026,2026-04-10
TK-368,CUST-1870,售后维修,closed,03/12/2025,03/20/2025
TK-369,CUST-3043,售后维修,pending,07/07/2026,05/23/2025
TK-370,CUST-3054,物流查询,open,2026-02-08,09/07/2026
TK-371,CUST-3491,物流查询,open,2026-06-25,2025-06-11
TK-372,CUST-1876,售后维修,closed,2025-10-14,08/07/2026
TK-373,CUST-982,售后维修,closed,02/26/2026,2025-07-23
TK-374,CUST-405,物流查询,pending,21-07-2026,2025-01-14
TK-375,CUST-1446,投诉,open,2025-08-10,
TK-376,CUST-4657,投诉,closed,2026-08-01,2026-09-17
TK-377,CUST-1008,退换货,open,2026-09-11,05-04-2025
TK-378,CUST-2412,售后维修,resolved,2025-05-16,2026-10-25
TK-379,CUST-352,退换货,resolved,09/03/2026,2026-07-04
TK-380,CUST-1084,物流查询,closed,2026-03-08,2025-08-08
TK-381,CUST-3606,投诉,OPEN,2025-09-26,2025-11-02
TK-382,CUST-4595,物流查询,pending,2026-07-05,2025-09-08
TK-383,CUST-2941,发票问题,closed,09/28/2026,
TK-384,CUST-1690,售后维修,open,2026-09-03,08/18/2025
TK-385,CUST-4685,售后维修,resolved,2025-09-05,
TK-386,CUST-664,物流查询,OPEN,01/24/2025,2026-01-03
TK-387,CUST-4336,退换货,OPEN,2026-07-05,11/02/2025
TK-388,CUST-4225,投诉,closed,09/02/2026,21-05-2025
TK-389,CUST-785,退换货,OPEN,07/13/2025,2026-04-05
TK-390,CUST-4226,售后维修,closed,03/15/2026,2025-08-16
TK-391,CUST-986,物流查询,OPEN,03-01-2026,2025-07-01
TK-392,CUST-1455,物流查询,pending,2025-05-14,
TK-393,CUST-1453,售后维修,pending,10/16/2026,
TK-394,CUST-4711,发票问题,closed,14-03-2026,04-07-2026
TK-395,CUST-4034,发票问题,OPEN,2026-10-28,25-02-2025
TK-396,CUST-3130,物流查询,pending,03/26/2026,10-11-2026
TK-397,CUST-2105,售后维修,pending,05/27/2026,2025-09-08
TK-398,CUST-4090,投诉,open,12-10-2026,2026-12-20
TK-399,CUST-276,物流查询,pending,12-12-2026,01/19/2026
TK-400,CUST-304,退换货,pending,2026-11-02,
TK-401,CUST-2058,售后维修,open,17-06-2025,02/13/2025
TK-402,CUST-4738,售后维修,pending,2026-01-14,01/01/2026
TK-403,CUST-3513,退换货,resolved,07/21/2026,06-03-2025
TK-404,CUST-3711,发票问题,open,2026-10-05,06-08-2025
TK-405,CUST-2684,投诉,open,2025-02-16,05/24/2026
TK-406,CUST-4415,售后维修,resolved,2026-09-22,2026-03-14
TK-407,CUST-1383,投诉,open,08/15/2025,2026-12-25
TK-408,CUST-433,售后维修,OPEN,2025-12-12,2026-11-04
TK-409,CUST-4309,投诉,OPEN,07-09-2026,
TK-410,CUST-862,发票问题,OPEN,10-10-2026,
TK-411,CUST-4651,投诉,resolved,04-11-2026,2026-04-25
TK-412,CUST-3393,退换货,OPEN,2025-07-27,2025-04-03
TK-413,CUST-2498,发票问题,resolved,02/11/2025,2026-05-07
TK-414,CUST-787,发票问题,open,16-11-2026,2025-01-10
TK-415,CUST-1545,发票问题,OPEN,02/02/2025,10/15/2025
TK-416,CUST-3583,投诉,resolved,08/14/2025,
TK-417,CUST-3558,物流查询,resolved,12-07-2026,2025-03-18
TK-418,CUST-1990,投诉,resolved,03-07-2026,
TK-419,CUST-3077,投诉,OPEN,2026-01-07,05-08-2025
TK-420,CUST-65,投诉,resolved,11/14/2026,2025-01-27
TK-421,CUST-2409,退换货,open,05/11/2025,
TK-422,CUST-3358,物流查询,open,2026-03-11,08/20/2025
TK-423,CUST-3098,发票问题,open,03/01/2025,2026-01-08
TK-424,CUST-1399,物流查询,resolved,08/15/2026,2025-07-23
TK-425,CUST-1898,发票问题,closed,07/24/2025,2025-03-03
TK-426,CUST-1418,发票问题,resolved,2026-09-03,2025-02-12
TK-427,CUST-4313,发票问题,OPEN,12/11/2026,10/01/2026
TK-428,CUST-3699,物流查询,open,07/17/2025,08/17/2026
TK-429,CUST-3999,售后维修,resolved,2026-05-07,02/05/2026
TK-430,CUST-1827,物流查询,OPEN,2025-02-20,
TK-431,CUST-526,发票问题,closed,2026-04-21,25-12-2025
TK-432,CUST-3613,投诉,resolved,2026-05-02,2025-02-27
TK-433,CUST-1736,售后维修,OPEN,2025-02-17,08-06-2026
TK-434,CUST-934,物流查询,open,28-06-2026,05/23/2026
TK-435,CUST-670,售后维修,closed,11/25/2025,08/09/2026
TK-436,CUST-1832,发票问题,OPEN,07/13/2026,
TK-437,CUST-497,退换货,resolved,10/06/2025,03/14/2026
TK-438,CUST-4958,投诉,pending,2026-12-25,
TK-439,CUST-4119,发票问题,resolved,2026-02-17,05/12/2025
TK-440,CUST-792,售后维修,OPEN,11-04-2025,03-07-2025
TK-441,CUST-4657,发票问题,open,2025-10-09,2025-07-24
TK-442,CUST-1910,发票问题,open,04-08-2025,2026-11-18
TK-443,CUST-2069,售后维修,pending,2026-12-28,02/17/2026
TK-444,CUST-1624,物流查询,open,12/23/2025,2026-07-22
TK-445,CUST-4954,物流查询,pending,11/10/2026,11-05-2025
TK-446,CUST-4352,退换货,OPEN,08-08-2026,01/13/2026
TK-447,CUST-2308,售后维修,pending,09/23/2026,28-11-2025
TK-448,CUST-2179,物流查询,closed,09-06-2026,2026-05-19
TK-449,CUST-4505,物流查询,pending,14-08-2025,
TK-450,CUST-2157,投诉,resolved,06/14/2025,09/14/2025
TK-451,CUST-3296,发票问题,resolved,2026-01-10,09/22/2026
TK-452,CUST-3324,投诉,OPEN,2026-01-17,03/25/2026
TK-453,CUST-3713,投诉,pending,2025-04-12,20-06-2025
TK-454,CUST-2483,售后维修,open,04/25/2026,
TK-455,CUST-1222,投诉,pending,23-02-2026,21-05-2026
TK-456,CUST-238,退换货,open,2026-09-11,02/13/2025
TK-457,CUST-4819,售后维修,closed,2026-11-25,2026-01-15
TK-458,CUST-4427,投诉,pending,2025-11-26,2025-04-14
TK-459,CUST-2538,退换货,pending,2026-04-05,2025-03-26
TK-460,CUST-1813,投诉,closed,07/27/2025,2025-12-13
TK-461,CUST-1393,物流查询,resolved,02/15/2025,2025-08-23
TK-462,CUST-784,售后维修,closed,2026-05-17,
TK-463,CUST-452,发票问题,resolved,2026-11-16,25-05-2026
TK-464,CUST-4473,投诉,open,2025-10-28,26-05-2026
TK-465,CUST-3242,物流查询,pending,2025-05-26,
TK-466,CUST-2389,物流查询,pending,2025-04-08,2025-07-14
TK-467,CUST-1118,退换货,OPEN,06/24/2025,
TK-468,CUST-284,发票问题,pending,2025-11-28,
TK-469,CUST-1115,售后维修,closed,2025-06-03,2025-08-07
TK-470,CUST-3604,发票问题,pending,2025-09-12,
TK-471,CUST-3603,退换货,open,02/27/2025,07/04/2026
TK-472,CUST-4680,发票问题,closed,2026-11-04,
TK-473,CUST-1526,发票问题,pending,2026-02-25,2025-08-01
TK-474,CUST-2121,投诉,open,2025-11-08,2025-04-16
TK-475,CUST-598,售后维修,OPEN,12-12-2026,2026-07-24
TK-476,CUST-4445,投诉,open,27-08-2026,12/25/2025
TK-477,CUST-2862,售后维修,OPEN,2026-08-18,02-11-2025
TK-478,CUST-4220,发票问题,closed,2025-04-27,2025-02-24
TK-479,CUST-2245,发票问题,resolved,09/21/2026,01-01-2026
TK-480,CUST-2478,售后维修,pending,06/07/2026,19-11-2025
TK-481,CUST-1937,发票问题,OPEN,10/09/2026,02/20/2025
TK-482,CUST-4528,投诉,open,17-02-2026,
TK-483,CUST-2597,售后维修,resolved,18-05-2026,03/03/2025
TK-484,CUST-3869,投诉,closed,2026-12-10,2026-11-05
TK-485,CUST-2036,售后维修,OPEN,2025-10-14,06/06/2025
TK-486,CUST-987,投诉,pending,07/03/2026,
TK-487,CUST-4747,发票问题,pending,2026-10-09,13-07-2025
TK-488,CUST-929,投诉,closed,22-05-2025,17-08-2025
TK-489,CUST-3858,售后维修,open,2026-12-09,
TK-490,CUST-3396,投诉,OPEN,2025-05-22,2025-02-16
TK-491,CUST-3768,投诉,resolved,2025-04-28,
TK-492,CUST-483,售后维修,pending,2026-03-27,
TK-493,CUST-4971,退换货,closed,05/02/2025,23-03-2026
TK-494,CUST-3577,退换货,pending,10/11/2026,14-11-2025
TK-495,CUST-1461,退换货,resolved,07/14/2025,
TK-496,CUST-4811,物流查询,open,07/17/2026,05-05-2026
TK-497,CUST-3174,售后维修,resolved,2026-12-06,03/02/2026
TK-498,CUST-468,物流查询,closed,2025-02-19,2026-12-25
TK-499,CUST-3143,物流查询,resolved,08/20/2025,
TK-500,CUST-3563,投诉,OPEN,2025-04-05,2026-10-27
TK-501,CUST-1660,物流查询,OPEN,11-08-2026,07-07-2026
TK-502,CUST-2903,投诉,resolved,23-10-2026,2025-05-21
TK-503,CUST-4224,投诉,open,2025-06-21,06/05/2025
TK-504,CUST-3275,物流查询,resolved,01-10-2026,2026-04-16
TK-505,CUST-1188,售后维修,pending,22-09-2026,20-10-2025
TK-506,CUST-748,退换货,open,2025-05-11,
TK-507,CUST-2438,退换货,OPEN,2026-04-09,2025-02-12
TK-508,CUST-2866,投诉,pending,2026-07-13,2025-02-05
TK-509,CUST-847,退换货,OPEN,2025-03-24,2026-05-20
TK-510,CUST-2088,物流查询,open,04-12-2025,
TK-511,CUST-3516,投诉,OPEN,2025-05-28,2026-07-11
TK-512,CUST-1607,退换货,open,2025-01-04,2026-01-18
TK-513,CUST-4189,发票问题,open,2026-07-06,2026-07-02
TK-514,CUST-4716,物流查询,closed,2025-08-06,11/04/2026
TK-515,CUST-1028,售后维修,pending,2026-08-24,2025-05-12
TK-516,CUST-3153,退换货,resolved,02/19/2025,01/16/2025
TK-517,CUST-1209,发票问题,OPEN,2026-07-18,27-11-2026
TK-518,CUST-3384,退换货,resolved,09-05-2025,2026-08-01
TK-519,CUST-18,发票问题,closed,02/23/2025,11/28/2025
TK-520,CUST-2065,售后维修,pending,2026-04-03,12/20/2025
TK-521,CUST-2664,物流查询,closed,25-10-2026,20-03-2026
TK-522,CUST-910,发票问题,open,2025-09-14,
TK-523,CUST-124,发票问题,closed,2026-04-07,01-10-2026
TK-524,CUST-1596,投诉,resolved,2025-02-02,
TK-525,CUST-2618,投诉,OPEN,2026-11-07,
TK-526,CUST-207,发票问题,OPEN,2025-01-17,
TK-527,CUST-2597,售后维修,closed,2025-05-20,11-03-2025
TK-528,CUST-1153,退换货,resolved,03/21/2026,2025-10-01
TK-529,CUST-844,发票问题,pending,11/06/2026,
TK-530,CUST-2203,售后维修,closed,2025-01-20,07-07-2026
TK-531,CUST-3637,售后维修,OPEN,11-03-2026,07/21/2025
TK-532,CUST-3767,售后维修,closed,2025-06-08,2026-10-19
TK-533,CUST-2345,售后维修,resolved,03/22/2025,02/22/2025
TK-534,CUST-1522,物流查询,closed,2025-11-28,
TK-535,CUST-4203,退换货,open,07-12-2025,
TK-536,CUST-3263,发票问题,open,2025-08-16,02/06/2026
TK-537,CUST-2143,售后维修,open,03/27/2025,2026-08-14
TK-538,CUST-747,售后维修,pending,2025-01-15,
TK-539,CUST-2542,投诉,OPEN,12/07/2025,
TK-540,CUST-1338,发票问题,open,04-10-2026,2026-05-02
TK-541,CUST-1045,物流查询,closed,06/16/2025,
TK-542,CUST-1272,退换货,open,05/14/2025,
TK-543,CUST-4506,退换货,pending,2026-04-15,2025-05-06
TK-544,CUST-799,物流查询,OPEN,2026-02-14,2026-03-17
TK-545,CUST-34,投诉,resolved,2026-05-04,11/17/2025
TK-546,CUST-223,物流查询,closed,2026-06-04,2025-12-15
TK-547,CUST-2057,退换货,closed,2026-03-05,
TK-548,CUST-623,物流查询,open,2026-08-09,11-10-2026
TK-549,CUST-2292,售后维修,closed,10-10-2025,2025-10-23
TK-550,CUST-4970,售后维修,closed,09-03-2025,23-08-2026
TK-551,CUST-2544,退换货,resolved,2026-02-04,09-02-2025
TK-552,CUST-4567,退换货,closed,15-03-2026,
TK-553,CUST-2292,售后维修,resolved,2025-05-19,2026-01-12
TK-554,CUST-441,发票问题,open,2026-08-05,
TK-555,CUST-2618,投诉,OPEN,02/02/2025,
TK-556,CUST-4799,退换货,pending,2025-01-05,2026-11-14
TK-557,CUST-154,退换货,resolved,06/05/2026,27-09-2026
TK-558,CUST-1093,物流查询,OPEN,24-02-2026,03/11/2025
TK-559,CUST-4710,退换货,OPEN,03/15/2025,2025-02-06
TK-560,CUST-1516,发票问题,open,2026-11-25,05/26/2026
TK-561,CUST-3981,物流查询,pending,2026-12-15,2026-09-18
TK-562,CUST-3224,退换货,closed,2025-07-26,04/21/2025
TK-563,CUST-3071,发票问题,pending,2025-10-07,
TK-564,CUST-1470,发票问题,closed,03/23/2025,2026-12-11
TK-565,CUST-4735,售后维修,OPEN,06/08/2025,2025-02-19
TK-566,CUST-4426,售后维修,resolved,2025-02-25,2026-08-18
TK-567,CUST-1652,发票问题,OPEN,01/22/2025,2025-01-21
TK-568,CUST-4801,物流查询,closed,06/15/2026,2025-09-26
TK-569,CUST-4722,发票问题,OPEN,07/10/2026,04/25/2026
TK-570,CUST-3759,退换货,open,10/05/2025,10/18/2025
TK-571,CUST-4594,物流查询,closed,2026-07-09,08-10-2026
TK-572,CUST-440,投诉,open,2026-11-24,01/10/2025
TK-573,CUST-1159,售后维修,closed,13-03-2026,21-05-2026
TK-574,CUST-4982,发票问题,closed,09/01/2026,04/03/2026
TK-575,CUST-478,物流查询,resolved,11/06/2026,03/15/2025
TK-576,CUST-2637,投诉,open,01/17/2026,2026-12-02
TK-577,CUST-448,投诉,closed,01/22/2025,2026-10-11
TK-578,CUST-2878,发票问题,pending,07/06/2026,2025-07-13
TK-579,CUST-4209,物流查询,closed,2026-12-27,2025-05-19
TK-580,CUST-1782,物流查询,OPEN,2025-04-15,07/26/2025
TK-581,CUST-1655,物流查询,OPEN,11-04-2026,03/04/2026
TK-582,CUST-3584,售后维修,closed,2025-09-08,03/09/2026
TK-583,CUST-4202,发票问题,pending,2026-02-06,2025-04-14
TK-584,CUST-4805,投诉,resolved,2026-05-28,
TK-585,CUST-3350,发票问题,open,10-10-2025,09/23/2026
TK-586,CUST-1667,退换货,closed,2025-04-26,02/27/2025
TK-587,CUST-4688,投诉,OPEN,24-11-2025,2025-09-02
TK-588,CUST-2835,发票问题,resolved,2026-12-19,
TK-589,CUST-690,物流查询,open,2026-12-14,2025-03-12
TK-590,CUST-3954,投诉,pending,2025-10-09,06/04/2025
TK-591,CUST-2250,退换货,resolved,12-05-2025,2025-08-20
TK-592,CUST-2680,退换货,closed,10-07-2026,06/01/2025
TK-593,CUST-4739,退换货,pending,20-11-2026,2025-07-01
TK-594,CUST-2020,发票问题,open,2025-05-04,02/13/2025
TK-595,CUST-3493,投诉,pending,2026-01-09,2025-01-27
TK-596,CUST-3650,发票问题,open,2025-07-22,26-04-2025
TK-597,CUST-523,售后维修,resolved,2025-04-19,2025-08-07
TK-598,CUST-1587,物流查询,open,2026-02-23,2025-03-05
TK-599,CUST-2339,物流查询,resolved,2025-07-02,2026-06-12
TK-600,CUST-3051,退换货,OPEN,24-10-2025,2026-11-27
TK-601,CUST-2063,退换货,pending,2026-10-17,2026-02-20
TK-602,CUST-1616,退换货,open,2026-08-05,06/10/2025
TK-603,CUST-2446,退换货,open,11/09/2026,16-09-2025
TK-604,CUST-1411,退换货,OPEN,2026-09-24,02/01/2025
TK-605,CUST-728,物流查询,pending,02/18/2026,24-05-2026
TK-606,CUST-79,退换货,closed,2026-11-04,04/10/2026
TK-607,CUST-1066,投诉,OPEN,17-01-2025,03/28/2025
TK-608,CUST-1630,投诉,OPEN,2025-10-25,2026-05-11
TK-609,CUST-87,物流查询,open,2026-03-25,2026-04-26
TK-610,CUST-2059,售后维修,closed,28-05-2026,19-04-2025
TK-611,CUST-452,投诉,open,2025-04-22,2025-05-10
TK-612,CUST-787,发票问题,resolved,10/17/2025,2025-12-07
TK-613,CUST-3536,售后维修,resolved,2026-10-15,2025-08-20
TK-614,CUST-438,退换货,closed,05/10/2026,2026-09-24
TK-615,CUST-2977,投诉,OPEN,2026-08-11,
TK-616,CUST-2719,售后维修,closed,01-10-2025,
TK-617,CUST-910,物流查询,closed,04/07/2026,
TK-618,CUST-926,退换货,resolved,2026-12-16,08/03/2025
TK-619,CUST-3553,物流查询,open,2026-05-12,01-10-2025
TK-620,CUST-1698,物流查询,open,05/06/2025,
TK-621,CUST-1313,退换货,closed,05-09-2026,10/11/2025
TK-622,CUST-18,售后维修,pending,2025-07-19,2026-05-16
TK-623,CUST-2122,物流查询,pending,13-01-2026,2025-04-21
TK-624,CUST-2941,发票问题,closed,27-11-2025,2026-04-04
TK-625,CUST-2246,投诉,pending,2026-10-05,
TK-626,CUST-1494,物流查询,resolved,2026-07-25,20-11-2026
TK-627,CUST-1090,发票问题,open,2025-02-25,
TK-628,CUST-2093,售后维修,resolved,08/28/2026,2025-01-16
TK-629,CUST-761,发票问题,OPEN,20-05-2025,2025-02-06
TK-630,CUST-3660,发票问题,OPEN,04/04/2026,2026-05-08
TK-631,CUST-27,售后维修,resolved,10/13/2025,2026-10-07
TK-632,CUST-1895,投诉,open,08/16/2025,2025-10-07
TK-633,CUST-3675,发票问题,resolved,2025-11-19,2025-08-23
TK-634,CUST-592,退换货,open,03/21/2026,
TK-635,CUST-3624,发票问题,pending,13-10-2025,05/03/2025
TK-636,CUST-1858,物流查询,resolved,09/03/2026,2025-11-13
TK-637,CUST-2986,退换货,closed,2026-07-11,10/12/2025
TK-638,CUST-519,投诉,open,2026-05-20,2026-11-14
TK-639,CUST-4282,投诉,open,13-01-2026,10/01/2025
TK-640,CUST-870,发票问题,closed,2025-11-15,
TK-641,CUST-1996,售后维修,closed,2025-08-05,14-08-2026
TK-642,CUST-51,发票问题,OPEN,2025-10-12,2025-10-20
TK-643,CUST-4433,发票问题,pending,2026-02-27,2025-06-11
TK-644,CUST-811,发票问题,pending,08/07/2026,2026-11-21
TK-645,CUST-1460,物流查询,resolved,2025-09-09,2026-07-03
TK-646,CUST-140,发票问题,resolved,2026-12-03,2026-04-09
TK-647,CUST-1056,退换货,open,2026-11-04,2025-01-06
TK-648,CUST-415,发票问题,resolved,01/14/2026,09/11/2026
TK-649,CUST-4046,物流查询,closed,2025-12-26,
TK-650,CUST-3607,发票问题,closed,2026-04-09,2025-09-18
TK-651,CUST-4028,售后维修,open,2026-09-27,2026-01-08
TK-652,CUST-1943,物流查询,OPEN,2025-08-04,2026-02-17
TK-653,CUST-1229,售后维修,pending,2025-11-18,27-05-2025
TK-654,CUST-3920,售后维修,closed,2026-02-01,27-07-2025
TK-655,CUST-1320,发票问题,resolved,2026-07-07,09/25/2026
TK-656,CUST-4876,退换货,closed,08/02/2025,
TK-657,CUST-1536,投诉,resolved,05/14/2025,12-05-2025
TK-658,CUST-4753,售后维修,OPEN,2025-04-23,23-05-2026
TK-659,CUST-2485,投诉,resolved,2026-09-01,2025-07-27
TK-660,CUST-1747,投诉,closed,2026-02-28,08/23/2026
TK-661,CUST-1946,投诉,closed,19-01-2026,2025-01-27
TK-662,CUST-4903,物流查询,closed,10/06/2026,
TK-663,CUST-3433,退换货,closed,2026-08-19,10/12/2026
TK-664,CUST-1603,退换货,open,10-12-2025,
TK-665,CUST-417,投诉,resolved,2026-02-09,2025-08-01
TK-666,CUST-2031,投诉,open,2026-03-01,
TK-667,CUST-2287,发票问题,open,2026-08-01,2025-03-14
TK-668,CUST-3778,退换货,OPEN,03/14/2026,2026-11-17
TK-669,CUST-1299,投诉,closed,06/10/2026,03-05-2025
TK-670,CUST-4118,物流查询,closed,2025-06-17,09/27/2026
TK-671,CUST-3975,售后维修,open,02/07/2026,11/27/2025
TK-672,CUST-3845,售后维修,pending,06/11/2026,2026-02-03
TK-673,CUST-4884,发票问题,OPEN,2026-07-24,02-08-2026
TK-674,CUST-2077,物流查询,open,2026-06-09,03/02/2025
TK-675,CUST-2876,退换货,resolved,12/12/2025,2026-04-20
TK-676,CUST-4223,投诉,closed,2026-10-15,2025-12-02
TK-677,CUST-4199,投诉,open,12/15/2025,24-05-2026
TK-678,CUST-2937,退换货,resolved,11/23/2025,2025-06-05
TK-679,CUST-1416,投诉,closed,2026-06-06,08/11/2026
TK-680,CUST-1990,物流查询,OPEN,22-01-2026,10-06-2025
TK-681,CUST-245,投诉,open,2026-03-19,2025-02-13
TK-682,CUST-272,物流查询,resolved,25-07-2025,2025-12-15
TK-683,CUST-3751,发票问题,pending,2026-08-06,2025-04-01
TK-684,CUST-4289,物流查询,closed,02/05/2025,2026-07-12
TK-685,CUST-791,投诉,OPEN,2025-08-20,09/06/2026
TK-686,CUST-4053,退换货,resolved,2025-11-28,2025-03-09
TK-687,CUST-3774,发票问题,closed,05/20/2025,15-10-2026
TK-688,CUST-1519,物流查询,closed,07/24/2026,2025-12-03
TK-689,CUST-1513,退换货,resolved,12/26/2025,
TK-690,CUST-2483,投诉,OPEN,06/18/2026,09/26/2025
TK-691,CUST-1791,物流查询,open,2025-05-26,07-01-2026
TK-692,CUST-4938,投诉,resolved,2025-12-21,10/21/2026
TK-693,CUST-1172,物流查询,OPEN,2026-10-04,
TK-694,CUST-4226,售后维修,resolved,04/03/2025,
TK-695,CUST-2183,发票问题,resolved,27-07-2026,26-05-2025
TK-696,CUST-3087,物流查询,closed,27-04-2025,
TK-697,CUST-3624,发票问题,closed,2026-10-16,2026-10-16
TK-698,CUST-4967,售后维修,closed,2026-05-02,2026-02-28
TK-699,CUST-510,投诉,closed,01/25/2025,2025-07-22
TK-700,CUST-2090,发票问题,open,06/08/2025,
TK-701,CUST-620,发票问题,open,2026-05-14,
TK-702,CUST-3113,售后维修,open,04/04/2026,2025-11-11
TK-703,CUST-4118,发票问题,OPEN,2025-07-13,02-07-2026
TK-704,CUST-4194,物流查询,open,03/10/2026,13-07-2025
TK-705,CUST-4621,物流查询,OPEN,2025-07-25,01-11-2025
TK-706,CUST-600,发票问题,resolved,01/19/2025,2025-01-06
TK-707,CUST-1766,发票问题,resolved,07-10-2026,2025-11-25
TK-708,CUST-3519,物流查询,pending,03/20/2026,03/14/2025
TK-709,CUST-3173,发票问题,pending,27-11-2025,2026-12-09
TK-710,CUST-249,发票问题,pending,2026-10-14,02/06/2025
TK-711,CUST-3746,发票问题,closed,2026-12-21,
TK-712,CUST-863,物流查询,closed,2025-03-10,22-01-2026
TK-713,CUST-4195,售后维修,OPEN,2025-06-02,
TK-714,CUST-3844,物流查询,pending,2026-03-09,2026-12-21
TK-715,CUST-1535,售后维修,open,14-07-2026,
TK-716,CUST-504,售后维修,resolved,23-01-2026,
TK-717,CUST-3559,投诉,OPEN,2026-07-22,04/17/2026
TK-718,CUST-1512,物流查询,open,2025-12-16,12-09-2026
TK-719,CUST-4229,物流查询,OPEN,2026-04-07,2025-03-01
TK-720,CUST-2794,退换货,pending,01/26/2026,10/04/2026
TK-721,CUST-685,物流查询,resolved,2025-11-21,2025-12-14
TK-722,CUST-173,物流查询,pending,12/04/2025,2025-07-17
TK-723,CUST-4538,发票问题,open,2025-03-11,
TK-724,CUST-3984,投诉,closed,12/12/2026,2025-07-17
TK-725,CUST-1002,发票问题,closed,14-07-2026,
TK-726,CUST-2145,售后维修,pending,10/26/2025,
TK-727,CUST-4013,退换货,pending,2026-12-25,2026-12-02
TK-728,CUST-1244,投诉,resolved,05/28/2026,01/17/2026
TK-729,CUST-3861,物流查询,open,2026-03-05,2026-12-14
TK-730,CUST-889,退换货,open,2026-05-19,
TK-731,CUST-1859,售后维修,open,10/06/2026,2025-03-04
TK-732,CUST-1722,售后维修,closed,2025-12-02,2026-09-21
TK-733,CUST-4866,售后维修,closed,04-03-2025,04-05-2026
TK-734,CUST-4341,退换货,resolved,22-08-2026,2026-08-02
TK-735,CUST-3378,售后维修,resolved,2026-06-26,2026-09-07
TK-736,CUST-73,发票问题,closed,2026-06-03,2026-07-19
TK-737,CUST-3088,发票问题,resolved,04/21/2026,01/26/2025
TK-738,CUST-3839,投诉,OPEN,02-12-2025,17-12-2025
TK-739,CUST-1627,发票问题,pending,2026-09-27,2025-07-09
TK-740,CUST-278,发票问题,closed,2026-06-04,03/06/2025
TK-741,CUST-4396,投诉,open,22-09-2025,03/11/2026
TK-742,CUST-1643,发票问题,OPEN,24-08-2025,
TK-743,CUST-1522,投诉,OPEN,2025-12-21,
TK-744,CUST-4158,售后维修,open,2026-07-20,
TK-745,CUST-4556,投诉,pending,07/03/2026,09/20/2025
TK-746,CUST-4851,物流查询,closed,2025-05-11,2026-07-25
TK-747,CUST-1131,物流查询,closed,2025-05-11,2025-09-21
TK-748,CUST-361,物流查询,resolved,24-12-2025,
TK-749,CUST-1797,售后维修,resolved,13-10-2026,03-02-2026
TK-750,CUST-4770,投诉,open,2025-02-18,06/11/2025
TK-751,CUST-1627,发票问题,OPEN,2025-11-04,12/12/2025
TK-752,CUST-424,投诉,resolved,09/22/2026,12/04/2025
TK-753,CUST-937,售后维修,pending,2026-12-01,03/26/2026
TK-754,CUST-4078,发票问题,resolved,11/23/2025,2025-05-18
TK-755,CUST-1303,售后维修,pending,20-01-2025,2026-10-14
TK-756,CUST-744,售后维修,pending,09/07/2025,2025-03-02
TK-757,CUST-739,发票问题,resolved,2026-08-24,09/25/2025
TK-758,CUST-1355,发票问题,OPEN,01/19/2026,2025-02-07
TK-759,CUST-745,售后维修,OPEN,2025-06-07,
TK-760,CUST-757,投诉,pending,10/06/2025,26-07-2025
TK-761,CUST-3570,退换货,resolved,2025-07-25,09/27/2026
TK-762,CUST-158,售后维修,OPEN,15-02-2025,04/02/2025
TK-763,CUST-63,投诉,pending,2026-02-22,09/21/2025
TK-764,CUST-2392,投诉,pending,2026-03-20,12/20/2025
TK-765,CUST-4194,物流查询,open,2025-06-12,20-03-2025
TK-766,CUST-2834,退换货,OPEN,2026-04-13,2025-09-21
TK-767,CUST-2064,投诉,resolved,12-06-2025,07/10/2026
TK-768,CUST-158,售后维修,pending,16-08-2025,10/22/2026
TK-769,CUST-4805,售后维修,OPEN,2026-04-21,2025-02-13
TK-770,CUST-4144,投诉,open,2025-03-21,
TK-771,CUST-3705,投诉,resolved,12-06-2026,04-12-2026
TK-772,CUST-3661,退换货,OPEN,05/03/2026,04/16/2025
TK-773,CUST-1015,投诉,pending,2026-05-21,
TK-774,CUST-613,物流查询,resolved,2025-02-16,2025-07-24
TK-775,CUST-2728,退换货,closed,2025-08-21,2026-05-13
TK-776,CUST-3808,售后维修,resolved,26-10-2025,2026-03-16
TK-777,CUST-969,物流查询,resolved,07/11/2026,
TK-778,CUST-67,发票问题,pending,06/24/2026,01-11-2026
TK-779,CUST-26,退换货,open,06-06-2026,
TK-780,CUST-2791,售后维修,open,2026-01-26,25-08-2026
TK-781,CUST-4446,发票问题,open,19-12-2025,
TK-782,CUST-4285,物流查询,open,2026-06-11,01/10/2026
TK-783,CUST-4367,投诉,open,03-09-2026,04/13/2025
TK-784,CUST-3844,退换货,open,2025-09-07,2026-04-20
TK-785,CUST-2380,发票问题,resolved,2026-12-22,2025-08-17
TK-786,CUST-2486,发票问题,OPEN,2025-09-27,2026-01-01
TK-787,CUST-3044,物流查询,open,21-08-2026,09/24/2025
TK-788,CUST-1360,发票问题,closed,2026-10-16,2026-11-06
TK-789,CUST-4309,退换货,resolved,10-03-2026,
TK-790,CUST-4063,物流查询,resolved,2025-05-21,07-09-2025
TK-791,CUST-4430,发票问题,OPEN,2025-04-27,2026-10-14
TK-792,CUST-1594,物流查询,resolved,2025-04-19,2026-02-13
TK-793,CUST-4143,发票问题,closed,2025-05-03,25-03-2026
TK-794,CUST-37,发票问题,OPEN,09/18/2025,2026-04-03
TK-795,CUST-4137,发票问题,OPEN,13-08-2025,
TK-796,CUST-677,发票问题,OPEN,02/18/2025,2025-08-22
TK-797,CUST-220,售后维修,open,03-09-2025,11/18/2026
TK-798,CUST-348,发票问题,resolved,2025-12-19,2025-08-05
TK-799,CUST-4065,发票问题,closed,04/04/2026,08/01/2025
TK-800,CUST-1142,发票问题,pending,2026-02-04,04/26/2026
TK-801,CUST-2756,退换货,resolved,2026-06-11,2026-07-26
TK-802,CUST-3651,售后维修,open,2026-09-27,
TK-803,CUST-181,售后维修,pending,2025-04-17,2026-10-03
TK-804,CUST-3239,发票问题,resolved,2026-06-26,07/11/2026
TK-805,CUST-327,退换货,resolved,02-11-2026,16-12-2025
TK-806,CUST-1476,物流查询,OPEN,2026-04-21,06-03-2025
TK-807,CUST-3166,退换货,OPEN,2025-04-27,2026-04-15
TK-808,CUST-4022,发票问题,OPEN,08-06-2026,2026-06-17
TK-809,CUST-1456,发票问题,closed,2025-11-18,06-10-2025
TK-810,CUST-1531,退换货,pending,2026-05-20,2026-07-02
TK-811,CUST-1680,退换货,closed,07/17/2025,25-02-2026
TK-812,CUST-1303,售后维修,closed,2025-03-16,12/03/2026
TK-813,CUST-3626,物流查询,open,2026-10-02,2026-06-05
TK-814,CUST-1675,售后维修,pending,07/06/2025,08/04/2025
TK-815,CUST-2514,退换货,OPEN,05/01/2026,
TK-816,CUST-4406,投诉,resolved,2026-06-03,2026-02-20
TK-817,CUST-906,投诉,pending,05/05/2025,2026-04-01
TK-818,CUST-3392,退换货,open,2025-12-23,07-01-2026
TK-819,CUST-4712,发票问题,pending,2025-06-27,
TK-820,CUST-2759,发票问题,resolved,2025-09-15,10-12-2026
TK-821,CUST-2493,发票问题,OPEN,2025-05-02,2025-05-22
TK-822,CUST-4402,投诉,pending,2026-11-08,
TK-823,CUST-2001,物流查询,open,09-04-2025,2025-11-12
TK-824,CUST-1588,投诉,resolved,02/07/2026,01-02-2025
TK-825,CUST-3686,售后维修,pending,2025-05-27,2026-05-02
TK-826,CUST-2783,售后维修,pending,07/24/2025,10/24/2026
TK-827,CUST-3430,投诉,open,02/27/2026,26-06-2026
TK-828,CUST-4007,售后维修,open,2026-03-28,08/15/2026
TK-829,CUST-3732,投诉,OPEN,2026-07-22,
TK-830,CUST-3660,投诉,open,12/02/2026,2025-09-12
TK-831,CUST-4267,投诉,resolved,2025-04-23,2026-07-18
TK-832,CUST-424,物流查询,OPEN,02/15/2026,2026-03-18
TK-833,CUST-3830,售后维修,pending,2025-12-12,
TK-834,CUST-2126,投诉,closed,2025-06-11,06/06/2025
TK-835,CUST-3251,退换货,open,26-02-2025,
TK-836,CUST-554,投诉,closed,2025-04-27,09/26/2026
TK-837,CUST-2295,发票问题,closed,2025-04-13,
TK-838,CUST-590,退换货,closed,2026-04-28,04-11-2025
TK-839,CUST-2599,投诉,OPEN,2026-05-24,05/01/2026
TK-840,CUST-3876,售后维修,pending,07-08-2026,2026-07-22
TK-841,CUST-121,发票问题,resolved,09-01-2025,2025-08-26
TK-842,CUST-4089,物流查询,OPEN,02-10-2026,2025-10-09
TK-843,CUST-2765,投诉,resolved,2026-05-13,09/13/2025
TK-844,CUST-4143,退换货,open,20-01-2026,06/21/2026
TK-845,CUST-3993,售后维修,pending,2026-06-23,2025-03-11
TK-846,CUST-1565,发票问题,pending,23-06-2026,2026-07-17
TK-847,CUST-4664,物流查询,pending,12-04-2025,2026-06-11
TK-848,CUST-2360,投诉,closed,07/02/2025,05-07-2026
TK-849,CUST-2530,售后维修,pending,2025-04-27,01/06/2025
TK-850,CUST-880,退换货,open,07/02/2025,22-12-2025
TK-851,CUST-4845,售后维修,open,2025-06-22,11/26/2025
TK-852,CUST-1709,发票问题,OPEN,17-04-2026,2026-02-27
TK-853,CUST-2979,物流查询,closed,2026-09-23,10/15/2025
TK-854,CUST-4436,发票问题,pending,10/05/2025,04-01-2025
TK-855,CUST-900,投诉,OPEN,01/14/2026,
TK-856,CUST-4781,发票问题,OPEN,2025-12-11,2025-11-20
TK-857,CUST-2195,投诉,resolved,07/19/2026,05/04/2026
TK-858,CUST-4175,退换货,open,08-03-2026,03-10-2026
TK-859,CUST-3075,物流查询,closed,07/24/2026,07/28/2026
TK-860,CUST-4740,发票问题,open,2026-12-22,
TK-861,CUST-2605,发票问题,open,04/02/2025,02/12/2025
TK-862,CUST-1289,发票问题,pending,2026-02-12,2025-05-05
TK-863,CUST-86,发票问题,closed,2026-11-23,2026-07-26
TK-864,CUST-3589,物流查询,resolved,2026-01-12,06/01/2026
TK-865,CUST-3503,物流查询,closed,12-11-2025,2025-01-06
TK-866,CUST-3390,投诉,open,19-12-2026,
TK-867,CUST-4572,投诉,pending,2026-07-26,01/21/2026
TK-868,CUST-1442,投诉,resolved,21-04-2026,2025-03-20
TK-869,CUST-1704,退换货,resolved,02/03/2026,11/07/2026
TK-870,CUST-4095,物流查询,closed,20-05-2026,2026-12-16
TK-871,CUST-1299,物流查询,open,02/11/2025,
TK-872,CUST-3443,物流查询,OPEN,2025-08-28,09/24/2025
TK-873,CUST-4881,物流查询,pending,2026-06-12,09/14/2025
TK-874,CUST-2419,退换货,open,2025-01-19,28-10-2026
TK-875,CUST-4676,物流查询,resolved,2025-06-24,07/28/2025
TK-876,CUST-4686,发票问题,pending,2025-03-19,2026-01-26
TK-877,CUST-4447,物流查询,closed,2025-06-06,2026-05-17
TK-878,CUST-1503,发票问题,pending,2025-02-01,
TK-879,CUST-2210,投诉,open,2026-10-24,06/07/2025
TK-880,CUST-4148,发票问题,open,10-01-2025,12/12/2025
TK-881,CUST-628,退换货,OPEN,16-07-2025,16-08-2025
TK-882,CUST-4533,投诉,resolved,05/01/2025,02-12-2026
TK-883,CUST-4610,售后维修,OPEN,27-10-2025,10-06-2025
TK-884,CUST-1477,退换货,pending,2025-09-26,10/21/2026
TK-885,CUST-2146,退换货,pending,01/09/2025,05-10-2025
TK-886,CUST-1518,物流查询,open,11/06/2026,2026-09-24
TK-887,CUST-2030,售后维修,pending,03/11/2026,
TK-888,CUST-3568,物流查询,resolved,2025-05-04,
TK-889,CUST-4498,售后维修,resolved,2025-11-21,
TK-890,CUST-3330,退换货,open,10/16/2025,20-06-2026
TK-891,CUST-3440,退换货,OPEN,11/21/2025,
TK-892,CUST-635,售后维修,open,2026-02-14,2025-05-06
TK-893,CUST-2052,退换货,OPEN,06-11-2026,11/09/2025
TK-894,CUST-4266,售后维修,OPEN,2025-11-28,2025-09-17
TK-895,CUST-952,物流查询,open,2025-08-11,
TK-896,CUST-4471,发票问题,open,05/20/2025,
TK-897,CUST-4680,发票问题,pending,2025-09-24,2025-08-19
TK-898,CUST-4300,物流查询,open,2026-08-03,2025-03-15
TK-899,CUST-1559,退换货,closed,08/07/2026,
TK-900,CUST-3554,售后维修,resolved,2025-09-21,18-07-2025
TK-901,CUST-4017,发票问题,pending,07/27/2025,2026-02-09
TK-902,CUST-1221,退换货,OPEN,08-11-2026,08/12/2026
TK-903,CUST-537,发票问题,resolved,07/11/2025,
TK-904,CUST-226,售后维修,pending,21-01-2025,03-04-2025
TK-905,CUST-4038,物流查询,OPEN,2026-08-11,23-09-2025
TK-906,CUST-1995,物流查询,open,2025-02-16,
TK-907,CUST-2868,售后维修,resolved,2026-04-04,21-06-2025
TK-908,CUST-2210,物流查询,pending,2025-09-19,2026-01-01
TK-909,CUST-1095,售后维修,OPEN,05/12/2026,2026-01-02
TK-910,CUST-1336,退换货,OPEN,03/10/2025,2026-04-02
TK-911,CUST-3581,投诉,pending,2026-03-18,2026-11-16
TK-912,CUST-642,物流查询,closed,27-05-2025,05/07/2026
TK-913,CUST-2912,售后维修,pending,22-12-2026,2026-10-26
TK-914,CUST-4997,退换货,OPEN,2025-11-24,2026-07-15
TK-915,CUST-2885,发票问题,resolved,09/02/2026,03/14/2025
TK-916,CUST-2912,退换货,pending,2025-10-05,2025-02-06
TK-917,CUST-477,物流查询,resolved,10-11-2025,2026-03-27
TK-918,CUST-28,物流查询,pending,10/05/2025,
TK-919,CUST-2261,售后维修,closed,08/27/2026,2025-03-13
TK-920,CUST-307,发票问题,open,2026-03-26,2025-10-12
TK-921,CUST-2163,售后维修,open,2026-01-10,2026-11-01
TK-922,CUST-4945,物流查询,pending,10/15/2026,2025-12-20
TK-923,CUST-3001,物流查询,pending,2025-04-23,2026-06-15
TK-924,CUST-1276,发票问题,OPEN,2026-08-03,2026-06-04
TK-925,CUST-163,售后维修,open,2025-10-13,06/20/2026
TK-926,CUST-896,物流查询,OPEN,11/21/2026,
TK-927,CUST-2971,发票问题,closed,16-05-2026,
TK-928,CUST-2050,售后维修,open,10/03/2026,09/07/2026
TK-929,CUST-3214,售后维修,open,2025-03-04,2026-06-01
TK-930,CUST-4613,投诉,closed,09-07-2025,2026-02-23
TK-931,CUST-4745,物流查询,resolved,09/20/2026,02/12/2026
TK-932,CUST-3330,售后维修,closed,2026-10-04,2026-07-03
TK-933,CUST-2070,发票问题,open,10/05/2026,
TK-934,CUST-2941,售后维修,open,13-04-2025,2026-08-27
TK-935,CUST-2198,发票问题,OPEN,05/18/2026,2026-08-11
TK-936,CUST-3466,退换货,OPEN,01-04-2026,2026-05-16
TK-937,CUST-2620,发票问题,pending,2026-03-26,09/04/2025
TK-938,CUST-1500,退换货,pending,11/25/2025,
TK-939,CUST-3297,售后维修,pending,06/21/2026,10-02-2026
TK-940,CUST-2563,售后维修,closed,2025-02-02,2025-07-25
TK-941,CUST-2212,物流查询,resolved,2025-01-15,
TK-942,CUST-116,发票问题,closed,08/22/2025,2026-10-18
TK-943,CUST-2506,物流查询,resolved,2025-12-09,2025-01-07
TK-944,CUST-4321,售后维修,OPEN,19-03-2025,2025-02-16
TK-945,CUST-4974,发票问题,open,27-04-2025,2025-10-24
TK-946,CUST-4096,退换货,OPEN,2025-07-01,18-09-2026
TK-947,CUST-2255,售后维修,closed,20-11-2025,13-03-2025
TK-948,CUST-4699,售后维修,pending,04/08/2025,2026-11-11
TK-949,CUST-804,售后维修,pending,15-12-2025,2026-01-22
TK-950,CUST-28,退换货,resolved,2026-03-09,
TK-951,CUST-2486,物流查询,OPEN,28-10-2026,12/15/2025
TK-952,CUST-3866,发票问题,pending,2025-04-14,08/23/2025
TK-953,CUST-4003,退换货,pending,2025-09-09,
TK-954,CUST-1042,投诉,resolved,2026-03-13,
TK-955,CUST-1130,售后维修,OPEN,15-04-2026,2026-02-05
TK-956,CUST-251,发票问题,open,2026-08-04,11-02-2026
TK-957,CUST-1688,投诉,OPEN,11/14/2025,08/26/2026
TK-958,CUST-4034,退换货,closed,2026-12-09,20-05-2026
TK-959,CUST-3908,物流查询,resolved,2026-03-26,19-11-2025
TK-960,CUST-1532,投诉,closed,2026-10-20,2026-07-04
TK-961,CUST-546,退换货,closed,2025-03-07,2025-11-04
TK-962,CUST-1843,物流查询,pending,09-01-2026,
TK-963,CUST-4663,售后维修,resolved,2025-04-15,08/14/2026
TK-964,CUST-122,投诉,pending,16-07-2025,2025-02-02
TK-965,CUST-2084,物流查询,resolved,10/28/2026,12/10/2025
TK-966,CUST-2295,投诉,closed,2026-07-27,2025-05-21
TK-967,CUST-2708,投诉,closed,2025-07-21,23-08-2026
TK-968,CUST-620,退换货,OPEN,2026-08-23,
TK-969,CUST-4875,投诉,OPEN,03/04/2026,2026-09-07
TK-970,CUST-2388,物流查询,open,04/18/2026,
TK-971,CUST-1032,售后维修,closed,2026-01-08,02-05-2025
TK-972,CUST-3684,售后维修,open,11/14/2025,
TK-973,CUST-259,发票问题,open,07/20/2025,2026-10-21
TK-974,CUST-3536,售后维修,open,24-05-2026,2026-08-07
TK-975,CUST-162,退换货,closed,2026-04-22,05/23/2026
TK-976,CUST-4301,发票问题,OPEN,01/20/2026,2026-10-24
TK-977,CUST-4435,售后维修,pending,08/08/2026,2025-08-15
TK-978,CUST-4576,物流查询,resolved,07/07/2026,2025-05-15
TK-979,CUST-4551,发票问题,closed,04/18/2025,05/09/2026
TK-980,CUST-1803,发票问题,open,2025-12-01,25-04-2026
TK-981,CUST-1551,退换货,closed,2025-08-20,
TK-982,CUST-2469,投诉,OPEN,01-10-2025,2025-11-18
TK-983,CUST-173,退换货,resolved,07/24/2025,2026-07-21
TK-984,CUST-1022,投诉,pending,2026-05-18,15-02-2026
TK-985,CUST-1091,售后维修,OPEN,2025-03-03,2026-08-02
TK-986,CUST-1908,退换货,resolved,06/28/2025,2025-12-08
TK-987,CUST-2096,发票问题,open,11/04/2026,
TK-988,CUST-2238,投诉,open,06/13/2025,
TK-989,CUST-1852,物流查询,resolved,2026-11-20,04/23/2026
TK-990,CUST-1445,投诉,closed,2026-01-17,
TK-991,CUST-537,发票问题,resolved,08-06-2026,2026-07-23
TK-992,CUST-4543,发票问题,closed,06/07/2025,2026-12-16
TK-993,CUST-3146,发票问题,resolved,15-08-2026,02/25/2025
TK-994,CUST-3264,售后维修,OPEN,2026-03-10,2026-02-28
TK-995,CUST-1773,售后维修,closed,04/22/2026,
TK-996,CUST-1429,售后维修,open,12/19/2025,2025-09-13
TK-997,CUST-4387,投诉,closed,2026-04-01,2025-01-23
TK-998,CUST-192,投诉,closed,2025-09-20,2026-08-28
TK-999,CUST-2603,退换货,resolved,04/05/2025,2026-06-26
TK-1000,CUST-3880,投诉,OPEN,2025-12-19,
TK-1001,CUST-153,物流查询,open,02-10-2026,
TK-1002,CUST-596,发票问题,pending,2025-11-27,2025-07-02
TK-1003,CUST-2136,投诉,OPEN,2026-11-24,2025-02-08
TK-1004,CUST-382,退换货,open,25-05-2026,
TK-1005,CUST-4749,发票问题,open,15-04-2026,
TK-1006,CUST-2829,售后维修,open,2026-03-18,2025-10-26
TK-1007,CUST-870,发票问题,open,2026-12-17,2026-09-08
TK-1008,CUST-4850,售后维修,resolved,2026-02-27,2026-01-27
TK-1009,CUST-1317,投诉,OPEN,2026-05-12,2026-07-16
TK-1010,CUST-780,售后维修,closed,2025-02-12,02/27/2026
TK-1011,CUST-4797,退换货,OPEN,2026-06-14,
TK-1012,CUST-4317,物流查询,pending,02-06-2026,20-08-2025
TK-1013,CUST-102,退换货,open,21-12-2025,
TK-1014,CUST-4299,退换货,resolved,01/07/2025,13-10-2025
TK-1015,CUST-3966,售后维修,pending,07/21/2026,2026-08-07
TK-1016,CUST-1683,售后维修,closed,2025-03-21,2026-11-28
TK-1017,CUST-1044,投诉,resolved,11/25/2025,23-05-2026
TK-1018,CUST-1899,物流查询,resolved,19-01-2026,03-04-2025
TK-1019,CUST-2045,售后维修,closed,2026-10-18,06/11/2026
TK-1020,CUST-3945,发票问题,OPEN,2026-03-06,12/06/2026
TK-1021,CUST-1529,发票问题,resolved,21-06-2025,2025-04-11
TK-1022,CUST-4983,物流查询,resolved,2025-02-19,18-07-2025
TK-1023,CUST-1072,售后维修,open,11/01/2025,23-01-2025
TK-1024,CUST-1924,发票问题,OPEN,2026-03-19,09/05/2025
TK-1025,CUST-224,投诉,closed,2026-07-11,03/14/2026
TK-1026,CUST-2000,售后维修,OPEN,2025-07-18,
TK-1027,CUST-4986,物流查询,resolved,2026-06-19,2026-05-21
TK-1028,CUST-3919,物流查询,resolved,2026-04-14,2025-10-17
TK-1029,CUST-3407,发票问题,closed,2025-11-03,2025-11-01
TK-1030,CUST-2728,退换货,open,2025-06-19,23-02-2026
TK-1031,CUST-65,退换货,resolved,2026-12-15,
TK-1032,CUST-2008,发票问题,OPEN,01/04/2026,2026-02-17
TK-1033,CUST-1077,物流查询,closed,03-05-2026,07/27/2026
TK-1034,CUST-2017,投诉,closed,2026-10-05,01/01/2025
TK-1035,CUST-2173,发票问题,pending,2026-11-01,
TK-1036,CUST-4254,物流查询,closed,09/16/2026,16-01-2025
TK-1037,CUST-3451,退换货,pending,2026-10-27,
TK-1038,CUST-3380,物流查询,pending,2025-07-19,05/19/2026
TK-1039,CUST-1212,退换货,closed,04-04-2026,01/18/2025
TK-1040,CUST-2373,发票问题,open,10-09-2025,2025-06-03
TK-1041,CUST-2486,退换货,OPEN,2025-07-20,2026-10-13
TK-1042,CUST-4482,物流查询,closed,07/26/2026,03/10/2025
TK-1043,CUST-583,投诉,closed,2025-01-28,2025-06-22
TK-1044,CUST-3307,物流查询,pending,2025-03-03,2026-07-19
TK-1045,CUST-2723,售后维修,closed,07/24/2025,2025-02-20
TK-1046,CUST-1188,退换货,resolved,01/17/2025,2025-09-09
TK-1047,CUST-1472,投诉,open,06-11-2026,2026-05-03
TK-1048,CUST-1984,售后维修,resolved,2025-11-07,2025-11-18
TK-1049,CUST-2549,物流查询,open,10/01/2026,10/27/2026
TK-1050,CUST-479,售后维修,open,25-01-2026,2026-12-01
TK-1051,CUST-3220,发票问题,resolved,2025-03-15,07/08/2026
TK-1052,CUST-3219,投诉,open,11/25/2026,2025-03-07
TK-1053,CUST-4354,投诉,pending,28-01-2025,2026-04-18
TK-1054,CUST-50,发票问题,open,2025-11-25,2025-09-04
TK-1055,CUST-1483,投诉,OPEN,18-11-2026,
TK-1056,CUST-4299,退换货,OPEN,11/12/2025,28-07-2025
TK-1057,CUST-2148,物流查询,open,26-02-2026,
TK-1058,CUST-3052,退换货,pending,2025-04-08,
TK-1059,CUST-315,退换货,closed,11-06-2026,2026-08-19
TK-1060,CUST-783,发票问题,open,2025-02-21,2026-03-18
TK-1061,CUST-2526,退换货,OPEN,12-01-2025,
TK-1062,CUST-2094,售后维修,OPEN,12/07/2025,03/22/2025
TK-1063,CUST-3044,物流查询,resolved,2026-07-20,2025-03-21
TK-1064,CUST-4123,发票问题,closed,2026-08-26,2026-11-07
TK-1065,CUST-4145,发票问题,OPEN,2025-05-01,2026-03-11
TK-1066,CUST-4464,投诉,pending,04/19/2026,23-03-2025
TK-1067,CUST-4155,发票问题,open,2025-04-22,2026-09-10
TK-1068,CUST-4803,发票问题,pending,04/04/2025,2026-11-01
TK-1069,CUST-4640,物流查询,pending,10-03-2025,2026-10-24
TK-1070,CUST-1204,投诉,resolved,12/23/2026,12/02/2026
TK-1071,CUST-2045,售后维修,closed,2025-04-21,24-05-2025
TK-1072,CUST-4742,退换货,pending,07/10/2026,2026-03-18
TK-1073,CUST-4988,发票问题,OPEN,24-05-2026,04/02/2025
TK-1074,CUST-334,物流查询,pending,2025-09-24,2026-04-17
TK-1075,CUST-4221,售后维修,open,27-10-2025,03/12/2026
TK-1076,CUST-23,售后维修,pending,12/27/2025,07/06/2026
TK-1077,CUST-3713,投诉,open,12-03-2025,08/12/2025
TK-1078,CUST-3273,发票问题,closed,2025-02-24,2026-07-16
TK-1079,CUST-4196,发票问题,open,02/08/2025,2026-05-05
TK-1080,CUST-107,投诉,open,2025-10-20,08/03/2025
TK-1081,CUST-4916,退换货,open,2025-11-27,
TK-1082,CUST-673,投诉,OPEN,06/12/2026,2025-08-11
TK-1083,CUST-4289,物流查询,closed,04/17/2025,2026-09-18
TK-1084,CUST-2844,投诉,pending,18-10-2026,11/09/2026
TK-1085,CUST-1420,发票问题,open,01/02/2025,09/26/2025
TK-1086,CUST-4780,发票问题,resolved,2025-12-05,04/06/2026
TK-1087,CUST-1677,投诉,OPEN,11/19/2025,10/14/2025
TK-1088,CUST-2559,退换货,OPEN,28-03-2025,01/25/2026
TK-1089,CUST-4719,退换货,pending,2025-04-20,2026-03-28
TK-1090,CUST-1622,发票问题,open,06/15/2025,2026-08-20
TK-1091,CUST-475,物流查询,OPEN,08/19/2026,10/24/2025
TK-1092,CUST-2228,投诉,closed,2026-06-05,2025-11-07
TK-1093,CUST-3789,售后维修,closed,2026-08-22,2026-07-08
TK-1094,CUST-1033,退换货,closed,2025-03-16,03-07-2026
TK-1095,CUST-494,投诉,open,04/09/2025,2026-05-20
TK-1096,CUST-1951,发票问题,pending,12-05-2025,2025-05-03
TK-1097,CUST-3829,发票问题,open,2025-11-15,2025-03-27
TK-1098,CUST-2660,发票问题,pending,2026-12-24,2026-01-19
TK-1099,CUST-2237,投诉,OPEN,11-08-2026,2025-09-22
TK-1100,CUST-2640,投诉,open,2025-11-18,04-10-2025
TK-1101,CUST-4595,物流查询,open,05/20/2026,12-07-2026
TK-1102,CUST-4118,退换货,open,2026-03-13,2025-07-04
TK-1103,CUST-2434,投诉,resolved,02/24/2025,2026-09-07
TK-1104,CUST-2067,退换货,pending,2025-03-13,23-04-2026
TK-1105,CUST-4640,售后维修,OPEN,2026-12-10,2025-09-06
TK-1106,CUST-598,退换货,closed,2026-10-09,2026-06-05
TK-1107,CUST-2202,发票问题,resolved,24-08-2025,2026-09-22
TK-1108,CUST-3936,退换货,pending,04/17/2026,2026-03-06
TK-1109,CUST-4849,物流查询,closed,04/01/2026,07/05/2025
TK-1110,CUST-483,售后维修,OPEN,2026-09-03,2026-07-06
TK-1111,CUST-439,售后维修,closed,22-11-2025,2025-03-24
TK-1112,CUST-2814,退换货,closed,02/19/2025,
TK-1113,CUST-4202,退换货,closed,04/18/2025,
TK-1114,CUST-464,发票问题,pending,2025-04-11,
TK-1115,CUST-1530,投诉,closed,20-01-2025,2025-02-08
TK-1116,CUST-1958,物流查询,closed,2026-10-09,2026-08-13
TK-1117,CUST-3009,退换货,open,08-05-2025,2025-02-12
TK-1118,CUST-2434,退换货,resolved,21-04-2025,2026-12-21
TK-1119,CUST-1954,投诉,open,2026-05-08,2026-04-05
TK-1120,CUST-2294,物流查询,pending,06/23/2025,04-01-2026
TK-1121,CUST-3564,售后维修,open,2026-09-23,12-02-2026
TK-1122,CUST-3025,退换货,resolved,10-09-2026,
TK-1123,CUST-514,投诉,closed,2025-06-01,2026-04-14
TK-1124,CUST-1572,售后维修,resolved,2025-12-25,2026-06-28
TK-1125,CUST-1850,退换货,pending,2025-07-18,
TK-1126,CUST-3139,售后维修,pending,12-09-2026,2025-03-16
TK-1127,CUST-3106,退换货,OPEN,03/04/2026,2026-09-14
TK-1128,CUST-4443,发票问题,open,2025-01-16,05-11-2026
TK-1129,CUST-1585,物流查询,pending,2025-09-28,2025-11-20
TK-1130,CUST-4665,发票问题,OPEN,03/11/2026,07/18/2026
TK-1131,CUST-3281,物流查询,OPEN,28-11-2025,2025-02-25
TK-1132,CUST-4612,投诉,resolved,10/21/2025,
TK-1133,CUST-324,发票问题,OPEN,2025-03-21,12-02-2026
TK-1134,CUST-4443,退换货,open,02/08/2025,
TK-1135,CUST-1371,退换货,pending,2026-08-22,2025-08-07
TK-1136,CUST-3546,物流查询,resolved,06/10/2025,2025-03-17
TK-1137,CUST-2763,发票问题,pending,2025-07-05,03/10/2026
TK-1138,CUST-1626,物流查询,pending,2025-09-23,06/24/2026
TK-1139,CUST-3216,发票问题,open,03-03-2026,
TK-1140,CUST-4741,投诉,closed,2026-12-05,
TK-1141,CUST-2414,物流查询,open,09/23/2025,12/17/2025
TK-1142,CUST-1914,退换货,open,2025-01-27,2025-09-25
TK-1143,CUST-3614,物流查询,closed,20-02-2026,2026-05-18
TK-1144,CUST-106,投诉,pending,2025-07-26,2025-12-18
TK-1145,CUST-2410,物流查询,OPEN,14-05-2025,09/20/2026
TK-1146,CUST-1692,投诉,closed,2026-11-08,2025-02-10
TK-1147,CUST-3630,发票问题,open,2026-04-19,08-12-2026
TK-1148,CUST-4696,售后维修,closed,2026-12-12,07/19/2025
TK-1149,CUST-2195,发票问题,open,02/11/2025,06/18/2026
TK-1150,CUST-3110,退换货,open,08-10-2026,05/24/2026
TK-1151,CUST-3972,退换货,pending,2025-06-12,2026-06-28
TK-1152,CUST-3877,退换货,resolved,2026-11-12,2025-07-17
TK-1153,CUST-4706,物流查询,OPEN,04-11-2026,16-02-2025
TK-1154,CUST-675,售后维修,pending,2025-12-11,
TK-1155,CUST-2935,退换货,open,2025-02-27,2025-06-22
TK-1156,CUST-295,退换货,open,06-10-2025,11/06/2026
TK-1157,CUST-337,物流查询,closed,18-05-2025,2026-07-19
TK-1158,CUST-3025,退换货,pending,2026-10-09,2025-11-06
TK-1159,CUST-1135,发票问题,OPEN,2025-08-12,11/01/2026
TK-1160,CUST-1761,售后维修,open,2025-05-10,04-09-2026
TK-1161,CUST-1839,发票问题,resolved,01-01-2025,2026-07-01
TK-1162,CUST-4347,售后维修,pending,15-05-2026,
TK-1163,CUST-3808,退换货,resolved,24-09-2026,
TK-1164,CUST-3189,退换货,resolved,2025-07-13,10/17/2026
TK-1165,CUST-2656,物流查询,pending,2026-06-21,2025-11-06
TK-1166,CUST-3084,物流查询,open,12/11/2025,25-04-2026
TK-1167,CUST-896,物流查询,OPEN,10/14/2026,2025-06-18
TK-1168,CUST-4898,售后维修,pending,2025-01-26,2026-04-10
TK-1169,CUST-3782,物流查询,open,2025-12-06,
TK-1170,CUST-1333,退换货,OPEN,2025-10-25,
TK-1171,CUST-2180,售后维修,pending,11/12/2025,2026-05-18
TK-1172,CUST-3908,投诉,closed,09/01/2026,09/20/2025
TK-1173,CUST-2514,退换货,pending,2026-09-10,
TK-1174,CUST-4304,物流查询,pending,07/09/2025,
TK-1175,CUST-3331,投诉,closed,2026-11-07,03-09-2025
TK-1176,CUST-2367,售后维修,closed,23-03-2026,12-02-2026
TK-1177,CUST-3425,投诉,pending,2026-05-18,27-01-2025
TK-1178,CUST-346,投诉,pending,10/12/2026,08-04-2026
TK-1179,CUST-4907,投诉,open,17-01-2025,2025-09-17
TK-1180,CUST-4649,投诉,closed,2026-07-13,07-10-2026
TK-1181,CUST-1998,物流查询,closed,04/20/2025,06/10/2025
TK-1182,CUST-263,售后维修,resolved,21-11-2025,21-02-2026
TK-1183,CUST-3147,物流查询,closed,2026-11-15,13-05-2025
TK-1184,CUST-408,投诉,resolved,26-05-2026,02/10/2025
TK-1185,CUST-3968,售后维修,open,2026-04-15,04/15/2025
TK-1186,CUST-2590,投诉,pending,2025-07-05,
TK-1187,CUST-2625,物流查询,closed,08-08-2025,
TK-1188,CUST-4791,投诉,pending,22-07-2025,03-06-2026
TK-1189,CUST-1592,物流查询,resolved,02/19/2026,
TK-1190,CUST-3844,退换货,closed,2026-10-03,22-06-2025
TK-1191,CUST-3195,物流查询,resolved,04/24/2026,
TK-1192,CUST-2390,售后维修,open,2026-06-04,10/06/2026
TK-1193,CUST-4459,物流查询,open,05/15/2026,2025-05-28
TK-1194,CUST-4122,售后维修,pending,2026-12-03,2026-05-01
TK-1195,CUST-4371,物流查询,OPEN,10-09-2026,06/16/2025
TK-1196,CUST-4079,投诉,open,2025-01-11,2026-12-09
TK-1197,CUST-1340,售后维修,pending,2026-06-21,
TK-1198,CUST-2440,售后维修,pending,2025-02-02,2026-04-18
TK-1199,CUST-1622,投诉,closed,2025-05-20,2026-10-17
TK-1200,CUST-1156,发票问题,closed,2026-09-08,
TK-1201,CUST-1147,发票问题,pending,07/27/2025,
TK-1202,CUST-1122,售后维修,open,2026-03-02,
TK-1203,CUST-2641,物流查询,open,2026-08-09,2026-01-15
TK-1204,CUST-1510,投诉,open,2026-12-03,24-10-2025
TK-1205,CUST-754,退换货,resolved,2025-07-28,2026-06-20
TK-1206,CUST-69,退换货,open,07/10/2025,07/22/2025
TK-1207,CUST-3586,售后维修,resolved,09/16/2025,28-01-2025
TK-1208,CUST-4913,售后维修,pending,02-01-2026,2025-06-01
TK-1209,CUST-3021,退换货,pending,2026-06-20,
TK-1210,CUST-103,物流查询,open,2026-09-06,2026-11-08
TK-1211,CUST-1603,退换货,resolved,20-12-2025,10-09-2025
TK-1212,CUST-995,投诉,resolved,06/22/2026,09-03-2026
TK-1213,CUST-1235,投诉,pending,2026-07-01,
TK-1214,CUST-1317,物流查询,open,01-10-2025,
TK-1215,CUST-3630,退换货,closed,2025-05-20,2026-02-23
TK-1216,CUST-4789,售后维修,pending,02-09-2025,02/10/2026
TK-1217,CUST-579,投诉,pending,2026-03-08,
TK-1218,CUST-2785,售后维修,OPEN,03/08/2025,01/19/2026
TK-1219,CUST-992,售后维修,resolved,18-06-2025,2026-12-11
TK-1220,CUST-1213,投诉,OPEN,2026-02-07,2026-10-18
TK-1221,CUST-696,退换货,open,2026-06-04,12/14/2026
TK-1222,CUST-3376,物流查询,OPEN,28-02-2025,19-01-2025
TK-1223,CUST-1638,物流查询,OPEN,2026-03-07,26-12-2025
TK-1224,CUST-1871,售后维修,open,2026-07-21,12/12/2025
TK-1225,CUST-4300,物流查询,OPEN,05/06/2026,10/22/2025
TK-1226,CUST-2910,退换货,open,2025-10-27,13-08-2026
TK-1227,CUST-4312,售后维修,OPEN,04/07/2025,2026-06-15
TK-1228,CUST-1801,投诉,open,2025-02-15,
TK-1229,CUST-3412,退换货,closed,01/01/2025,06/08/2025
TK-1230,CUST-2477,发票问题,resolved,2026-08-19,11-01-2026
TK-1231,CUST-3941,投诉,open,2025-09-03,20-05-2025
TK-1232,CUST-1981,售后维修,open,18-08-2025,03/26/2026
TK-1233,CUST-1523,售后维修,closed,07/06/2026,
TK-1234,CUST-3893,投诉,OPEN,02/04/2025,2025-05-04
TK-1235,CUST-2644,退换货,open,2025-07-28,07/25/2025
TK-1236,CUST-1976,物流查询,OPEN,2025-10-13,2026-06-22
TK-1237,CUST-325,发票问题,resolved,2025-12-14,11/25/2026
TK-1238,CUST-4645,物流查询,closed,2026-12-14,
TK-1239,CUST-2421,退换货,pending,05/01/2026,2026-05-28
TK-1240,CUST-697,退换货,resolved,2026-01-14,2025-07-20
TK-1241,CUST-3386,退换货,pending,12-05-2025,2026-03-01
TK-1242,CUST-283,售后维修,pending,2025-03-26,2025-01-07
TK-1243,CUST-534,投诉,pending,2026-06-01,28-12-2025
TK-1244,CUST-3252,投诉,pending,2026-09-14,2025-03-16
TK-1245,CUST-3796,发票问题,OPEN,2025-08-15,2026-09-14
TK-1246,CUST-822,退换货,open,04/08/2026,
TK-1247,CUST-3458,投诉,pending,03/08/2025,2026-10-26
TK-1248,CUST-4697,售后维修,open,2025-04-25,2025-09-14
TK-1249,CUST-2113,物流查询,open,2025-07-12,2025-06-11
TK-1250,CUST-3707,物流查询,OPEN,2025-06-04,08/27/2026
TK-1251,CUST-1230,物流查询,OPEN,2025-01-06,02-01-2025
TK-1252,CUST-4294,退换货,pending,2026-10-24,
TK-1253,CUST-320,退换货,resolved,2025-06-26,2026-10-19
TK-1254,CUST-2555,售后维修,open,2025-07-18,2026-04-06
TK-1255,CUST-3704,物流查询,pending,05/27/2025,
TK-1256,CUST-1116,物流查询,closed,15-07-2025,
TK-1257,CUST-280,退换货,resolved,11/04/2025,2025-05-05
TK-1258,CUST-4372,投诉,OPEN,2026-01-25,06/10/2025
TK-1259,CUST-3542,退换货,resolved,2025-10-12,02-01-2025
TK-1260,CUST-1839,售后维修,pending,19-01-2025,11-11-2026
TK-1261,CUST-1043,投诉,closed,03/01/2025,2026-11-06
TK-1262,CUST-1900,退换货,pending,2026-05-02,09/11/2025
TK-1263,CUST-4214,投诉,closed,01/26/2025,12/06/2025
TK-1264,CUST-3245,退换货,closed,2026-10-04,2026-01-01
TK-1265,CUST-1544,投诉,OPEN,12/03/2026,12/01/2025
TK-1266,CUST-770,售后维修,resolved,2025-12-10,04-03-2025
TK-1267,CUST-579,发票问题,OPEN,05/04/2026,11-05-2026
TK-1268,CUST-4357,退换货,resolved,2026-10-16,01/22/2025
TK-1269,CUST-3601,售后维修,OPEN,21-07-2025,2026-02-06
TK-1270,CUST-4933,发票问题,open,2026-10-01,04/07/2026
TK-1271,CUST-3719,发票问题,OPEN,2025-11-02,12/06/2025
TK-1272,CUST-2691,物流查询,resolved,09/19/2026,07-02-2025
TK-1273,CUST-1547,退换货,resolved,2025-01-13,2025-07-25
TK-1274,CUST-366,物流查询,resolved,2026-03-18,24-10-2026
TK-1275,CUST-877,发票问题,OPEN,2025-08-14,07/11/2026
TK-1276,CUST-1524,投诉,OPEN,03-03-2025,2026-05-17
TK-1277,CUST-2647,物流查询,OPEN,2026-04-05,2026-04-16
TK-1278,CUST-4327,售后维修,resolved,08/23/2026,09/11/2025
TK-1279,CUST-1666,发票问题,closed,2026-02-11,2026-04-01
TK-1280,CUST-1927,售后维修,OPEN,05/09/2026,
TK-1281,CUST-2530,投诉,pending,07/27/2026,09/18/2026
TK-1282,CUST-3265,退换货,closed,11/16/2026,2025-12-07
TK-1283,CUST-4684,退换货,closed,06/05/2026,2025-02-20
TK-1284,CUST-1270,发票问题,OPEN,10-03-2026,
TK-1285,CUST-4742,发票问题,closed,2026-02-06,
TK-1286,CUST-212,退换货,closed,12-05-2025,2026-10-27
TK-1287,CUST-1271,投诉,pending,07-10-2026,2026-10-07
TK-1288,CUST-3776,售后维修,OPEN,2025-06-19,
TK-1289,CUST-2487,售后维修,open,02/23/2025,25-02-2026
TK-1290,CUST-426,发票问题,OPEN,2025-11-23,2026-06-20
TK-1291,CUST-2102,物流查询,pending,11/24/2025,09-07-2026
TK-1292,CUST-474,发票问题,resolved,2026-08-11,2025-03-15
TK-1293,CUST-1607,投诉,open,2026-09-07,2025-07-14
TK-1294,CUST-3553,投诉,pending,2025-11-17,
TK-1295,CUST-1948,售后维修,open,12/23/2025,
TK-1296,CUST-285,发票问题,OPEN,12/20/2026,2026-04-03
TK-1297,CUST-1271,投诉,OPEN,2025-03-14,08/16/2026
TK-1298,CUST-975,投诉,open,01/03/2025,2025-12-23
TK-1299,CUST-4050,物流查询,closed,2026-08-28,2025-12-09
TK-1300,CUST-1983,退换货,OPEN,14-12-2026,2025-01-21
TK-1301,CUST-4720,售后维修,OPEN,2026-10-23,2025-10-11
TK-1302,CUST-1106,发票问题,resolved,03-10-2025,05/20/2025
TK-1303,CUST-4123,售后维修,OPEN,2025-12-24,
TK-1304,CUST-1907,售后维修,OPEN,2026-02-13,2026-08-02
TK-1305,CUST-2709,退换货,closed,2025-09-02,03-11-2025
TK-1306,CUST-1923,售后维修,open,2026-11-08,2026-01-20
TK-1307,CUST-1991,售后维修,open,2025-07-07,2026-03-09
TK-1308,CUST-2769,售后维修,closed,06/14/2026,03-09-2026
TK-1309,CUST-2540,物流查询,open,2025-11-02,
TK-1310,CUST-475,退换货,OPEN,2025-06-28,
TK-1311,CUST-3024,退换货,closed,2025-01-15,06/14/2025
TK-1312,CUST-3198,物流查询,open,2025-10-22,11/23/2025
TK-1313,CUST-1079,投诉,open,11/18/2026,02/04/2026
TK-1314,CUST-4809,投诉,resolved,2025-02-27,2025-02-22
TK-1315,CUST-2958,物流查询,pending,13-06-2026,2026-02-02
TK-1316,CUST-1480,物流查询,resolved,12-09-2025,
TK-1317,CUST-702,发票问题,pending,2026-03-05,2026-08-05
TK-1318,CUST-4624,物流查询,open,2025-11-06,01/04/2025
TK-1319,CUST-2195,退换货,OPEN,2025-11-02,
TK-1320,CUST-1897,物流查询,open,09/22/2026,09/06/2026
TK-1321,CUST-4659,发票问题,pending,08/12/2026,
TK-1322,CUST-3461,售后维修,pending,2026-07-26,2026-04-13
TK-1323,CUST-4517,售后维修,open,2025-10-27,03/03/2026
TK-1324,CUST-2266,售后维修,OPEN,09/19/2025,2026-01-10
TK-1325,CUST-23,投诉,resolved,04-04-2026,
TK-1326,CUST-1109,投诉,resolved,09/24/2026,2026-03-25
TK-1327,CUST-618,售后维修,OPEN,2025-11-24,
TK-1328,CUST-2341,物流查询,OPEN,03/14/2026,
TK-1329,CUST-2076,发票问题,resolved,2026-02-08,
TK-1330,CUST-508,投诉,OPEN,06/25/2026,05/28/2026
TK-1331,CUST-2219,售后维修,open,2025-02-25,2026-07-24
TK-1332,CUST-2025,售后维修,resolved,2025-01-20,2026-10-21
TK-1333,CUST-1194,物流查询,pending,08/05/2026,11/27/2026
TK-1334,CUST-2772,投诉,open,01/27/2025,2025-03-28
TK-1335,CUST-3986,投诉,closed,02/08/2026,2025-10-22
TK-1336,CUST-1386,发票问题,pending,03/06/2025,2025-03-12
TK-1337,CUST-1957,发票问题,open,03/01/2026,2026-09-10
TK-1338,CUST-4931,售后维修,closed,2026-08-08,
TK-1339,CUST-3811,物流查询,open,2026-10-07,2026-07-15
TK-1340,CUST-4419,退换货,closed,05-11-2025,23-03-2026
TK-1341,CUST-3074,投诉,resolved,11/02/2025,2026-12-25
TK-1342,CUST-216,投诉,pending,2026-06-21,01/07/2025
TK-1343,CUST-248,退换货,open,09/13/2026,2025-06-02
TK-1344,CUST-3903,发票问题,resolved,05/12/2025,
TK-1345,CUST-521,售后维修,resolved,2025-10-18,2025-02-13
TK-1346,CUST-273,投诉,pending,2025-09-19,08-01-2025
TK-1347,CUST-2149,发票问题,OPEN,2025-11-12,
TK-1348,CUST-2444,投诉,closed,02/27/2025,
TK-1349,CUST-3529,发票问题,closed,2026-01-12,2025-11-05
TK-1350,CUST-350,退换货,open,2025-04-14,
TK-1351,CUST-3514,售后维修,pending,2026-12-20,2025-04-11
TK-1352,CUST-4185,售后维修,OPEN,2025-09-01,10-08-2025
TK-1353,CUST-3361,发票问题,OPEN,22-01-2026,07/25/2025
TK-1354,CUST-2499,投诉,resolved,2025-10-16,24-06-2026
TK-1355,CUST-1037,物流查询,pending,2026-11-09,28-02-2026
TK-1356,CUST-374,物流查询,resolved,2026-10-11,2026-05-06
TK-1357,CUST-4543,物流查询,closed,2025-01-08,2025-12-17
TK-1358,CUST-619,投诉,OPEN,2025-05-19,2025-07-03
TK-1359,CUST-1369,售后维修,resolved,2026-04-12,2026-10-18
TK-1360,CUST-1917,发票问题,pending,10-04-2026,2026-12-22
TK-1361,CUST-261,发票问题,resolved,12/26/2025,2025-04-25
TK-1362,CUST-1687,投诉,pending,2026-10-28,
TK-1363,CUST-4647,发票问题,resolved,28-12-2026,2025-06-17
TK-1364,CUST-1220,售后维修,open,2025-04-18,08/01/2026
TK-1365,CUST-4445,发票问题,resolved,2026-10-06,02/04/2025
TK-1366,CUST-2404,投诉,pending,2026-04-23,04/23/2025
TK-1367,CUST-1573,发票问题,pending,09/17/2025,05/19/2025
TK-1368,CUST-3504,物流查询,OPEN,10/25/2026,04-02-2026
TK-1369,CUST-3561,发票问题,OPEN,04/16/2025,2026-09-10
TK-1370,CUST-3658,物流查询,open,2025-07-19,08/23/2026
TK-1371,CUST-4747,物流查询,closed,2025-07-11,
TK-1372,CUST-4577,发票问题,open,10/08/2026,2025-11-25
TK-1373,CUST-2688,物流查询,closed,11-06-2026,
TK-1374,CUST-161,发票问题,open,07/22/2025,
TK-1375,CUST-243,物流查询,OPEN,2025-05-09,09/13/2025
TK-1376,CUST-4951,退换货,pending,05/16/2025,2026-03-14
TK-1377,CUST-3410,物流查询,open,2025-04-28,
TK-1378,CUST-4924,退换货,open,27-12-2025,02-05-2025
TK-1379,CUST-2841,投诉,open,14-02-2025,
TK-1380,CUST-1408,投诉,pending,09-02-2025,11-08-2025
TK-1381,CUST-4584,发票问题,pending,2025-05-01,11/11/2025
TK-1382,CUST-4356,退换货,pending,06/24/2026,2026-02-05
TK-1383,CUST-1329,投诉,closed,2026-11-21,16-05-2025
TK-1384,CUST-5,发票问题,pending,2025-07-20,
TK-1385,CUST-4953,发票问题,closed,2025-03-16,14-08-2025
TK-1386,CUST-486,物流查询,pending,07/09/2026,
TK-1387,CUST-3215,投诉,closed,2026-09-28,
TK-1388,CUST-1410,发票问题,resolved,17-06-2025,2026-08-08
TK-1389,CUST-943,物流查询,closed,02-02-2026,08/25/2026
TK-1390,CUST-2890,退换货,pending,2026-03-06,2025-11-23
TK-1391,CUST-2729,售后维修,open,2025-12-22,28-10-2025
TK-1392,CUST-2369,退换货,closed,24-09-2026,2026-04-05
TK-1393,CUST-4040,退换货,pending,2025-04-05,2025-10-14
TK-1394,CUST-4284,物流查询,open,2026-11-26,10-12-2026
TK-1395,CUST-3620,发票问题,closed,01/10/2025,11/20/2026
TK-1396,CUST-4497,退换货,resolved,07/06/2026,2025-04-03
TK-1397,CUST-1685,退换货,closed,2026-12-05,2025-04-19
TK-1398,CUST-3323,投诉,open,2025-12-27,03/08/2026
TK-1399,CUST-4166,物流查询,OPEN,2025-12-23,13-08-2025
TK-1400,CUST-3814,退换货,closed,12/15/2025,
TK-1401,CUST-3538,售后维修,resolved,09/21/2026,2025-06-09
TK-1402,CUST-4729,物流查询,pending,04/17/2026,2025-03-10
TK-1403,CUST-1275,发票问题,OPEN,2025-05-24,
TK-1404,CUST-2230,发票问题,OPEN,05/10/2026,
TK-1405,CUST-2380,物流查询,OPEN,01/12/2025,
TK-1406,CUST-4520,发票问题,open,2025-05-19,03/01/2025
TK-1407,CUST-1598,物流查询,resolved,07/17/2026,2026-06-06
TK-1408,CUST-651,售后维修,pending,12/23/2025,2026-10-16
TK-1409,CUST-1840,物流查询,closed,01-08-2026,19-12-2025
TK-1410,CUST-1871,投诉,OPEN,11/16/2026,05/07/2026
TK-1411,CUST-4689,投诉,resolved,15-07-2025,2025-07-17
TK-1412,CUST-2725,退换货,open,2026-02-26,02-05-2025
TK-1413,CUST-3055,退换货,closed,06/17/2026,2025-06-21
TK-1414,CUST-2869,退换货,pending,2026-12-21,
TK-1415,CUST-4412,发票问题,resolved,12-11-2026,
TK-1416,CUST-502,发票问题,open,13-10-2025,01/25/2026
TK-1417,CUST-2348,退换货,resolved,09/04/2025,12-04-2025
TK-1418,CUST-3445,售后维修,closed,03-06-2026,
TK-1419,CUST-1816,物流查询,open,11-07-2025,2026-06-04
TK-1420,CUST-315,投诉,closed,2025-03-10,
TK-1421,CUST-3619,售后维修,resolved,18-10-2026,2025-03-14
TK-1422,CUST-1067,投诉,closed,08/26/2025,2025-03-19
TK-1423,CUST-1102,投诉,pending,2025-06-12,2025-11-03
TK-1424,CUST-2212,发票问题,pending,11/24/2026,01/07/2026
TK-1425,CUST-914,售后维修,open,01/02/2025,07/26/2026
TK-1426,CUST-3560,售后维修,open,2026-05-23,2025-12-07
TK-1427,CUST-3281,投诉,closed,2025-08-26,2025-05-21
TK-1428,CUST-2705,发票问题,pending,23-03-2025,
TK-1429,CUST-1887,投诉,pending,11/08/2026,06/28/2025
TK-1430,CUST-4482,退换货,resolved,05/08/2026,28-07-2025
TK-1431,CUST-4158,退换货,pending,03/21/2026,
TK-1432,CUST-1353,物流查询,open,09/17/2025,
TK-1433,CUST-1599,发票问题,pending,2026-03-12,15-05-2025
TK-1434,CUST-730,退换货,open,08/14/2025,2025-06-17
TK-1435,CUST-4293,售后维修,closed,2025-11-25,01-06-2025
TK-1436,CUST-1165,售后维修,OPEN,12/20/2025,2026-08-19
TK-1437,CUST-2967,退换货,resolved,2025-07-19,20-01-2026
TK-1438,CUST-1116,售后维修,OPEN,12/07/2025,2026-08-13
TK-1439,CUST-4381,物流查询,open,2025-12-12,2025-06-25
TK-1440,CUST-2720,投诉,resolved,27-11-2026,08/04/2025
TK-1441,CUST-3446,物流查询,pending,07/22/2025,2026-01-22
TK-1442,CUST-3650,物流查询,pending,10/19/2025,2025-03-07
TK-1443,CUST-4052,物流查询,resolved,2025-08-11,22-08-2026
TK-1444,CUST-373,投诉,OPEN,10/09/2025,2025-05-18
TK-1445,CUST-1989,发票问题,pending,03/06/2025,05/07/2025
TK-1446,CUST-1042,退换货,open,2026-04-16,2025-08-19
TK-1447,CUST-1001,售后维修,open,2025-12-20,
TK-1448,CUST-1915,物流查询,closed,2026-11-27,2025-07-12
TK-1449,CUST-4415,发票问题,open,08/20/2025,2026-12-28
TK-1450,CUST-473,退换货,closed,2025-10-21,22-10-2026
TK-1451,CUST-735,售后维修,OPEN,2025-08-03,
TK-1452,CUST-4641,发票问题,closed,11/12/2025,2026-09-01
TK-1453,CUST-449,物流查询,open,13-01-2025,04-11-2026
TK-1454,CUST-1595,售后维修,open,2025-03-21,2025-01-13
TK-1455,CUST-4820,发票问题,resolved,02/07/2025,05-05-2025
TK-1456,CUST-765,投诉,pending,2025-10-16,
TK-1457,CUST-2917,退换货,OPEN,2026-01-16,02/21/2025
TK-1458,CUST-1749,退换货,open,11/25/2025,2026-12-23
TK-1459,CUST-4482,发票问题,OPEN,2026-10-10,
TK-1460,CUST-3131,发票问题,pending,2026-07-23,15-03-2025
TK-1461,CUST-2398,发票问题,open,2025-07-08,
TK-1462,CUST-2882,售后维修,closed,06/03/2025,
TK-1463,CUST-862,投诉,resolved,2025-03-06,
TK-1464,CUST-2622,发票问题,pending,10/19/2026,05/03/2026
TK-1465,CUST-3018,售后维修,pending,05/24/2026,19-03-2026
TK-1466,CUST-1407,发票问题,resolved,2025-06-19,02-04-2025
TK-1467,CUST-2874,退换货,OPEN,2026-04-23,08/05/2025
TK-1468,CUST-754,退换货,resolved,2025-11-03,2026-12-21
TK-1469,CUST-603,物流查询,OPEN,03/25/2026,2025-11-28
TK-1470,CUST-363,物流查询,open,05-10-2026,
TK-1471,CUST-3544,物流查询,closed,11/15/2026,
TK-1472,CUST-4852,物流查询,OPEN,08/28/2025,
TK-1473,CUST-3809,发票问题,OPEN,02-01-2026,08/27/2025
TK-1474,CUST-4899,投诉,closed,2026-05-09,2025-12-12
TK-1475,CUST-4186,物流查询,OPEN,2025-05-27,27-10-2025
TK-1476,CUST-3683,售后维修,closed,2026-01-13,
TK-1477,CUST-1370,售后维修,OPEN,2025-02-10,27-05-2025
TK-1478,CUST-4410,投诉,open,2025-05-25,
TK-1479,CUST-4423,投诉,pending,2026-04-13,
TK-1480,CUST-5000,投诉,closed,2025-12-23,23-07-2025
TK-1481,CUST-1213,退换货,OPEN,2025-08-14,2025-12-02
TK-1482,CUST-3516,投诉,closed,2025-01-15,09/19/2026
TK-1483,CUST-1509,物流查询,open,13-11-2026,01/26/2025
TK-1484,CUST-1740,售后维修,OPEN,05-12-2025,2026-02-28
TK-1485,CUST-3388,发票问题,pending,05/22/2026,03/15/2026
TK-1486,CUST-1428,投诉,pending,2026-08-04,2025-10-28
TK-1487,CUST-2527,发票问题,resolved,2026-10-07,
TK-1488,CUST-357,物流查询,open,2026-11-12,12/02/2026
TK-1489,CUST-2873,物流查询,OPEN,04/05/2025,01-03-2026
TK-1490,CUST-2373,物流查询,closed,24-02-2026,
TK-1491,CUST-1590,投诉,OPEN,27-05-2026,
TK-1492,CUST-2137,投诉,resolved,22-09-2025,2026-09-20
TK-1493,CUST-732,物流查询,pending,2025-08-15,2026-08-09
TK-1494,CUST-3933,物流查询,closed,2026-04-18,2025-06-04
TK-1495,CUST-4946,投诉,pending,01-11-2026,
TK-1496,CUST-4606,投诉,closed,07/17/2025,2026-06-28
TK-1497,CUST-1984,投诉,resolved,2025-03-22,2025-10-19
TK-1498,CUST-285,发票问题,closed,10/01/2026,2026-10-02
TK-1499,CUST-4472,退换货,closed,2026-08-01,10/07/2026
TK-1500,CUST-2743,物流查询,closed,2026-12-14,
TK-1501,CUST-3601,售后维修,open,06/11/2026,05-02-2025
TK-1502,CUST-4445,物流查询,closed,09/05/2025,11/12/2025
TK-1503,CUST-2726,发票问题,resolved,11/24/2026,06/02/2025
TK-1504,CUST-273,发票问题,resolved,2025-10-12,03/26/2026
TK-1505,CUST-2141,物流查询,open,2026-10-11,2025-04-20
TK-1506,CUST-2106,发票问题,OPEN,2025-12-06,
TK-1507,CUST-4397,发票问题,closed,11/03/2026,01/07/2025
TK-1508,CUST-742,投诉,closed,2026-03-12,2026-06-04
TK-1509,CUST-3089,发票问题,resolved,12/04/2025,2025-04-02
TK-1510,CUST-597,物流查询,OPEN,2026-12-10,04-04-2025
TK-1511,CUST-4986,物流查询,pending,2026-10-13,2025-10-17
TK-1512,CUST-3133,投诉,closed,2026-10-21,25-10-2025
TK-1513,CUST-601,投诉,pending,2025-09-11,2025-11-05
TK-1514,CUST-4428,投诉,closed,11-08-2025,2026-03-14
TK-1515,CUST-3633,发票问题,resolved,12/27/2025,12/27/2026
TK-1516,CUST-4257,物流查询,OPEN,27-12-2026,2025-07-13
TK-1517,CUST-1950,售后维修,pending,2025-11-26,02-02-2026
TK-1518,CUST-3974,退换货,resolved,05/28/2026,2026-07-01
TK-1519,CUST-2701,售后维修,OPEN,12/08/2026,2025-03-04
TK-1520,CUST-4902,投诉,open,17-03-2026,07-09-2025
TK-1521,CUST-3888,售后维修,pending,05/25/2026,2025-04-01
TK-1522,CUST-1286,物流查询,pending,04/21/2026,17-04-2025
TK-1523,CUST-667,发票问题,closed,09/04/2025,
TK-1524,CUST-1964,退换货,pending,2026-02-01,2025-05-22
TK-1525,CUST-3527,投诉,closed,2025-01-04,
TK-1526,CUST-4910,售后维修,resolved,2026-09-07,05-11-2026
TK-1527,CUST-1796,售后维修,open,2025-11-20,15-11-2026
TK-1528,CUST-2507,退换货,resolved,07/19/2026,04/16/2025
TK-1529,CUST-3008,投诉,resolved,2025-08-13,07/06/2025
TK-1530,CUST-3077,物流查询,closed,2026-01-10,02-06-2026
TK-1531,CUST-737,物流查询,OPEN,2025-07-15,2025-12-17
TK-1532,CUST-2035,发票问题,open,2025-07-16,09/19/2026
TK-1533,CUST-258,退换货,open,25-09-2026,2026-05-08
TK-1534,CUST-4109,发票问题,open,04/10/2026,06-06-2026
TK-1535,CUST-2659,退换货,OPEN,11-02-2025,
TK-1536,CUST-296,物流查询,OPEN,04/11/2026,10/19/2026
TK-1537,CUST-300,退换货,closed,07/27/2025,07/06/2026
TK-1538,CUST-4538,售后维修,open,10/02/2026,
TK-1539,CUST-276,物流查询,closed,2026-09-03,
TK-1540,CUST-316,退换货,pending,08/09/2026,
TK-1541,CUST-372,物流查询,open,2026-10-07,2025-08-28
TK-1542,CUST-4446,发票问题,pending,2026-01-26,11/10/2026
TK-1543,CUST-4416,售后维修,open,2025-04-22,2025-05-13
TK-1544,CUST-4781,投诉,closed,2025-09-03,08/21/2025
TK-1545,CUST-1316,投诉,pending,02/07/2025,
TK-1546,CUST-3359,退换货,closed,28-02-2025,2026-03-24
TK-1547,CUST-2895,退换货,OPEN,07-05-2026,18-06-2026
TK-1548,CUST-4232,售后维修,OPEN,11/09/2026,2025-10-28
TK-1549,CUST-1753,退换货,pending,16-05-2026,2025-01-09
TK-1550,CUST-4456,投诉,closed,04/20/2025,13-02-2025
TK-1551,CUST-2767,退换货,open,2025-06-26,2025-03-20
TK-1552,CUST-1289,退换货,OPEN,04/05/2025,24-08-2025
TK-1553,CUST-4022,物流查询,closed,02/18/2026,2025-07-01
TK-1554,CUST-1367,投诉,OPEN,2026-02-22,03/18/2026
TK-1555,CUST-4407,投诉,closed,25-04-2025,2025-08-17
TK-1556,CUST-4690,物流查询,pending,2026-04-16,11-09-2025
TK-1557,CUST-4424,发票问题,resolved,2026-11-13,2025-05-11
TK-1558,CUST-2737,物流查询,open,2026-01-18,10/19/2025
TK-1559,CUST-426,售后维修,resolved,2026-11-16,2025-03-27
TK-1560,CUST-1728,售后维修,pending,28-12-2026,2025-03-11
TK-1561,CUST-3397,物流查询,resolved,03/02/2025,2026-02-04
TK-1562,CUST-3995,物流查询,resolved,2025-02-17,2026-04-21
TK-1563,CUST-1089,退换货,open,2025-03-09,2025-07-25
TK-1564,CUST-4620,物流查询,closed,2025-12-02,2025-12-10
TK-1565,CUST-1312,退换货,OPEN,09/08/2026,04/18/2026
TK-1566,CUST-1643,退换货,open,24-03-2025,2025-07-24
TK-1567,CUST-4706,售后维修,OPEN,2025-04-02,06/15/2026
TK-1568,CUST-1446,发票问题,resolved,08-02-2026,
TK-1569,CUST-2900,发票问题,open,2025-10-08,
TK-1570,CUST-1402,物流查询,pending,06-01-2026,2025-11-03
TK-1571,CUST-2427,物流查询,OPEN,2026-01-11,2025-08-15
TK-1572,CUST-2797,发票问题,open,2026-01-23,12/08/2026
TK-1573,CUST-1983,物流查询,OPEN,02/10/2026,02/08/2026
TK-1574,CUST-2618,投诉,resolved,2025-07-28,06/21/2026
TK-1575,CUST-165,售后维修,closed,2025-09-27,
TK-1576,CUST-3844,物流查询,resolved,13-07-2026,05/06/2025
TK-1577,CUST-241,退换货,OPEN,2026-01-04,
TK-1578,CUST-2631,退换货,closed,2026-04-26,2026-06-03
TK-1579,CUST-4445,物流查询,pending,2026-05-08,06/28/2026
TK-1580,CUST-4819,售后维修,open,2025-04-04,03-08-2026
TK-1581,CUST-3321,物流查询,resolved,10/16/2025,
TK-1582,CUST-2995,发票问题,pending,07-03-2025,03-02-2025
TK-1583,CUST-4027,发票问题,resolved,2026-06-19,2025-06-20
TK-1584,CUST-2457,发票问题,open,2026-05-08,09-04-2026
TK-1585,CUST-4734,投诉,OPEN,2026-03-18,2026-01-13
TK-1586,CUST-1465,投诉,closed,02/17/2025,2026-12-26
TK-1587,CUST-1307,投诉,open,10-09-2025,2025-02-13
TK-1588,CUST-4407,售后维修,closed,07/24/2026,07/16/2026
TK-1589,CUST-2826,售后维修,closed,01-12-2026,11/27/2025
TK-1590,CUST-4829,售后维修,OPEN,12/15/2025,2025-02-03
TK-1591,CUST-968,投诉,OPEN,2026-08-08,2026-02-13
TK-1592,CUST-4209,退换货,open,05-09-2025,2025-11-21
TK-1593,CUST-2327,退换货,resolved,21-03-2025,2026-06-27
TK-1594,CUST-4623,投诉,pending,2025-05-27,06-12-2026
TK-1595,CUST-456,退换货,open,13-05-2026,
TK-1596,CUST-2363,投诉,closed,01/24/2025,2026-07-07
TK-1597,CUST-705,物流查询,resolved,2025-11-09,2026-06-08
TK-1598,CUST-1469,投诉,OPEN,2026-08-27,
TK-1599,CUST-3534,售后维修,pending,10/17/2026,2025-09-16
TK-1600,CUST-3262,物流查询,pending,09/01/2026,02-02-2025
TK-1601,CUST-2124,投诉,closed,2026-01-20,2025-02-11
TK-1602,CUST-711,退换货,pending,2026-05-20,11/12/2025
TK-1603,CUST-1509,退换货,closed,01/16/2026,2026-12-02
TK-1604,CUST-2512,物流查询,open,04/21/2026,08/25/2025
TK-1605,CUST-2417,发票问题,pending,2026-10-01,09/21/2025
TK-1606,CUST-3517,售后维修,pending,06/14/2026,11/19/2025
TK-1607,CUST-2177,售后维修,pending,2025-01-22,
TK-1608,CUST-673,物流查询,pending,2026-11-16,2026-12-12
TK-1609,CUST-2052,物流查询,open,04/07/2026,07/18/2025
TK-1610,CUST-3329,物流查询,open,07/22/2025,25-08-2026
TK-1611,CUST-3486,投诉,OPEN,2026-12-18,
TK-1612,CUST-2486,物流查询,open,06/09/2026,
TK-1613,CUST-293,发票问题,resolved,23-07-2026,03/10/2025
TK-1614,CUST-2740,售后维修,resolved,05/26/2026,
TK-1615,CUST-85,售后维修,resolved,11/13/2025,2026-05-11
TK-1616,CUST-2468,退换货,resolved,2025-01-25,2025-06-25
TK-1617,CUST-1144,退换货,resolved,2026-09-06,08/07/2026
TK-1618,CUST-3028,售后维修,OPEN,18-02-2026,05-02-2026
TK-1619,CUST-2320,投诉,closed,2025-05-16,23-02-2026
TK-1620,CUST-1273,发票问题,resolved,06/10/2026,2025-07-23
TK-1621,CUST-2892,发票问题,closed,20-04-2026,26-09-2026
TK-1622,CUST-1416,发票问题,open,2025-05-02,
TK-1623,CUST-3601,投诉,resolved,2025-10-02,
TK-1624,CUST-78,投诉,open,2025-10-20,2025-10-03
TK-1625,CUST-4443,投诉,resolved,03-06-2025,2026-09-22
TK-1626,CUST-309,售后维修,closed,2025-02-18,20-03-2025
TK-1627,CUST-1676,投诉,pending,2025-11-04,2025-01-03
TK-1628,CUST-3191,物流查询,OPEN,2025-11-04,02/23/2025
TK-1629,CUST-436,退换货,pending,2025-12-23,2025-05-10
TK-1630,CUST-2393,售后维修,open,2025-02-04,
TK-1631,CUST-3639,投诉,resolved,09/21/2025,
TK-1632,CUST-2843,投诉,open,09/25/2025,
TK-1633,CUST-4940,退换货,pending,2025-05-24,2025-05-17
TK-1634,CUST-2552,物流查询,closed,2026-07-08,2026-07-10
TK-1635,CUST-4543,售后维修,pending,01/10/2025,09/09/2025
TK-1636,CUST-1436,发票问题,pending,02-04-2026,2025-04-17
TK-1637,CUST-3603,物流查询,closed,10-01-2026,02/24/2025
TK-1638,CUST-67,售后维修,pending,07/21/2025,07/28/2025
TK-1639,CUST-3954,投诉,closed,11/28/2025,
TK-1640,CUST-4568,物流查询,open,2025-09-15,2025-10-10
TK-1641,CUST-1637,退换货,OPEN,2026-09-12,05/13/2026
TK-1642,CUST-1085,退换货,resolved,2025-02-19,2026-12-17
TK-1643,CUST-1689,投诉,resolved,24-03-2025,2025-12-07
TK-1644,CUST-287,发票问题,OPEN,2026-07-25,2025-08-02
TK-1645,CUST-3470,发票问题,OPEN,2025-04-14,17-07-2025
TK-1646,CUST-741,退换货,closed,12/20/2025,02/15/2026
TK-1647,CUST-4961,物流查询,closed,2025-12-08,
TK-1648,CUST-388,发票问题,OPEN,2026-01-20,
TK-1649,CUST-1436,售后维修,pending,20-08-2026,01/03/2025
TK-1650,CUST-3674,投诉,resolved,04/06/2026,2026-06-20
TK-1651,CUST-2240,退换货,open,2025-11-16,05-10-2025
TK-1652,CUST-3979,售后维修,closed,2025-07-01,19-10-2026
TK-1653,CUST-4316,退换货,pending,2026-11-25,2026-01-05
TK-1654,CUST-1285,投诉,pending,11/28/2026,2025-09-09
TK-1655,CUST-1730,售后维修,closed,2025-09-11,2026-01-10
TK-1656,CUST-3044,退换货,OPEN,2026-05-14,2025-04-19
TK-1657,CUST-3139,退换货,resolved,08/21/2025,07/04/2025
TK-1658,CUST-4731,投诉,open,18-02-2026,04-09-2026
TK-1659,CUST-858,物流查询,open,2025-06-20,05/13/2025
TK-1660,CUST-4427,售后维修,resolved,2025-04-18,12/03/2025
TK-1661,CUST-3711,投诉,OPEN,12/26/2025,26-01-2026
TK-1662,CUST-53,发票问题,resolved,2025-09-09,2026-10-16
TK-1663,CUST-2241,售后维修,closed,01/22/2026,2026-04-16
TK-1664,CUST-2454,物流查询,pending,05/09/2025,
TK-1665,CUST-3499,投诉,OPEN,2026-12-26,12/25/2026
TK-1666,CUST-4629,投诉,open,08/14/2026,27-05-2025
TK-1667,CUST-1012,售后维修,resolved,2026-01-09,
TK-1668,CUST-4471,售后维修,OPEN,2025-07-23,
TK-1669,CUST-4485,投诉,resolved,22-05-2026,2026-08-15
TK-1670,CUST-1862,投诉,closed,05/08/2026,
TK-1671,CUST-2640,退换货,open,2026-11-01,2025-11-26
TK-1672,CUST-4906,退换货,closed,2026-06-08,2025-02-04
TK-1673,CUST-2341,退换货,closed,2026-11-14,06/16/2025
TK-1674,CUST-80,售后维修,OPEN,2025-05-05,2026-03-03
TK-1675,CUST-2765,售后维修,pending,2025-01-13,2025-04-10
TK-1676,CUST-3489,退换货,resolved,09/09/2025,2025-03-19
TK-1677,CUST-684,物流查询,closed,26-09-2025,01/26/2025
TK-1678,CUST-3660,退换货,open,2025-01-18,2025-12-13
TK-1679,CUST-2435,售后维修,resolved,2026-08-07,
TK-1680,CUST-69,退换货,closed,2026-05-27,2025-07-26
TK-1681,CUST-378,售后维修,open,25-02-2026,
TK-1682,CUST-1632,投诉,pending,2026-06-09,2025-10-24
TK-1683,CUST-4598,售后维修,OPEN,2026-10-26,
TK-1684,CUST-4022,售后维修,open,2026-02-22,2025-02-10
TK-1685,CUST-334,投诉,resolved,06-02-2025,
TK-1686,CUST-3703,发票问题,pending,2026-12-11,2026-09-28
TK-1687,CUST-3366,物流查询,closed,2026-06-19,
TK-1688,CUST-286,退换货,resolved,2026-12-18,2026-08-11
TK-1689,CUST-3837,退换货,pending,2026-11-24,06-03-2025
TK-1690,CUST-1848,发票问题,resolved,02/22/2025,2026-04-05
TK-1691,CUST-650,物流查询,pending,06/01/2025,2025-12-09
TK-1692,CUST-1706,物流查询,OPEN,2025-10-17,2025-08-27
TK-1693,CUST-1504,售后维修,resolved,19-02-2026,06/03/2025
TK-1694,CUST-374,退换货,open,2026-10-10,02/09/2025
TK-1695,CUST-2541,售后维修,resolved,08/04/2025,03/03/2026
TK-1696,CUST-2699,发票问题,OPEN,2026-01-07,17-08-2025
TK-1697,CUST-4876,投诉,OPEN,2026-04-24,
TK-1698,CUST-403,投诉,resolved,2025-01-12,
TK-1699,CUST-3528,投诉,OPEN,2025-03-20,09/10/2026
TK-1700,CUST-2290,发票问题,resolved,2025-12-23,
TK-1701,CUST-2141,物流查询,resolved,2026-03-18,2026-07-07
TK-1702,CUST-104,投诉,open,2025-12-27,2026-06-15
TK-1703,CUST-4901,售后维修,resolved,12-04-2026,
TK-1704,CUST-1797,退换货,resolved,2025-02-14,11/01/2025
TK-1705,CUST-1392,投诉,pending,2025-10-28,
TK-1706,CUST-4686,物流查询,OPEN,2025-05-02,08/20/2025
TK-1707,CUST-3899,投诉,pending,2026-03-08,2025-08-07
TK-1708,CUST-697,发票问题,OPEN,15-12-2025,2025-01-25
TK-1709,CUST-4022,发票问题,closed,09-12-2026,2025-02-27
TK-1710,CUST-3267,退换货,OPEN,2026-01-08,
TK-1711,CUST-2276,物流查询,open,16-12-2025,
TK-1712,CUST-1988,物流查询,resolved,2026-01-08,2025-07-28
TK-1713,CUST-996,售后维修,closed,03/24/2025,10/01/2025
TK-1714,CUST-1942,发票问题,closed,2026-10-15,2025-06-19
TK-1715,CUST-3778,投诉,closed,16-06-2026,06/06/2026
TK-1716,CUST-3496,物流查询,closed,07-02-2026,2026-02-09
TK-1717,CUST-2911,物流查询,pending,2026-04-13,01/27/2025
TK-1718,CUST-2942,售后维修,closed,07/06/2025,
TK-1719,CUST-604,退换货,closed,2026-10-07,03-10-2026
TK-1720,CUST-1580,发票问题,closed,2026-07-16,
TK-1721,CUST-2894,物流查询,closed,2026-03-11,2025-01-09
TK-1722,CUST-364,投诉,OPEN,2026-09-28,2025-04-27
TK-1723,CUST-3439,投诉,closed,2026-10-27,
TK-1724,CUST-4070,投诉,open,05/08/2025,2026-12-13
TK-1725,CUST-2165,退换货,pending,04/27/2025,
TK-1726,CUST-4083,退换货,OPEN,2026-04-23,2025-07-02
TK-1727,CUST-1973,投诉,closed,2026-11-27,2026-03-10
TK-1728,CUST-493,售后维修,open,2026-07-21,2025-05-05
TK-1729,CUST-2961,退换货,OPEN,07/06/2025,11/02/2026
TK-1730,CUST-1272,售后维修,OPEN,2025-11-02,
TK-1731,CUST-2370,退换货,open,05-09-2025,27-08-2026
TK-1732,CUST-3749,投诉,pending,08/22/2026,01/12/2025
TK-1733,CUST-3934,发票问题,closed,2025-09-27,02/07/2026
TK-1734,CUST-18,售后维修,open,2025-05-19,2025-04-26
TK-1735,CUST-2253,物流查询,pending,2026-12-22,2025-04-25
TK-1736,CUST-671,退换货,OPEN,07/15/2025,16-11-2025
TK-1737,CUST-4898,投诉,closed,09-08-2026,2025-12-26
TK-1738,CUST-3629,投诉,resolved,2025-05-17,11-05-2025
TK-1739,CUST-1678,售后维修,OPEN,2026-06-01,21-11-2025
TK-1740,CUST-4845,售后维修,open,16-02-2026,04/08/2026
TK-1741,CUST-3327,退换货,closed,13-03-2026,04/08/2026
TK-1742,CUST-2551,售后维修,OPEN,02/12/2025,
TK-1743,CUST-2850,售后维修,resolved,02/22/2025,2026-06-01
TK-1744,CUST-3095,发票问题,closed,22-09-2025,2025-07-11
TK-1745,CUST-258,售后维修,OPEN,22-10-2026,2026-03-25
TK-1746,CUST-1372,物流查询,closed,2026-02-16,2026-03-05
TK-1747,CUST-3110,退换货,OPEN,25-12-2025,2026-12-06
TK-1748,CUST-278,售后维修,pending,2026-07-17,
TK-1749,CUST-3263,发票问题,closed,15-03-2026,2026-08-18
TK-1750,CUST-2440,投诉,closed,2026-02-28,08/21/2026
TK-1751,CUST-3990,投诉,OPEN,2026-06-24,05/04/2025
TK-1752,CUST-2456,投诉,resolved,2026-11-28,03/01/2025
TK-1753,CUST-239,投诉,resolved,07/24/2025,18-11-2026
TK-1754,CUST-4887,投诉,resolved,04/02/2026,
TK-1755,CUST-4711,物流查询,resolved,23-12-2026,08-07-2025
TK-1756,CUST-2552,发票问题,resolved,12/08/2025,08/25/2025
TK-1757,CUST-1165,发票问题,closed,2026-03-23,2025-05-13
TK-1758,CUST-2811,售后维修,open,14-02-2025,
TK-1759,CUST-3274,退换货,closed,02/08/2026,21-11-2026
TK-1760,CUST-326,发票问题,open,2026-02-05,2025-04-22
TK-1761,CUST-3253,投诉,open,2025-08-25,05-01-2026
TK-1762,CUST-1522,物流查询,closed,19-01-2025,05/24/2026
TK-1763,CUST-3886,售后维修,resolved,2026-08-24,
TK-1764,CUST-1451,退换货,resolved,04-01-2025,
TK-1765,CUST-320,发票问题,pending,2025-05-18,05/09/2025
TK-1766,CUST-2282,物流查询,resolved,07-11-2025,27-03-2026
TK-1767,CUST-831,物流查询,pending,2025-08-19,2026-08-27
TK-1768,CUST-2790,退换货,closed,2026-04-21,
TK-1769,CUST-1131,物流查询,open,2026-07-08,17-07-2025
TK-1770,CUST-4249,投诉,open,04/05/2026,2025-08-13
TK-1771,CUST-3005,退换货,open,2025-08-11,08/06/2025
TK-1772,CUST-2408,投诉,resolved,2026-09-10,2025-11-26
TK-1773,CUST-605,物流查询,pending,2026-09-02,09/22/2025
TK-1774,CUST-249,发票问题,pending,09/13/2026,2025-02-25
TK-1775,CUST-4060,退换货,pending,08/19/2025,
TK-1776,CUST-950,投诉,resolved,15-02-2026,01/11/2025
TK-1777,CUST-4489,投诉,closed,21-03-2026,
TK-1778,CUST-4968,退换货,OPEN,2026-04-03,
TK-1779,CUST-345,退换货,OPEN,12/05/2025,
TK-1780,CUST-4425,物流查询,pending,09/25/2025,2025-12-19
TK-1781,CUST-140,物流查询,open,2025-12-06,2025-11-27
TK-1782,CUST-382,退换货,pending,2025-01-10,
TK-1783,CUST-4364,售后维修,pending,07/14/2025,2026-07-28
TK-1784,CUST-233,发票问题,OPEN,2026-01-15,2025-11-19
TK-1785,CUST-1758,投诉,resolved,2026-10-07,
TK-1786,CUST-314,退换货,closed,2026-05-15,23-04-2025
TK-1787,CUST-2694,发票问题,closed,2026-01-21,11/24/2025
TK-1788,CUST-1783,退换货,pending,2025-05-12,
TK-1789,CUST-3540,退换货,open,03/13/2026,2026-04-04
TK-1790,CUST-4319,投诉,resolved,04-06-2026,2025-08-14
TK-1791,CUST-2275,发票问题,resolved,25-01-2026,
TK-1792,CUST-647,投诉,open,2025-05-11,14-03-2026
TK-1793,CUST-2739,物流查询,pending,05/09/2025,09-09-2026
TK-1794,CUST-873,投诉,pending,03/02/2025,2025-08-05
TK-1795,CUST-485,退换货,resolved,04-12-2025,
TK-1796,CUST-3052,投诉,pending,12/18/2025,2026-11-22
TK-1797,CUST-3861,售后维修,open,28-04-2026,2025-02-09
TK-1798,CUST-4756,发票问题,resolved,08/01/2025,04/26/2026
TK-1799,CUST-3401,发票问题,closed,12/06/2026,2025-10-04
TK-1800,CUST-4905,售后维修,closed,2026-07-21,06/25/2026
TK-1801,CUST-890,投诉,OPEN,2026-02-15,09/18/2025
TK-1802,CUST-873,物流查询,resolved,2025-07-03,08/12/2026
TK-1803,CUST-933,投诉,OPEN,2025-04-23,11/25/2026
TK-1804,CUST-4413,物流查询,OPEN,20-03-2025,2025-12-15
TK-1805,CUST-4803,售后维修,closed,19-02-2025,09/08/2026
TK-1806,CUST-370,售后维修,resolved,05/09/2025,2025-10-27
TK-1807,CUST-4057,投诉,OPEN,2026-01-26,01/03/2026
TK-1808,CUST-4321,退换货,closed,2025-11-24,
TK-1809,CUST-3860,退换货,open,20-11-2025,04/20/2025
TK-1810,CUST-2879,投诉,resolved,10/15/2025,
TK-1811,CUST-2007,发票问题,closed,11/07/2025,21-02-2025
TK-1812,CUST-2553,售后维修,open,12/04/2025,12/21/2026
TK-1813,CUST-969,物流查询,closed,06/24/2025,
TK-1814,CUST-1924,发票问题,OPEN,2025-09-09,07/06/2025
TK-1815,CUST-1209,退换货,open,2025-03-08,
TK-1816,CUST-761,退换货,closed,2026-02-03,2026-11-27
TK-1817,CUST-2708,售后维修,closed,2025-07-28,2026-11-08
TK-1818,CUST-1014,退换货,resolved,2025-08-01,2026-09-16
TK-1819,CUST-3722,退换货,OPEN,2025-09-20,2025-10-25
TK-1820,CUST-3315,售后维修,pending,03/08/2025,2026-12-24
TK-1821,CUST-2960,售后维修,closed,08/01/2026,01/24/2025
TK-1822,CUST-291,售后维修,resolved,25-03-2026,2025-03-12
TK-1823,CUST-2140,物流查询,open,2025-05-06,26-07-2026
TK-1824,CUST-3484,投诉,closed,2026-07-09,2025-03-01
TK-1825,CUST-2470,发票问题,resolved,2026-12-03,03/27/2025
TK-1826,CUST-3384,退换货,OPEN,2025-03-05,
TK-1827,CUST-778,发票问题,open,2025-01-26,2026-01-10
TK-1828,CUST-3048,发票问题,pending,26-08-2026,2026-11-24
TK-1829,CUST-3166,发票问题,closed,07/28/2025,09/22/2026
TK-1830,CUST-214,退换货,closed,2025-09-17,
TK-1831,CUST-2833,售后维修,pending,08/16/2026,02/28/2026
TK-1832,CUST-4474,投诉,resolved,24-12-2025,2026-03-25
TK-1833,CUST-934,投诉,pending,22-09-2025,
TK-1834,CUST-897,退换货,resolved,01/12/2026,2026-03-03
TK-1835,CUST-2285,售后维修,open,2026-08-14,05-07-2025
TK-1836,CUST-1670,投诉,open,27-06-2025,18-05-2025
TK-1837,CUST-2110,投诉,OPEN,02/08/2025,02/01/2025
TK-1838,CUST-636,物流查询,resolved,22-06-2026,02-11-2026
TK-1839,CUST-2549,发票问题,closed,07/14/2026,01/07/2026
TK-1840,CUST-976,物流查询,open,2026-03-20,2026-01-14
TK-1841,CUST-2583,退换货,resolved,19-05-2025,
TK-1842,CUST-735,退换货,open,10/06/2025,2026-03-26
TK-1843,CUST-2398,售后维修,open,07/26/2025,
TK-1844,CUST-2214,退换货,resolved,04/14/2026,06-09-2025
TK-1845,CUST-213,退换货,pending,2025-07-27,2026-08-22
TK-1846,CUST-2640,发票问题,OPEN,2026-04-16,2025-11-27
TK-1847,CUST-2246,退换货,resolved,2026-02-23,01/21/2026
TK-1848,CUST-16,物流查询,closed,2026-09-21,2026-11-08
TK-1849,CUST-726,物流查询,pending,2026-06-22,10/12/2025
TK-1850,CUST-146,退换货,OPEN,05-05-2025,
TK-1851,CUST-851,发票问题,OPEN,2026-08-25,09/11/2025
TK-1852,CUST-394,售后维修,closed,2026-01-20,15-06-2025
TK-1853,CUST-576,发票问题,open,01/28/2025,25-02-2025
TK-1854,CUST-4589,投诉,open,07/10/2025,
TK-1855,CUST-4756,投诉,OPEN,09/16/2025,01/15/2026
TK-1856,CUST-1422,售后维修,OPEN,02/05/2025,2026-02-21
TK-1857,CUST-3191,售后维修,pending,2026-10-10,08/02/2026
TK-1858,CUST-4808,售后维修,open,2025-03-20,05/03/2025
TK-1859,CUST-2687,发票问题,open,27-03-2025,2025-10-24
TK-1860,CUST-2776,发票问题,closed,2025-12-12,07/12/2025
TK-1861,CUST-248,售后维修,resolved,23-04-2026,02/26/2025
TK-1862,CUST-1040,售后维修,resolved,02/04/2025,09/12/2025
TK-1863,CUST-2164,投诉,OPEN,2026-08-22,2026-01-28
TK-1864,CUST-4560,投诉,resolved,12/21/2025,08/09/2026
TK-1865,CUST-1336,售后维修,OPEN,03/15/2026,2026-08-09
TK-1866,CUST-693,物流查询,pending,2026-05-14,05/23/2025
TK-1867,CUST-2147,投诉,pending,16-06-2026,2026-09-27
TK-1868,CUST-3374,投诉,closed,08/08/2025,25-07-2025
TK-1869,CUST-4559,物流查询,open,2025-06-20,01-09-2025
TK-1870,CUST-3638,售后维修,OPEN,2026-01-17,05/04/2025
TK-1871,CUST-2326,售后维修,OPEN,02-05-2025,2026-08-09
TK-1872,CUST-4547,投诉,resolved,01/17/2026,07-11-2025
TK-1873,CUST-3989,售后维修,pending,2026-07-13,
TK-1874,CUST-4605,售后维修,resolved,2025-01-09,2026-02-11
TK-1875,CUST-4630,售后维修,pending,09/28/2026,10-10-2026
TK-1876,CUST-2181,投诉,open,10-04-2026,2025-05-20
TK-1877,CUST-798,退换货,resolved,24-09-2026,2025-12-27
TK-1878,CUST-4909,发票问题,closed,08-03-2026,2025-07-14
TK-1879,CUST-1557,物流查询,OPEN,2025-03-23,2026-03-09
TK-1880,CUST-4144,退换货,OPEN,2025-09-14,06-11-2025
TK-1881,CUST-3282,退换货,OPEN,10-09-2026,
TK-1882,CUST-393,发票问题,resolved,15-07-2026,
TK-1883,CUST-3654,发票问题,resolved,2025-04-17,2025-07-15
TK-1884,CUST-668,售后维修,pending,01/13/2025,07-09-2026
TK-1885,CUST-4538,投诉,resolved,16-11-2026,2025-07-16
TK-1886,CUST-3276,物流查询,closed,12/03/2026,2026-12-02
TK-1887,CUST-3980,物流查询,closed,2025-05-09,14-03-2026
TK-1888,CUST-429,发票问题,pending,06-06-2026,2025-06-15
TK-1889,CUST-642,发票问题,resolved,04/23/2026,
TK-1890,CUST-2832,物流查询,closed,03/10/2026,18-12-2026
TK-1891,CUST-3842,发票问题,closed,2025-11-01,2025-01-14
TK-1892,CUST-3652,退换货,open,2025-04-28,2026-01-24
TK-1893,CUST-1100,发票问题,resolved,28-12-2026,2025-01-11
TK-1894,CUST-4637,物流查询,closed,01/18/2025,17-05-2025
TK-1895,CUST-1250,发票问题,resolved,2025-12-03,25-11-2026
TK-1896,CUST-96,物流查询,OPEN,2025-08-04,18-08-2025
TK-1897,CUST-1268,发票问题,OPEN,10/24/2025,2026-10-05
TK-1898,CUST-4910,投诉,OPEN,17-09-2025,12/01/2026
TK-1899,CUST-590,退换货,pending,2025-08-13,
TK-1900,CUST-3108,售后维修,closed,15-12-2026,25-06-2026
TK-1901,CUST-1972,退换货,pending,2026-07-19,2026-08-28
TK-1902,CUST-2896,发票问题,pending,2026-08-25,18-06-2026
TK-1903,CUST-1342,投诉,pending,2026-11-26,
TK-1904,CUST-3273,退换货,closed,12/23/2025,2026-09-23
TK-1905,CUST-2493,物流查询,OPEN,02/10/2025,2026-08-10
TK-1906,CUST-1914,投诉,closed,10/05/2025,2025-02-11
TK-1907,CUST-2339,投诉,closed,2026-09-26,
TK-1908,CUST-3197,投诉,OPEN,2025-08-15,2025-08-14
TK-1909,CUST-2288,投诉,resolved,07-07-2025,
TK-1910,CUST-2,售后维修,OPEN,2025-04-17,2026-08-11
TK-1911,CUST-4931,售后维修,pending,11/22/2026,
TK-1912,CUST-2554,投诉,pending,23-09-2025,03/27/2025
TK-1913,CUST-1463,物流查询,OPEN,02/12/2026,2026-02-11
TK-1914,CUST-4705,发票问题,OPEN,12/20/2025,
TK-1915,CUST-1858,退换货,closed,2026-02-11,06-09-2025
TK-1916,CUST-4273,物流查询,resolved,2025-07-04,2026-03-05
TK-1917,CUST-4941,退换货,open,2026-03-12,2026-10-03
TK-1918,CUST-3393,物流查询,closed,2025-06-21,20-02-2026
TK-1919,CUST-1343,退换货,open,28-12-2025,2025-02-18
TK-1920,CUST-1487,售后维修,OPEN,05-09-2026,2026-10-28
TK-1921,CUST-2483,退换货,resolved,06/26/2026,
TK-1922,CUST-397,退换货,closed,2026-12-26,
TK-1923,CUST-1332,投诉,OPEN,23-03-2025,2026-06-15
TK-1924,CUST-3381,投诉,pending,2025-12-15,2025-02-13
TK-1925,CUST-3904,发票问题,pending,2026-06-09,2026-09-08
TK-1926,CUST-4772,投诉,open,2026-03-25,2025-11-16
TK-1927,CUST-1456,售后维修,closed,2026-01-07,
TK-1928,CUST-4223,售后维修,resolved,2025-01-13,2026-01-13
TK-1929,CUST-1582,售后维修,closed,09/21/2025,2025-11-20
TK-1930,CUST-2594,退换货,pending,24-12-2025,2026-03-22
TK-1931,CUST-3170,退换货,open,2026-07-24,2025-09-20
TK-1932,CUST-4590,退换货,OPEN,2026-01-20,
TK-1933,CUST-3278,售后维修,OPEN,2025-04-06,
TK-1934,CUST-4435,发票问题,open,2026-06-24,15-12-2025
TK-1935,CUST-4167,发票问题,closed,2026-01-11,2026-08-17
TK-1936,CUST-1911,售后维修,resolved,03/04/2026,14-12-2025
TK-1937,CUST-1120,发票问题,pending,2025-07-06,2026-07-11
TK-1938,CUST-943,物流查询,open,03/20/2025,03/11/2025
TK-1939,CUST-2247,物流查询,closed,12/25/2026,2026-08-08
TK-1940,CUST-1493,物流查询,closed,2026-02-27,
TK-1941,CUST-1932,售后维修,pending,21-04-2025,2025-03-10
TK-1942,CUST-1279,退换货,pending,2025-03-21,01-10-2025
TK-1943,CUST-3210,物流查询,closed,10/07/2026,03/24/2026
TK-1944,CUST-1747,退换货,resolved,04/25/2025,01/01/2025
TK-1945,CUST-580,发票问题,resolved,28-06-2025,07/14/2026
TK-1946,CUST-3728,退换货,pending,2026-07-12,01/16/2025
TK-1947,CUST-3946,售后维修,OPEN,11/16/2025,2025-03-18
TK-1948,CUST-3431,物流查询,resolved,16-07-2025,2026-10-11
TK-1949,CUST-989,退换货,pending,07/23/2026,02/08/2025
TK-1950,CUST-1788,退换货,closed,07/08/2025,11/21/2026
TK-1951,CUST-4771,物流查询,closed,11/04/2025,04/19/2026
TK-1952,CUST-4115,发票问题,resolved,2025-12-26,10-10-2026
TK-1953,CUST-2202,发票问题,open,2026-08-24,
TK-1954,CUST-2211,售后维修,closed,03/01/2026,2026-09-22
TK-1955,CUST-834,售后维修,open,2026-05-11,23-10-2026
TK-1956,CUST-2201,售后维修,open,2025-05-25,10/16/2025
TK-1957,CUST-1460,发票问题,open,11/28/2026,2026-01-23
TK-1958,CUST-3637,物流查询,open,05-06-2026,14-07-2025
TK-1959,CUST-2075,售后维修,open,09/07/2025,22-04-2026
TK-1960,CUST-3722,投诉,resolved,2026-02-18,19-10-2026
TK-1961,CUST-4867,退换货,pending,2025-09-12,2026-04-28
TK-1962,CUST-330,退换货,pending,2026-10-06,05/03/2026
TK-1963,CUST-1830,投诉,pending,15-08-2025,2025-06-01
TK-1964,CUST-3415,发票问题,open,2026-12-20,12/28/2026
TK-1965,CUST-1363,售后维修,pending,11/14/2025,26-11-2025
TK-1966,CUST-2522,售后维修,open,03-07-2025,2025-04-26
TK-1967,CUST-2032,发票问题,closed,11/06/2026,24-10-2026
TK-1968,CUST-1579,物流查询,OPEN,2026-01-23,
TK-1969,CUST-1117,投诉,open,2026-07-12,
TK-1970,CUST-3693,售后维修,OPEN,12/09/2026,2025-01-08
TK-1971,CUST-405,退换货,open,2026-08-05,2025-02-22
TK-1972,CUST-2792,物流查询,closed,06/12/2025,03/15/2025
TK-1973,CUST-344,投诉,pending,2026-11-20,2026-10-20
TK-1974,CUST-1332,投诉,closed,2026-07-07,06/20/2025
TK-1975,CUST-3317,退换货,resolved,01-12-2025,08-05-2026
TK-1976,CUST-1609,物流查询,OPEN,06/11/2025,18-06-2026
TK-1977,CUST-960,退换货,pending,2025-03-01,2026-01-05
TK-1978,CUST-2793,售后维修,closed,06/17/2026,2026-04-05
TK-1979,CUST-2958,售后维修,closed,2025-08-01,04/19/2025
TK-1980,CUST-2532,售后维修,resolved,08/22/2025,
TK-1981,CUST-4963,发票问题,pending,2025-04-04,
TK-1982,CUST-1467,物流查询,OPEN,2025-07-16,2026-12-24
TK-1983,CUST-1798,发票问题,resolved,2026-08-16,
TK-1984,CUST-2867,退换货,OPEN,10/04/2025,
TK-1985,CUST-4353,发票问题,OPEN,04/28/2026,06/10/2026
TK-1986,CUST-489,退换货,OPEN,2025-07-01,2025-04-03
TK-1987,CUST-4192,退换货,closed,26-01-2025,
TK-1988,CUST-962,物流查询,open,2025-09-28,2026-05-12
TK-1989,CUST-2870,物流查询,closed,2026-12-07,2025-10-28
TK-1990,CUST-1533,发票问题,pending,2026-04-02,2026-11-07
TK-1991,CUST-3523,售后维修,open,2026-10-26,
TK-1992,CUST-161,发票问题,open,2025-08-16,05/27/2026
TK-1993,CUST-4482,售后维修,pending,01/11/2025,26-06-2025
TK-1994,CUST-4799,发票问题,open,05-02-2025,2025-09-17
TK-1995,CUST-2520,售后维修,OPEN,2025-01-05,
TK-1996,CUST-155,售后维修,resolved,05/19/2025,06/05/2025
TK-1997,CUST-3008,退换货,resolved,2026-12-02,2025-01-12
TK-1998,CUST-3402,退换货,OPEN,05/08/2025,
TK-1999,CUST-3482,物流查询,resolved,03/24/2025,01-11-2025
TK-2000,CUST-1399,投诉,resolved,02/08/2026,19-11-2026
