customer_id,company_name,contact_person,email,phone,country,created_date,segment
CRM-1,王洋 Tyrell,郭芳,tyrell0@corp.com,12136724526,US,22-05-2020,C
CRM-2,胡磊 Vandelay,吴娟,vandelay1@163.com,14475502122,US,2023-09-11,B
CRM-3,Aperture 胡平,徐静,aperture2@qq.com,17139492223,CN,11/07/2023,C
CRM-4,Hooli 张涛,张丽,hooli3@qq.com,14923923085,SG,07-07-2022,SMB
CRM-5,吴艳 HOOLI,赵敏,hooli4@163.com,19153727599,US,08/07/2021,B
CRM-6,刘勇 VANDELAY,刘勇,vandelay5@gmail.com,11082784193,US,10-01-2023,A
CRM-7,何丽 Wayne,李军,wayne6@outlook.com,16683021052,DE,2021-04-02,SMB
CRM-8,Umbrella 郑平,胡磊,umbrella7@corp.com,16802256952,DE,2022-06-20,C
CRM-9,李芳 Acme,刘霞,acme8@outlook.com,13819678137,DE,01-06-2024,A
CRM-10,Prestige 朱霞,杨磊,prestige9@qq.com,13670633277,DE,2022-07-11,SMB
CRM-11,何霞 UMBRELLA,马秀英,umbrella10@corp.com,15207101161,CN,2021-08-01,C
CRM-12,Oscorp 吴超,何霞,oscorp11@company.cn,18361088096,CN,2023-09-23,C
CRM-13,Prestige 林霞,林霞,prestige12@qq.com,18430960034,SG,2024-07-11,B
CRM-14,陈伟 GLOBEX,陈敏,globex13@company.cn,13795968428,US,10-05-2024,A
CRM-15,杨秀英 Acme,刘明,acme14@company.cn,16649962931,SG,2023-08-27,SMB
CRM-16,Aperture 吴静,周娟,aperture15@company.cn,17934354976,SG,2021-04-04,B
CRM-17,赵娜 Aperture,吴艳,aperture16@gmail.com,15399430522,JP,2021-04-11,SMB
CRM-18,何超 Cyberdyne,何军,cyberdyne17@qq.com,13794937509,JP,2024-02-24,A
CRM-19,VANDELAY 马超,周涛,vandelay18@gmail.com,17712254841,CN,2021-10-22,C
CRM-20,黄霞 Hooli,郑娜,hooli19@outlook.com,14798490387,US,2021-07-14,B
CRM-21,WEYLAND 何娟,郑洋,weyland20@qq.com,18836704340,JP,26-12-2020,C
CRM-22,Vandelay 陈伟,赵艳,vandelay21@outlook.com,11412634465,JP,02-04-2023,C
CRM-23,Aperture 刘敏,郭娟,aperture22@corp.com,17195470814,CN,13-05-2023,B
CRM-24,Tyrell 徐涛,林秀英,tyrell23@qq.com,17953207511,CN,2024-11-08,SMB
CRM-25,陈丽 Hooli,孙敏,hooli24@company.cn,16007178985,JP,2020-12-11,B
CRM-26,Cyberdyne 李军,马强,cyberdyne25@outlook.com,16240570793,CN,2020-10-13,B
CRM-27,Hooli 黄超,马杰,hooli26@outlook.com,11453394813,CN,2020-04-11,C
CRM-28,吴洋 APERTURE,朱伟,aperture27@outlook.com,19960967688,JP,10-03-2024,A
CRM-29,Dunder Mifflin 赵明,朱霞,dundermifflin28@163.com,16712233036,US,2022-02-07,A
CRM-30,Wayne 郭强,赵强,wayne29@gmail.com,11346030531,JP,02-08-2021,C
CRM-31,Wayne 罗霞,朱芳,wayne30@company.cn,18548743667,SG,03/12/2023,SMB
CRM-32,王娜 Vandelay,马军,vandelay31@gmail.com,11520453117,US,2020-04-07,C
CRM-33,WAYNE 朱涛,王超,wayne32@company.cn,12735919978,US,08/28/2024,SMB
CRM-34,吴涛 HOOLI,王秀英,hooli33@gmail.com,16695098528,DE,07/26/2024,B
CRM-35,ACME 孙强,马秀英,acme34@163.com,17345810100,CN,2020-02-08,B
CRM-36,黄伟 Prestige,王霞,prestige35@corp.com,14720518627,JP,2023-12-22,C
CRM-37,赵磊 PiedPiper,何磊,piedpiper36@corp.com,19631691793,US,07/11/2023,C
CRM-38,Hooli 马强,王霞,hooli37@163.com,16124420998,US,2024-05-09,A
CRM-39,何敏 Weyland,朱军,weyland38@corp.com,12547931530,SG,2020-06-25,A
CRM-40,刘涛 Dunder Mifflin,郭霞,dundermifflin39@corp.com,13223787628,DE,2022-08-08,C
CRM-41,Cyberdyne 李娜,周敏,cyberdyne40@outlook.com,13989223124,JP,2022-02-11,A
CRM-42,Cyberdyne 罗强,马强,cyberdyne41@gmail.com,19488209373,CN,2021-01-22,SMB
CRM-43,朱娟 Tyrell,李杰,tyrell42@qq.com,15409283030,SG,2024-02-17,C
CRM-44,Weyland 赵军,马军,weyland43@gmail.com,11809964566,DE,2022-02-07,A
CRM-45,Bluth 何军,马丽,bluth44@163.com,13741666828,JP,2023-03-06,C
CRM-46,GLOBEX 杨艳,李军,globex45@163.com,12890322834,DE,2024-07-05,SMB
CRM-47,黄杰 WEYLAND,郭艳,weyland46@corp.com,18627853161,JP,2024-12-02,C
CRM-48,PiedPiper 郭艳,罗娜,piedpiper47@163.com,12148095489,DE,2021-02-28,C
CRM-49,Vandelay 刘超,马强,vandelay48@corp.com,16744359429,DE,22-04-2022,C
CRM-50,Acme 李杰,张伟,acme49@corp.com,14741266964,CN,28-02-2023,B
CRM-51,Hooli 周艳,杨军,hooli50@corp.com,19557023723,SG,04/27/2024,SMB
CRM-52,罗芳 Hooli,孙超,hooli51@company.cn,17209277717,CN,01/14/2020,A
CRM-53,周洋 Wayne,徐军,wayne52@company.cn,13861650365,SG,08/04/2022,A
CRM-54,何涛 Dunder Mifflin,胡娟,dundermifflin53@163.com,14333629689,SG,20-05-2021,B
CRM-55,Dunder Mifflin 黄军,孙娜,dundermifflin54@163.com,14755534960,DE,2021-12-03,SMB
CRM-56,何艳 STARK,罗洋,stark55@gmail.com,11827208825,US,07-12-2022,SMB
CRM-57,何勇 Yutani,吴静,yutani56@163.com,11689018801,US,08/09/2021,C
CRM-58,黄军 Yutani,何涛,yutani57@company.cn,16537799508,CN,2022-12-25,SMB
CRM-59,郭强 Initech,马勇,initech58@gmail.com,16009159922,SG,2023-07-10,C
CRM-60,胡敏 Umbrella,朱军,umbrella59@163.com,17156830670,DE,2024-06-04,A
CRM-61,Initech 朱洋,马明,initech60@company.cn,19401312806,DE,2022-02-15,C
CRM-62,黄娟 WAYNE,罗涛,wayne61@qq.com,15435972193,US,03/26/2023,A
CRM-63,Oscorp 黄娟,朱娟,oscorp62@163.com,13301348944,DE,2024-08-28,C
CRM-64,何磊 Hooli,郭涛,hooli63@qq.com,15056923746,DE,2021-05-10,B
CRM-65,郑娟 Acme,周平,acme64@corp.com,15924125695,DE,2024-04-11,A
CRM-66,ACME 郭娟,郑磊,acme65@company.cn,11037930779,JP,05/14/2023,A
CRM-67,Tyrell 王娜,郑超,tyrell66@corp.com,19389686869,DE,16-12-2021,B
CRM-68,罗明 UMBRELLA,杨涛,umbrella67@163.com,13364156076,US,02/26/2022,SMB
CRM-69,TYRELL 朱秀英,张磊,tyrell68@outlook.com,17225411324,CN,2023-10-12,SMB
CRM-70,Vandelay 孙强,赵伟,vandelay69@qq.com,18114951103,JP,2020-03-02,A
CRM-71,Dunder Mifflin 周伟,黄平,dundermifflin70@qq.com,12684803101,DE,2022-12-09,C
CRM-72,刘明 ACME,朱娜,acme71@company.cn,19473649804,US,2021-02-06,A
CRM-73,Wayne 郑秀英,张敏,wayne72@qq.com,19028266191,SG,11/22/2020,B
CRM-74,Initech 朱磊,徐洋,initech73@corp.com,15813652391,DE,2023-02-17,A
CRM-75,孙娜 STARK,李涛,stark74@company.cn,19073164394,CN,09/11/2024,B
CRM-76,Prestige 杨军,马丽,prestige75@gmail.com,11770968375,SG,07/09/2021,SMB
CRM-77,Vandelay 黄超,张伟,vandelay76@qq.com,16241150297,JP,2020-07-21,SMB
CRM-78,Globex 郑静,黄娜,globex77@outlook.com,19108349040,JP,19-10-2024,B
CRM-79,罗磊 Prestige,郑丽,prestige78@corp.com,13260137427,CN,08-01-2021,B
CRM-80,Umbrella 林洋,何秀英,umbrella79@outlook.com,19779119405,CN,2022-10-19,SMB
CRM-81,Hooli 刘杰,张洋,hooli80@outlook.com,15700403414,CN,02/17/2023,SMB
CRM-82,王娜 Yutani,罗霞,yutani81@qq.com,17552840780,CN,2021-02-08,SMB
CRM-83,郑秀英 Yutani,何洋,yutani82@company.cn,19697552725,DE,2022-06-01,SMB
CRM-84,林洋 Globex,罗杰,globex83@163.com,11889345633,DE,2020-01-11,C
CRM-85,胡强 BlackMesa,周洋,blackmesa84@corp.com,15358420791,DE,2023-06-16,C
CRM-86,马平 Yutani,吴娟,yutani85@qq.com,14033292128,US,03/09/2023,SMB
CRM-87,WAYNE 林勇,陈杰,wayne86@company.cn,17291316923,US,24-07-2021,B
CRM-88,赵娟 Bluth,林杰,bluth87@outlook.com,17104177645,JP,08/26/2024,C
CRM-89,杨平 Initech,胡军,initech88@gmail.com,16454541677,SG,2024-09-20,A
CRM-90,陈静 Vandelay,马娜,vandelay89@qq.com,14374157404,DE,2021-05-12,A
CRM-91,Prestige 郭霞,何平,prestige90@gmail.com,16602724909,DE,04/06/2020,A
CRM-92,PiedPiper 黄静,何杰,piedpiper91@outlook.com,12323600017,DE,2024-06-16,C
CRM-93,吴明 Stark,何霞,stark92@gmail.com,14905283366,US,2024-03-09,A
CRM-94,周霞 STARK,黄艳,stark93@gmail.com,17330617064,US,14-10-2024,A
CRM-95,马磊 Initech,李强,initech94@company.cn,13025615460,SG,2020-08-19,B
CRM-96,李娜 Weyland,徐敏,weyland95@163.com,17683012466,US,20-10-2020,C
CRM-97,郑艳 Prestige,朱静,prestige96@qq.com,15657862905,DE,04/28/2023,C
CRM-98,刘军 Aperture,李明,aperture97@gmail.com,19851019283,US,2024-01-01,SMB
CRM-99,GLOBEX 徐洋,罗杰,globex98@corp.com,14044496178,DE,10/28/2021,A
CRM-100,马娜 Initech,郑明,initech99@gmail.com,11379731270,CN,02-05-2023,SMB
CRM-101,罗秀英 PIEDPIPER,王敏,piedpiper100@qq.com,11341829507,CN,04-01-2022,SMB
CRM-102,Oscorp 吴强,张秀英,oscorp101@qq.com,16985019422,DE,2024-04-27,C
CRM-103,Yutani 罗芳,郭勇,yutani102@corp.com,15602998355,SG,2021-12-10,C
CRM-104,Hooli 赵超,张洋,hooli103@qq.com,13832846539,CN,03/27/2023,SMB
CRM-105,周芳 Aperture,郭洋,aperture104@gmail.com,16199054166,JP,2024-07-07,B
CRM-106,Prestige 刘涛,陈秀英,prestige105@corp.com,11953524342,SG,2020-10-02,SMB
CRM-107,Acme 马超,郑艳,acme106@corp.com,12272038006,JP,06/12/2023,SMB
CRM-108,Hooli 杨涛,郭洋,hooli107@corp.com,12737660382,SG,2021-11-09,C
CRM-109,Prestige 陈杰,王娜,prestige108@outlook.com,19374678527,US,2022-06-26,A
CRM-110,Initech 郭伟,胡静,initech109@outlook.com,15899715575,US,2022-08-21,A
CRM-111,李霞 Vandelay,林强,vandelay110@gmail.com,15428176319,US,09-08-2021,B
CRM-112,孙洋 Cyberdyne,李静,cyberdyne111@163.com,17757395088,US,03/23/2024,B
CRM-113,刘平 CYBERDYNE,孙勇,cyberdyne112@outlook.com,11881809954,DE,2021-05-24,SMB
CRM-114,罗平 Umbrella,王明,umbrella113@gmail.com,16782782660,SG,03/15/2023,A
CRM-115,朱霞 Vandelay,林杰,vandelay114@163.com,18445406521,CN,05/04/2022,A
CRM-116,林芳 TYRELL,张磊,tyrell115@qq.com,12310991834,CN,24-12-2024,C
CRM-117,郭洋 Initech,罗娜,initech116@qq.com,18772649432,JP,2021-01-08,SMB
CRM-118,Initech 杨磊,李杰,initech117@corp.com,16796997817,SG,06-09-2024,A
CRM-119,Vandelay 郑秀英,赵艳,vandelay118@corp.com,11495722347,DE,2024-06-12,B
CRM-120,BlackMesa 郭涛,刘艳,blackmesa119@qq.com,15860116428,SG,02/02/2021,C
CRM-121,王杰 PiedPiper,林娜,piedpiper120@qq.com,13309051854,DE,2024-06-11,A
CRM-122,Hooli 何平,周霞,hooli121@outlook.com,17546947072,DE,02/21/2021,A
CRM-123,孙艳 Acme,黄丽,acme122@163.com,17882390435,US,27-07-2024,C
CRM-124,PiedPiper 杨娟,赵平,piedpiper123@qq.com,16283481634,US,2020-07-08,SMB
CRM-125,Vandelay 赵平,黄强,vandelay124@corp.com,18164784799,DE,01-03-2023,SMB
CRM-126,杨杰 Acme,赵伟,acme125@outlook.com,15179923990,US,2022-08-14,SMB
CRM-127,BLACKMESA 李霞,王娟,blackmesa126@163.com,13007056003,DE,2020-11-16,C
CRM-128,CYBERDYNE 罗娜,朱勇,cyberdyne127@163.com,19129609530,SG,08-07-2022,SMB
CRM-129,Umbrella 徐超,郭丽,umbrella128@corp.com,14443153893,DE,01/16/2022,A
CRM-130,DUNDER MIFFLIN 陈伟,周娜,dundermifflin129@gmail.com,17678310371,US,2022-07-15,B
CRM-131,Dunder Mifflin 李军,李娜,dundermifflin130@company.cn,17217781577,SG,2024-08-19,C
CRM-132,Yutani 刘敏,陈超,yutani131@qq.com,17517178280,JP,09/10/2023,C
CRM-133,黄丽 Hooli,罗军,hooli132@company.cn,18087566078,CN,03/18/2024,A
CRM-134,黄超 Hooli,赵霞,hooli133@company.cn,17234691031,DE,15-07-2020,B
CRM-135,林敏 Initech,张秀英,initech134@qq.com,11724731358,US,12-05-2021,B
CRM-136,林杰 PRESTIGE,王敏,prestige135@qq.com,16977655239,CN,2020-12-02,SMB
CRM-137,Yutani 杨伟,王明,yutani136@corp.com,19863293949,JP,07/26/2020,B
CRM-138,PiedPiper 孙芳,何杰,piedpiper137@company.cn,12687863812,CN,2021-10-03,B
CRM-139,UMBRELLA 张娟,周磊,umbrella138@163.com,16960220853,JP,2020-11-18,SMB
CRM-140,Cyberdyne 赵娟,郭敏,cyberdyne139@outlook.com,11495690946,US,2023-10-18,A
CRM-141,Yutani 周静,朱伟,yutani140@163.com,17845676406,US,12/06/2020,SMB
CRM-142,孙丽 Yutani,吴军,yutani141@gmail.com,11683453385,US,01/27/2020,C
CRM-143,徐艳 Oscorp,郭娟,oscorp142@company.cn,11271417072,JP,2024-01-10,A
CRM-144,杨伟 Bluth,胡芳,bluth143@gmail.com,19072557460,DE,05-08-2020,C
CRM-145,郑娟 Acme,郑艳,acme144@outlook.com,16470322977,JP,18-04-2021,A
CRM-146,周娟 Dunder Mifflin,罗丽,dundermifflin145@corp.com,14679586930,US,04/08/2022,B
CRM-147,林明 Yutani,吴磊,yutani146@company.cn,18838859332,DE,03/17/2022,SMB
CRM-148,孙明 INITECH,吴霞,initech147@qq.com,18092877037,SG,23-09-2024,A
CRM-149,Vandelay 马平,黄静,vandelay148@qq.com,17267797606,US,06/28/2023,A
CRM-150,王丽 Hooli,胡静,hooli149@corp.com,17813063259,US,2021-01-23,SMB
CRM-151,张强 Cyberdyne,郑丽,cyberdyne150@company.cn,19847724819,US,03/13/2023,C
CRM-152,杨娟 BlackMesa,李涛,blackmesa151@company.cn,13151153521,CN,2023-03-20,SMB
CRM-153,朱敏 BLACKMESA,李娟,blackmesa152@gmail.com,18307314094,DE,09-08-2020,SMB
CRM-154,杨明 Hooli,孙明,hooli153@corp.com,14845409152,CN,04/19/2021,A
CRM-155,罗磊 PiedPiper,朱芳,piedpiper154@corp.com,18737398389,SG,09-11-2020,B
CRM-156,杨杰 Weyland,黄娟,weyland155@outlook.com,15737211737,JP,2020-03-02,B
CRM-157,Aperture 张超,吴伟,aperture156@gmail.com,17766306595,US,2021-06-19,B
CRM-158,赵军 GLOBEX,胡磊,globex157@outlook.com,19380497355,US,23-11-2023,SMB
CRM-159,Dunder Mifflin 吴勇,刘平,dundermifflin158@corp.com,16535657257,DE,10/11/2024,SMB
CRM-160,BlackMesa 马明,周静,blackmesa159@gmail.com,16037649175,SG,07/24/2020,C
CRM-161,张涛 Bluth,孙芳,bluth160@company.cn,14163751564,DE,2021-12-12,A
CRM-162,Cyberdyne 刘明,罗军,cyberdyne161@corp.com,18718615189,CN,2023-11-17,SMB
CRM-163,Aperture 胡艳,刘艳,aperture162@company.cn,12902160625,CN,2023-04-23,SMB
CRM-164,郭艳 Wayne,张磊,wayne163@outlook.com,19191220508,SG,2020-05-06,B
CRM-165,陈娜 Stark,张勇,stark164@qq.com,19046950991,US,2022-07-06,SMB
CRM-166,PRESTIGE 马娜,周霞,prestige165@163.com,17270709058,SG,2024-05-16,SMB
CRM-167,周强 Initech,周秀英,initech166@corp.com,19552841126,SG,01/07/2020,B
CRM-168,何秀英 WEYLAND,胡洋,weyland167@outlook.com,11557045862,DE,14-08-2022,C
CRM-169,Dunder Mifflin 胡杰,徐霞,dundermifflin168@gmail.com,11047288862,DE,16-05-2020,C
CRM-170,Hooli 黄艳,刘杰,hooli169@163.com,14343897770,US,25-04-2020,A
CRM-171,刘强 Umbrella,赵秀英,umbrella170@qq.com,13136829100,JP,2023-05-07,C
CRM-172,孙秀英 Bluth,林超,bluth171@qq.com,17667973971,JP,01/27/2023,B
CRM-173,Wayne 郑洋,郑勇,wayne172@gmail.com,11740335740,DE,2024-05-24,C
CRM-174,Stark 胡涛,黄超,stark173@company.cn,19441456762,US,15-08-2022,A
CRM-175,陈军 Initech,陈芳,initech174@163.com,11695794648,US,2022-07-24,SMB
CRM-176,HOOLI 刘静,何勇,hooli175@company.cn,18610564698,JP,2024-04-05,C
CRM-177,罗丽 Wayne,黄军,wayne176@company.cn,15071816156,CN,2023-03-24,B
CRM-178,孙勇 PiedPiper,胡涛,piedpiper177@qq.com,14615224386,JP,2024-11-03,C
CRM-179,孙强 YUTANI,朱娟,yutani178@company.cn,17947482688,JP,06/17/2022,A
CRM-180,陈明 Yutani,马伟,yutani179@qq.com,16885395497,US,2022-04-10,A
CRM-181,BLACKMESA 郭娟,黄静,blackmesa180@corp.com,18397895038,DE,16-02-2021,SMB
CRM-182,徐勇 Acme,何霞,acme181@corp.com,18743877638,US,23-07-2020,A
CRM-183,赵丽 Oscorp,赵芳,oscorp182@outlook.com,13701216534,SG,12/21/2020,A
CRM-184,Aperture 赵芳,何娟,aperture183@gmail.com,17096903639,SG,03-03-2023,SMB
CRM-185,何平 CYBERDYNE,王霞,cyberdyne184@qq.com,18535884499,US,2023-07-25,B
CRM-186,罗平 STARK,徐艳,stark185@company.cn,17719460656,DE,03-01-2021,C
CRM-187,UMBRELLA 孙杰,徐娟,umbrella186@gmail.com,17451959366,US,08/18/2022,B
CRM-188,DUNDER MIFFLIN 刘霞,何艳,dundermifflin187@qq.com,18870132309,DE,09-12-2020,A
CRM-189,Acme 张伟,朱丽,acme188@gmail.com,14476272186,JP,02/27/2022,B
CRM-190,郑霞 Wayne,林娜,wayne189@outlook.com,18091509690,CN,2022-07-25,C
CRM-191,黄丽 Weyland,徐杰,weyland190@corp.com,13987761906,CN,2022-06-11,SMB
CRM-192,Cyberdyne 林伟,胡丽,cyberdyne191@gmail.com,16919537775,CN,08/09/2024,B
CRM-193,何超 Stark,张军,stark192@qq.com,13090830279,CN,2021-09-09,C
CRM-194,Stark 周秀英,吴涛,stark193@qq.com,14751895029,JP,2024-06-01,B
CRM-195,Aperture 胡平,杨超,aperture194@outlook.com,13197012761,JP,2024-02-13,B
CRM-196,郑勇 Hooli,林军,hooli195@gmail.com,14079723972,JP,2021-05-17,B
CRM-197,CYBERDYNE 罗芳,杨敏,cyberdyne196@163.com,17604780668,JP,2023-11-11,B
CRM-198,周娟 STARK,吴明,stark197@outlook.com,11902955608,CN,15-06-2022,A
CRM-199,Wayne 李军,杨秀英,wayne198@gmail.com,14553739225,DE,16-03-2021,A
CRM-200,赵洋 Initech,朱娟,initech199@corp.com,14912565302,US,02/07/2020,A
CRM-201,李超 Vandelay,朱娟,vandelay200@gmail.com,19875859358,SG,03/08/2023,SMB
CRM-202,罗洋 Wayne,郑军,wayne201@outlook.com,14998837356,JP,08/21/2024,SMB
CRM-203,赵丽 HOOLI,郑超,hooli202@qq.com,19923551447,US,2020-11-28,C
CRM-204,朱秀英 Hooli,郑娟,hooli203@corp.com,19195061081,JP,2024-10-27,C
CRM-205,胡强 OSCORP,郑霞,oscorp204@163.com,19282255794,US,2022-09-17,C
CRM-206,王超 Acme,何磊,acme205@163.com,17576679608,JP,04/10/2021,B
CRM-207,郑艳 PiedPiper,马艳,piedpiper206@corp.com,15534430820,CN,2020-02-26,SMB
CRM-208,Acme 陈敏,罗霞,acme207@outlook.com,14386021630,US,02/16/2024,B
CRM-209,Yutani 赵勇,刘强,yutani208@gmail.com,16848476652,DE,06/01/2023,A
CRM-210,杨芳 PiedPiper,胡杰,piedpiper209@outlook.com,14220459194,DE,2024-08-15,C
CRM-211,周秀英 Tyrell,罗敏,tyrell210@outlook.com,14892726534,SG,2020-11-19,C
CRM-212,Acme 马霞,吴艳,acme211@corp.com,14802917570,JP,2021-01-10,A
CRM-213,朱丽 Tyrell,徐娜,tyrell212@163.com,14292824445,JP,2023-11-17,A
CRM-214,朱丽 HOOLI,胡敏,hooli213@outlook.com,15307585996,US,2023-07-01,A
CRM-215,Stark 吴霞,何磊,stark214@corp.com,19044052946,SG,22-11-2023,A
CRM-216,胡杰 APERTURE,黄伟,aperture215@gmail.com,19534249646,CN,12/07/2023,B
CRM-217,Weyland 杨超,吴军,weyland216@163.com,16716508771,CN,11-01-2021,A
CRM-218,马娜 INITECH,陈平,initech217@corp.com,18212490602,US,2021-01-17,C
CRM-219,WAYNE 何勇,孙芳,wayne218@corp.com,19016529364,JP,2021-01-26,SMB
CRM-220,杨涛 PiedPiper,周杰,piedpiper219@outlook.com,14831264418,CN,2023-06-17,A
CRM-221,张军 PiedPiper,赵芳,piedpiper220@outlook.com,18793062428,US,2024-05-14,C
CRM-222,BlackMesa 郭静,郭明,blackmesa221@163.com,18209041927,US,2020-10-13,B
CRM-223,Vandelay 黄洋,吴军,vandelay222@outlook.com,18237978492,SG,09-01-2020,B
CRM-224,Cyberdyne 朱霞,朱杰,cyberdyne223@163.com,17723092933,JP,2020-02-28,A
CRM-225,BlackMesa 李娜,李勇,blackmesa224@outlook.com,19994714442,JP,10/21/2023,B
CRM-226,Prestige 吴娜,吴军,prestige225@163.com,15007417537,US,03/24/2020,B
CRM-227,吴洋 Umbrella,张艳,umbrella226@company.cn,18778672653,CN,2021-11-06,C
CRM-228,朱娟 Tyrell,朱娟,tyrell227@163.com,11549890742,US,2024-01-26,B
CRM-229,陈娟 Hooli,刘涛,hooli228@corp.com,15055978892,CN,10/26/2022,C
CRM-230,Aperture 张强,黄艳,aperture229@company.cn,17788426455,US,2021-10-21,A
CRM-231,Hooli 黄强,徐磊,hooli230@163.com,19445962502,JP,2022-04-13,A
CRM-232,胡平 BlackMesa,吴芳,blackmesa231@corp.com,14584456008,JP,2024-11-12,C
CRM-233,Oscorp 刘芳,张平,oscorp232@gmail.com,11073804371,DE,2021-08-23,C
CRM-234,胡超 Acme,徐丽,acme233@gmail.com,18916269923,DE,2020-04-24,A
CRM-235,马静 PiedPiper,孙明,piedpiper234@outlook.com,14285099972,SG,2021-08-25,A
CRM-236,杨杰 Stark,赵芳,stark235@corp.com,19390565481,US,2023-05-06,B
CRM-237,孙伟 Cyberdyne,何杰,cyberdyne236@qq.com,12473199303,US,06-04-2024,SMB
CRM-238,罗霞 Vandelay,吴艳,vandelay237@outlook.com,12664388400,CN,2023-05-28,A
CRM-239,王强 TYRELL,徐娜,tyrell238@corp.com,16962147258,DE,2024-09-02,B
CRM-240,Vandelay 林磊,胡涛,vandelay239@gmail.com,19139916557,DE,03/13/2020,C
CRM-241,WAYNE 郑芳,孙艳,wayne240@company.cn,12889137283,SG,2020-06-05,A
CRM-242,陈霞 Acme,赵霞,acme241@corp.com,16316281224,CN,2024-04-15,B
CRM-243,Vandelay 孙强,吴平,vandelay242@gmail.com,17440878568,JP,2020-03-25,A
CRM-244,Aperture 郭军,黄勇,aperture243@outlook.com,12130698564,CN,2022-04-27,A
CRM-245,陈杰 Dunder Mifflin,朱芳,dundermifflin244@qq.com,15676790470,DE,2023-05-17,A
CRM-246,Umbrella 黄艳,马洋,umbrella245@qq.com,13686393912,JP,03-06-2024,A
CRM-247,吴磊 Prestige,罗丽,prestige246@163.com,11029647212,CN,24-12-2020,B
CRM-248,Tyrell 周明,徐磊,tyrell247@qq.com,18565065982,SG,2023-11-08,SMB
CRM-249,周涛 Cyberdyne,朱杰,cyberdyne248@163.com,12614903841,US,2024-03-18,C
CRM-250,郑军 PiedPiper,刘娟,piedpiper249@outlook.com,12089797035,DE,2020-04-13,B
CRM-251,INITECH 刘艳,吴军,initech250@gmail.com,19218373911,SG,26-08-2020,B
CRM-252,Dunder Mifflin 王敏,陈伟,dundermifflin251@gmail.com,19522340516,US,27-02-2024,B
CRM-253,Umbrella 李霞,林涛,umbrella252@163.com,17850433828,CN,2021-03-27,C
CRM-254,郑娜 APERTURE,周强,aperture253@company.cn,13495067804,CN,2022-02-27,SMB
CRM-255,周明 Yutani,徐洋,yutani254@gmail.com,17982577121,US,2024-03-19,SMB
CRM-256,Stark 张军,杨霞,stark255@company.cn,15561630991,DE,2023-09-06,A
CRM-257,PiedPiper 陈平,陈敏,piedpiper256@company.cn,18789124096,US,12/23/2024,C
CRM-258,胡磊 PiedPiper,徐娜,piedpiper257@gmail.com,17295381626,DE,01/02/2023,C
CRM-259,郭娜 Hooli,周芳,hooli258@company.cn,16476638530,JP,2020-07-08,A
CRM-260,杨明 Wayne,周静,wayne259@qq.com,11546486700,SG,04/21/2020,C
CRM-261,Vandelay 马敏,李军,vandelay260@outlook.com,19487943773,US,16-06-2021,SMB
CRM-262,林芳 Initech,杨艳,initech261@qq.com,16479683260,US,11-02-2024,C
CRM-263,GLOBEX 周秀英,王涛,globex262@qq.com,16676370343,CN,09/03/2021,B
CRM-264,胡伟 Vandelay,马勇,vandelay263@outlook.com,13477064729,US,08-01-2023,SMB
CRM-265,Dunder Mifflin 张明,赵杰,dundermifflin264@gmail.com,14925237719,JP,06/08/2022,SMB
CRM-266,胡磊 Prestige,陈勇,prestige265@corp.com,19845189260,SG,2024-05-06,B
CRM-267,张静 Cyberdyne,李军,cyberdyne266@outlook.com,13926440364,DE,2023-02-20,B
CRM-268,Hooli 杨涛,张明,hooli267@outlook.com,16012719614,DE,2020-05-20,A
CRM-269,赵丽 Prestige,郑丽,prestige268@corp.com,13967225127,JP,04/06/2023,A
CRM-270,郑敏 VANDELAY,胡艳,vandelay269@corp.com,19722272912,DE,2021-06-01,B
CRM-271,Hooli 张娟,胡超,hooli270@corp.com,19933157986,CN,10/17/2022,C
CRM-272,陈勇 Stark,罗军,stark271@163.com,16367528459,JP,2021-05-02,A
CRM-273,徐伟 PRESTIGE,林艳,prestige272@163.com,12877279176,JP,12/08/2020,C
CRM-274,刘丽 Cyberdyne,陈杰,cyberdyne273@outlook.com,14710633331,JP,06-11-2024,B
CRM-275,罗静 Yutani,林秀英,yutani274@qq.com,18663718476,CN,14-12-2020,A
CRM-276,Dunder Mifflin 张敏,郑勇,dundermifflin275@gmail.com,12281446697,US,2022-10-03,C
CRM-277,Stark 王娜,朱平,stark276@outlook.com,11930707840,US,03/21/2023,A
CRM-278,Dunder Mifflin 陈秀英,李强,dundermifflin277@qq.com,18919256192,US,2022-08-26,A
CRM-279,何伟 Wayne,马强,wayne278@corp.com,16984948930,US,09-10-2021,B
CRM-280,赵霞 Vandelay,吴娟,vandelay279@163.com,12777865390,US,2020-10-03,C
CRM-281,Wayne 陈霞,马强,wayne280@gmail.com,17028990693,DE,06/09/2020,C
CRM-282,Dunder Mifflin 马霞,林秀英,dundermifflin281@outlook.com,14345679641,US,28-07-2021,B
CRM-283,胡磊 Stark,朱娟,stark282@163.com,17347384816,CN,2020-08-18,C
CRM-284,罗杰 PIEDPIPER,朱娜,piedpiper283@qq.com,11777217398,SG,09-01-2020,SMB
CRM-285,徐霞 BlackMesa,赵强,blackmesa284@163.com,18938347301,SG,02-11-2023,C
CRM-286,Acme 杨超,王强,acme285@corp.com,16756468543,JP,13-12-2023,B
CRM-287,郑霞 BlackMesa,林秀英,blackmesa286@163.com,14532450536,SG,2020-04-06,SMB
CRM-288,赵艳 Vandelay,陈军,vandelay287@gmail.com,15035766569,SG,10/28/2021,A
CRM-289,刘平 Umbrella,林杰,umbrella288@company.cn,17547892222,DE,2024-04-28,A
CRM-290,孙芳 Hooli,马静,hooli289@outlook.com,19059933859,DE,20-11-2021,C
CRM-291,Dunder Mifflin 郑强,郑明,dundermifflin290@company.cn,17080620476,JP,09-06-2022,A
CRM-292,徐霞 INITECH,孙洋,initech291@corp.com,14094364106,JP,2023-12-01,B
CRM-293,马艳 PiedPiper,郭娟,piedpiper292@gmail.com,13642668836,CN,08-11-2022,B
CRM-294,王超 DUNDER MIFFLIN,徐强,dundermifflin293@163.com,14622372568,US,2024-06-20,C
CRM-295,Tyrell 王杰,张丽,tyrell294@company.cn,14162451225,SG,2024-04-04,A
CRM-296,Globex 马勇,朱敏,globex295@qq.com,12615436130,SG,2020-05-09,B
CRM-297,Hooli 赵秀英,郭超,hooli296@gmail.com,13033697241,DE,2023-05-28,SMB
CRM-298,朱静 Hooli,林霞,hooli297@163.com,13384975037,JP,28-04-2024,SMB
CRM-299,胡娜 ACME,刘敏,acme298@corp.com,13232447588,DE,01-03-2022,A
CRM-300,杨芳 Globex,周静,globex299@163.com,18870706149,CN,27-10-2022,SMB
CRM-301,王娜 PiedPiper,朱勇,piedpiper300@outlook.com,14709473873,DE,2021-02-04,B
CRM-302,Weyland 周艳,赵娟,weyland301@outlook.com,18039739427,US,2022-12-16,SMB
CRM-303,张强 Hooli,刘磊,hooli302@qq.com,16805920950,CN,04/09/2024,B
CRM-304,Yutani 吴敏,张军,yutani303@163.com,13838230919,CN,10-04-2021,B
CRM-305,罗秀英 OSCORP,黄敏,oscorp304@corp.com,15679739932,US,2021-09-12,SMB
CRM-306,杨平 Cyberdyne,周秀英,cyberdyne305@163.com,13096524358,SG,2022-08-02,C
CRM-307,李勇 TYRELL,郑涛,tyrell306@company.cn,17617947617,CN,08/14/2023,C
CRM-308,郑秀英 PiedPiper,陈强,piedpiper307@163.com,17723467763,JP,2024-03-06,B
CRM-309,Cyberdyne 赵静,朱秀英,cyberdyne308@outlook.com,18543675176,CN,2021-10-24,SMB
CRM-310,孙勇 Cyberdyne,马敏,cyberdyne309@company.cn,14295486611,US,2021-12-14,SMB
CRM-311,郭平 DUNDER MIFFLIN,孙静,dundermifflin310@outlook.com,12962680047,CN,18-01-2020,B
CRM-312,陈强 Tyrell,徐洋,tyrell311@corp.com,12000984040,CN,19-04-2023,A
CRM-313,Cyberdyne 朱超,刘芳,cyberdyne312@company.cn,13313901676,JP,2021-12-15,C
CRM-314,刘磊 Globex,马丽,globex313@gmail.com,15303446681,US,08/11/2023,SMB
CRM-315,陈秀英 BLUTH,朱平,bluth314@company.cn,19825945632,JP,10/17/2021,SMB
CRM-316,王军 PiedPiper,张强,piedpiper315@corp.com,14981801538,JP,24-08-2020,B
CRM-317,Acme 周芳,陈明,acme316@gmail.com,13425657750,CN,13-08-2024,C
CRM-318,Globex 王涛,张军,globex317@qq.com,17861475979,US,11/28/2023,SMB
CRM-319,马娜 INITECH,周秀英,initech318@gmail.com,17351786152,SG,2020-09-12,C
CRM-320,Cyberdyne 朱秀英,朱秀英,cyberdyne319@qq.com,14388420935,US,2020-08-09,A
CRM-321,胡军 Aperture,杨平,aperture320@outlook.com,15967485775,US,2022-10-06,B
CRM-322,马洋 Bluth,吴娜,bluth321@company.cn,18808321582,SG,02/08/2022,SMB
CRM-323,黄杰 YUTANI,马娟,yutani322@company.cn,16505134783,US,09/02/2021,A
CRM-324,胡明 Cyberdyne,胡涛,cyberdyne323@outlook.com,14869890353,JP,2022-11-12,B
CRM-325,APERTURE 马艳,罗艳,aperture324@corp.com,12382471971,DE,2022-07-10,SMB
CRM-326,Hooli 陈涛,张娜,hooli325@gmail.com,12633196668,DE,2023-07-26,SMB
CRM-327,PRESTIGE 赵杰,杨敏,prestige326@163.com,12287730171,CN,2020-12-23,C
CRM-328,胡明 INITECH,张娜,initech327@outlook.com,19433166471,US,2021-02-14,A
CRM-329,Oscorp 胡涛,胡艳,oscorp328@company.cn,13540879312,JP,09/04/2021,SMB
CRM-330,Cyberdyne 周勇,郭强,cyberdyne329@gmail.com,16752764861,DE,2020-08-23,B
CRM-331,罗平 Acme,刘霞,acme330@corp.com,13965028140,SG,03/14/2022,B
CRM-332,Oscorp 朱秀英,马娟,oscorp331@corp.com,13606314758,DE,2024-03-06,SMB
CRM-333,Yutani 赵磊,李洋,yutani332@outlook.com,16917079026,CN,2020-06-12,A
CRM-334,林艳 Bluth,张超,bluth333@company.cn,18036385168,US,2022-10-15,A
CRM-335,STARK 周静,朱丽,stark334@163.com,16470240216,US,2021-04-22,C
CRM-336,Weyland 杨丽,马娜,weyland335@outlook.com,12374690994,US,04/17/2020,C
CRM-337,PRESTIGE 徐强,黄艳,prestige336@company.cn,11907495002,DE,2020-03-26,A
CRM-338,孙艳 Initech,周霞,initech337@163.com,16331195341,US,2023-04-13,A
CRM-339,林超 YUTANI,郭敏,yutani338@corp.com,17618306837,DE,2020-10-10,C
CRM-340,陈洋 Bluth,胡敏,bluth339@company.cn,16309312237,US,07/28/2023,B
CRM-341,Dunder Mifflin 黄芳,张伟,dundermifflin340@qq.com,17329644950,JP,2021-03-07,A
CRM-342,李强 Cyberdyne,吴洋,cyberdyne341@163.com,15189666082,SG,02/09/2022,C
CRM-343,赵磊 Wayne,郭娟,wayne342@qq.com,14301457392,SG,09-05-2020,B
CRM-344,Hooli 郭强,马伟,hooli343@outlook.com,12096177241,US,17-02-2021,C
CRM-345,吴磊 Prestige,何娜,prestige344@corp.com,11527973916,US,09/28/2021,SMB
CRM-346,Wayne 黄敏,张强,wayne345@qq.com,15320635697,SG,10/17/2020,C
CRM-347,Acme 吴艳,朱强,acme346@company.cn,15675922467,US,15-01-2021,A
CRM-348,Cyberdyne 杨艳,王丽,cyberdyne347@company.cn,17683918214,CN,2023-12-10,A
CRM-349,OSCORP 李娟,朱娜,oscorp348@outlook.com,13368048599,JP,2020-01-24,B
CRM-350,郭军 BLUTH,张伟,bluth349@corp.com,17864689825,DE,2021-09-10,C
CRM-351,马芳 BlackMesa,郭娟,blackmesa350@company.cn,18633300243,SG,08/21/2024,C
CRM-352,Hooli 周强,林涛,hooli351@163.com,18952996904,US,2020-08-22,B
CRM-353,PIEDPIPER 孙霞,徐艳,piedpiper352@corp.com,17804336128,CN,2020-05-08,C
CRM-354,张娜 Aperture,陈军,aperture353@company.cn,19791518503,US,10/25/2021,SMB
CRM-355,Vandelay 胡静,张娟,vandelay354@corp.com,13187897990,US,2023-06-14,C
CRM-356,Weyland 何超,林杰,weyland355@corp.com,11341529254,JP,2022-10-01,B
CRM-357,陈霞 Dunder Mifflin,郑平,dundermifflin356@163.com,19288567596,SG,2023-04-17,SMB
CRM-358,马芳 Vandelay,林秀英,vandelay357@163.com,16784482831,SG,2021-02-06,SMB
CRM-359,Oscorp 郭伟,罗磊,oscorp358@company.cn,14354162347,JP,2022-05-08,C
CRM-360,郭勇 Vandelay,罗伟,vandelay359@163.com,18318501309,DE,06/27/2021,B
CRM-361,Bluth 李平,郑敏,bluth360@company.cn,11050250674,DE,2023-01-02,SMB
CRM-362,马娜 Dunder Mifflin,孙丽,dundermifflin361@gmail.com,18335555419,JP,2021-02-11,C
CRM-363,王伟 UMBRELLA,李秀英,umbrella362@corp.com,11201917767,JP,2020-07-26,B
CRM-364,Cyberdyne 李勇,杨娟,cyberdyne363@qq.com,17752665742,US,2021-05-09,B
CRM-365,周敏 Weyland,林磊,weyland364@corp.com,13319583464,DE,16-10-2022,C
CRM-366,马磊 Cyberdyne,吴勇,cyberdyne365@corp.com,19479123430,DE,12/15/2022,A
CRM-367,杨明 Vandelay,刘敏,vandelay366@corp.com,16282220325,JP,12/03/2023,C
CRM-368,Globex 朱丽,杨秀英,globex367@163.com,14855523329,US,2022-04-10,SMB
CRM-369,朱秀英 BLACKMESA,罗军,blackmesa368@163.com,11006053404,DE,05/16/2024,C
CRM-370,Yutani 罗娜,王娜,yutani369@gmail.com,16486895877,DE,2022-04-18,B
CRM-371,郭丽 Acme,周丽,acme370@outlook.com,15814380286,DE,2021-05-04,C
CRM-372,陈伟 Umbrella,黄军,umbrella371@qq.com,19971436551,SG,2020-07-13,C
CRM-373,Tyrell 林超,徐伟,tyrell372@corp.com,13594027979,US,2020-10-08,SMB
CRM-374,马伟 ACME,赵娜,acme373@163.com,14599339230,US,10-08-2020,SMB
CRM-375,朱伟 Wayne,徐霞,wayne374@outlook.com,15852602293,CN,08/15/2021,B
CRM-376,刘静 Globex,王强,globex375@gmail.com,15068358527,JP,12/06/2023,C
CRM-377,Oscorp 吴平,孙杰,oscorp376@163.com,17353301866,CN,2021-11-24,B
CRM-378,Weyland 陈娜,李伟,weyland377@qq.com,16160284136,SG,02/13/2020,A
CRM-379,马勇 Acme,马勇,acme378@qq.com,14015658712,CN,25-04-2023,A
CRM-380,HOOLI 罗敏,孙洋,hooli379@corp.com,14769896006,SG,09/15/2023,SMB
CRM-381,孙静 VANDELAY,郑芳,vandelay380@company.cn,17455572480,CN,2020-07-06,SMB
CRM-382,杨芳 STARK,周涛,stark381@qq.com,18186614018,DE,2024-09-17,A
CRM-383,Stark 何霞,赵磊,stark382@corp.com,13057917880,DE,2023-09-13,SMB
CRM-384,Weyland 徐杰,王超,weyland383@163.com,13304709725,SG,2022-11-05,C
CRM-385,Hooli 孙伟,何平,hooli384@163.com,16483359506,CN,2021-11-17,A
CRM-386,Oscorp 陈艳,孙娟,oscorp385@qq.com,14782010953,DE,2022-06-16,B
CRM-387,Globex 吴伟,赵洋,globex386@corp.com,19047496578,CN,2023-07-15,C
CRM-388,TYRELL 吴秀英,何娜,tyrell387@gmail.com,19553584831,US,2022-05-12,A
CRM-389,Hooli 孙静,林强,hooli388@qq.com,13915475227,JP,05/14/2020,C
CRM-390,Tyrell 陈芳,赵伟,tyrell389@gmail.com,17941392443,SG,2023-08-01,A
CRM-391,陈涛 Vandelay,徐磊,vandelay390@qq.com,15787804899,US,02-01-2024,C
CRM-392,张涛 VANDELAY,马磊,vandelay391@company.cn,16737097072,SG,2024-10-06,SMB
CRM-393,Hooli 林洋,郭霞,hooli392@qq.com,15069425011,DE,06-06-2021,C
CRM-394,Acme 赵娟,杨涛,acme393@163.com,14937568066,US,2021-06-01,C
CRM-395,林敏 Umbrella,郑静,umbrella394@corp.com,11093557843,SG,2022-10-13,SMB
CRM-396,刘平 Weyland,刘磊,weyland395@company.cn,19259265466,DE,2023-01-14,SMB
CRM-397,陈静 APERTURE,李静,aperture396@company.cn,11045852966,CN,2022-08-28,B
CRM-398,INITECH 马平,赵秀英,initech397@outlook.com,17339377306,US,2024-10-20,B
CRM-399,Bluth 马娜,周艳,bluth398@corp.com,16279654501,SG,2024-07-18,B
CRM-400,PIEDPIPER 孙超,徐芳,piedpiper399@outlook.com,15304910065,US,06/18/2020,B
CRM-401,Acme 周秀英,郑静,acme400@corp.com,11480735640,DE,03/27/2023,A
CRM-402,王艳 Acme,何平,acme401@outlook.com,17629503142,CN,14-12-2020,C
CRM-403,BlackMesa 杨军,孙秀英,blackmesa402@company.cn,14853628306,JP,2021-09-26,A
CRM-404,BlackMesa 刘艳,黄艳,blackmesa403@qq.com,15415190742,SG,2020-07-17,A
CRM-405,VANDELAY 李明,孙明,vandelay404@qq.com,17666363043,JP,2024-05-16,A
CRM-406,Cyberdyne 郑平,林霞,cyberdyne405@corp.com,12138507728,CN,2020-11-25,SMB
CRM-407,HOOLI 罗娟,吴洋,hooli406@company.cn,12597512794,SG,07-03-2021,B
CRM-408,Hooli 胡军,王强,hooli407@corp.com,13872137416,CN,2022-03-28,C
CRM-409,林军 Globex,刘明,globex408@qq.com,14981336202,DE,2023-03-04,A
CRM-410,周杰 HOOLI,王平,hooli409@163.com,16091522867,US,2024-10-15,SMB
CRM-411,刘勇 Hooli,林丽,hooli410@outlook.com,17545802618,DE,26-01-2020,C
CRM-412,陈磊 Acme,王敏,acme411@corp.com,13159757268,CN,05/26/2022,B
CRM-413,周军 YUTANI,马霞,yutani412@company.cn,15969176157,CN,2021-05-25,C
CRM-414,Umbrella 郑丽,李娜,umbrella413@qq.com,15442111472,JP,2021-04-10,C
CRM-415,王敏 Oscorp,徐娟,oscorp414@qq.com,18434314761,SG,2020-02-15,C
CRM-416,Prestige 陈明,徐娟,prestige415@qq.com,14026201868,US,2023-02-11,C
CRM-417,Stark 王勇,陈伟,stark416@corp.com,15847786596,DE,2023-03-13,SMB
CRM-418,刘强 GLOBEX,郑娜,globex417@company.cn,16606778196,DE,01-10-2022,B
CRM-419,郭娟 Wayne,徐伟,wayne418@163.com,11932129155,US,25-06-2020,B
CRM-420,Weyland 陈军,张静,weyland419@163.com,15489553843,SG,27-01-2020,A
CRM-421,杨磊 Globex,吴艳,globex420@corp.com,12624867357,CN,04/18/2023,A
CRM-422,陈静 Wayne,马平,wayne421@corp.com,19881305796,SG,2021-11-15,A
CRM-423,Bluth 何娜,杨娜,bluth422@outlook.com,11941475675,US,09/14/2022,B
CRM-424,UMBRELLA 郭军,周军,umbrella423@qq.com,11004189711,US,2024-03-17,B
CRM-425,马军 UMBRELLA,王艳,umbrella424@outlook.com,12031191809,US,2023-10-02,SMB
CRM-426,郭平 Aperture,赵杰,aperture425@gmail.com,15412410659,CN,2024-06-22,C
CRM-427,马艳 Oscorp,朱娜,oscorp426@gmail.com,16939657275,CN,04-10-2022,A
CRM-428,Tyrell 罗强,周静,tyrell427@qq.com,16757971647,SG,26-04-2020,C
CRM-429,Vandelay 杨明,张静,vandelay428@company.cn,12933867439,DE,02/18/2024,SMB
CRM-430,PiedPiper 周杰,周敏,piedpiper429@company.cn,14815842825,DE,2023-10-22,B
CRM-431,Umbrella 郭秀英,陈涛,umbrella430@163.com,11429943876,DE,15-04-2022,A
CRM-432,Hooli 胡娟,李平,hooli431@163.com,12898388664,US,03/14/2021,SMB
CRM-433,Wayne 杨霞,林敏,wayne432@gmail.com,12623961098,JP,09/20/2021,A
CRM-434,朱娟 Umbrella,李勇,umbrella433@company.cn,11420599242,US,2022-07-13,A
CRM-435,孙平 Acme,马霞,acme434@outlook.com,19334350486,CN,13-08-2022,C
CRM-436,郭杰 Acme,孙磊,acme435@company.cn,11129648688,SG,2022-10-20,C
CRM-437,Globex 陈娟,王霞,globex436@company.cn,17621552995,US,2023-02-18,B
CRM-438,孙丽 Umbrella,陈秀英,umbrella437@qq.com,11079003525,US,02/17/2023,B
CRM-439,HOOLI 王伟,刘伟,hooli438@qq.com,12206336513,DE,03-09-2020,C
CRM-440,Wayne 罗磊,杨明,wayne439@company.cn,12979150634,JP,01/27/2020,C
CRM-441,徐强 Vandelay,王洋,vandelay440@gmail.com,18704256044,DE,09-08-2022,SMB
CRM-442,Stark 周杰,胡洋,stark441@qq.com,18111335205,US,01/03/2022,C
CRM-443,DUNDER MIFFLIN 李丽,刘静,dundermifflin442@corp.com,11614827400,DE,2023-09-03,C
CRM-444,朱超 STARK,郑娜,stark443@gmail.com,15178069790,CN,2024-05-21,B
CRM-445,Hooli 徐强,胡艳,hooli444@qq.com,12419714640,JP,11/03/2024,C
CRM-446,Aperture 马霞,郭杰,aperture445@company.cn,16475970852,JP,2022-05-28,A
CRM-447,朱娟 Vandelay,吴娟,vandelay446@outlook.com,16860937680,US,06/18/2023,B
CRM-448,郑超 Globex,黄杰,globex447@gmail.com,19350725323,US,08-07-2024,SMB
CRM-449,DUNDER MIFFLIN 徐丽,朱霞,dundermifflin448@corp.com,15622094243,CN,17-05-2022,SMB
CRM-450,陈强 Bluth,林娜,bluth449@company.cn,13604907298,DE,11/27/2020,A
CRM-451,BlackMesa 陈磊,马强,blackmesa450@gmail.com,17702615151,CN,2020-02-20,SMB
CRM-452,刘军 Globex,刘强,globex451@qq.com,14243228979,DE,2021-10-11,SMB
CRM-453,Vandelay 林静,马丽,vandelay452@corp.com,18832105879,DE,2024-02-10,B
CRM-454,ACME 胡静,李霞,acme453@qq.com,15353366287,JP,2022-08-27,C
CRM-455,王伟 Tyrell,胡芳,tyrell454@163.com,17302363779,US,2022-10-17,C
CRM-456,罗军 Aperture,何超,aperture455@corp.com,11305828089,JP,2024-12-14,SMB
CRM-457,刘勇 Umbrella,徐芳,umbrella456@company.cn,17578001116,JP,2020-08-12,SMB
CRM-458,Aperture 王丽,刘明,aperture457@163.com,15249922544,DE,02/14/2023,B
CRM-459,WAYNE 徐磊,周艳,wayne458@qq.com,11216973119,JP,25-08-2020,A
CRM-460,Hooli 胡艳,何强,hooli459@company.cn,14754325016,JP,06/12/2020,B
CRM-461,Tyrell 王军,郑超,tyrell460@company.cn,13682451134,DE,05/27/2020,C
CRM-462,朱涛 PiedPiper,黄娜,piedpiper461@163.com,13586998720,CN,2021-09-28,A
CRM-463,刘娟 CYBERDYNE,林娟,cyberdyne462@163.com,13712028860,CN,2022-02-21,SMB
CRM-464,BLUTH 王丽,郑磊,bluth463@outlook.com,18684464374,SG,2022-02-21,C
CRM-465,黄霞 BlackMesa,徐秀英,blackmesa464@qq.com,19626958687,CN,10/08/2020,SMB
CRM-466,Stark 刘秀英,林敏,stark465@qq.com,14612579808,JP,2022-06-16,SMB
CRM-467,杨洋 Prestige,徐杰,prestige466@qq.com,12931473867,JP,25-12-2020,B
CRM-468,Hooli 赵娜,赵洋,hooli467@outlook.com,15067693892,SG,02/01/2020,B
CRM-469,Initech 徐勇,黄艳,initech468@163.com,19831000980,CN,24-09-2021,A
CRM-470,刘丽 GLOBEX,黄超,globex469@corp.com,14891683693,JP,2024-02-02,B
CRM-471,TYRELL 林超,罗芳,tyrell470@company.cn,15293438936,CN,2021-03-07,C
CRM-472,INITECH 王涛,赵平,initech471@gmail.com,18722934229,DE,2024-06-25,SMB
CRM-473,李杰 PiedPiper,周超,piedpiper472@outlook.com,14783390164,US,2022-09-04,C
CRM-474,Weyland 王秀英,刘丽,weyland473@company.cn,14521225223,JP,2020-10-10,SMB
CRM-475,王伟 Hooli,孙芳,hooli474@company.cn,13564930871,JP,2023-02-12,SMB
CRM-476,PRESTIGE 马霞,罗静,prestige475@company.cn,17217349446,CN,2021-06-20,A
CRM-477,Acme 刘明,胡静,acme476@corp.com,16196876418,CN,17-09-2024,A
CRM-478,WAYNE 马秀英,郭伟,wayne477@corp.com,14253764694,US,2024-06-09,C
CRM-479,Oscorp 郑敏,吴丽,oscorp478@gmail.com,14600756002,CN,19-08-2024,SMB
CRM-480,林磊 TYRELL,李娟,tyrell479@qq.com,14737385835,US,2021-08-22,C
CRM-481,郑娜 WEYLAND,胡强,weyland480@qq.com,14286784471,JP,01/01/2024,C
CRM-482,赵娟 Aperture,赵艳,aperture481@company.cn,17807433388,JP,2022-11-05,A
CRM-483,PRESTIGE 周伟,陈艳,prestige482@qq.com,18551932908,DE,2021-11-28,A
CRM-484,李娜 TYRELL,林勇,tyrell483@163.com,12691630813,JP,28-05-2024,SMB
CRM-485,孙平 Aperture,陈明,aperture484@gmail.com,13177759458,DE,06/02/2021,SMB
CRM-486,王平 Aperture,徐超,aperture485@company.cn,11465319414,CN,06/21/2022,SMB
CRM-487,李丽 Acme,何明,acme486@qq.com,15324115113,JP,2022-01-16,C
CRM-488,马平 OSCORP,陈敏,oscorp487@outlook.com,17397388602,JP,05/13/2021,B
CRM-489,Weyland 刘芳,刘勇,weyland488@outlook.com,17944533416,JP,11/26/2021,B
CRM-490,Tyrell 郑平,孙芳,tyrell489@gmail.com,14003111654,JP,03/27/2020,A
CRM-491,TYRELL 徐平,刘明,tyrell490@company.cn,17219353215,US,2020-07-17,B
CRM-492,INITECH 徐伟,黄娜,initech491@corp.com,18820339951,CN,05/12/2021,A
CRM-493,王杰 Globex,张娟,globex492@gmail.com,16505318747,CN,01/08/2020,A
CRM-494,何丽 BLUTH,徐娟,bluth493@qq.com,19760991151,US,2021-07-17,C
CRM-495,张涛 BLUTH,陈伟,bluth494@gmail.com,11065928588,SG,2022-12-14,C
CRM-496,YUTANI 马艳,陈静,yutani495@company.cn,13244050371,DE,2023-07-22,SMB
CRM-497,黄伟 Globex,陈磊,globex496@163.com,11139905363,SG,2022-04-09,B
CRM-498,黄磊 Dunder Mifflin,周平,dundermifflin497@outlook.com,14381850394,DE,14-09-2022,A
CRM-499,胡霞 Globex,徐敏,globex498@163.com,18973798577,SG,04-01-2024,SMB
CRM-500,胡丽 Wayne,黄杰,wayne499@gmail.com,11178885242,SG,2020-07-16,B
CRM-501,Oscorp 何霞,何涛,oscorp500@qq.com,18525582363,JP,11-02-2024,C
CRM-502,HOOLI 陈娟,王伟,hooli501@company.cn,17437654749,DE,12/22/2023,B
CRM-503,刘军 HOOLI,杨敏,hooli502@outlook.com,13685773890,DE,17-09-2020,A
CRM-504,BlackMesa 罗磊,刘伟,blackmesa503@163.com,19006554126,US,2021-01-09,C
CRM-505,Hooli 吴娟,刘明,hooli504@163.com,13926672423,DE,04/02/2023,A
CRM-506,PiedPiper 吴强,郑强,piedpiper505@qq.com,16183940826,CN,10/04/2022,SMB
CRM-507,Globex 李明,孙杰,globex506@qq.com,11616138237,CN,2020-12-17,B
CRM-508,吴丽 Initech,赵娟,initech507@corp.com,16419933909,CN,17-03-2023,B
CRM-509,吴敏 PRESTIGE,陈静,prestige508@gmail.com,13902186975,US,2021-11-23,B
CRM-510,罗娟 STARK,朱娜,stark509@qq.com,18302776836,US,01-04-2020,C
CRM-511,吴磊 PIEDPIPER,郑秀英,piedpiper510@gmail.com,17176487582,US,2024-10-21,SMB
CRM-512,HOOLI 孙超,郑超,hooli511@gmail.com,14821025877,JP,02-04-2021,C
CRM-513,Acme 陈军,孙敏,acme512@gmail.com,18797084934,US,2023-12-21,B
CRM-514,BLUTH 郑平,李涛,bluth513@gmail.com,18491083872,US,2024-06-04,A
CRM-515,孙娟 Acme,吴强,acme514@outlook.com,18137089562,SG,12/15/2023,C
CRM-516,何娟 Aperture,赵涛,aperture515@gmail.com,18815391891,SG,2024-12-28,C
CRM-517,马秀英 Prestige,何明,prestige516@outlook.com,15056315761,US,02/05/2022,A
CRM-518,Hooli 胡强,张洋,hooli517@outlook.com,14671108760,US,2024-11-11,B
CRM-519,赵洋 Yutani,罗军,yutani518@outlook.com,13462380224,US,08/25/2024,C
CRM-520,赵杰 Globex,赵杰,globex519@qq.com,19345241126,SG,2024-08-21,A
CRM-521,Stark 杨超,朱军,stark520@company.cn,14543325058,DE,2023-08-23,B
CRM-522,INITECH 朱磊,胡强,initech521@company.cn,15114583650,US,2023-06-15,A
CRM-523,YUTANI 马强,何磊,yutani522@qq.com,11772862937,US,2022-06-21,A
CRM-524,朱娜 Weyland,马勇,weyland523@qq.com,14729872108,DE,2020-11-06,SMB
CRM-525,林军 BlackMesa,李伟,blackmesa524@qq.com,16675569406,CN,2024-01-11,A
CRM-526,罗娟 Prestige,张磊,prestige525@gmail.com,18654623185,US,2024-03-25,C
CRM-527,Initech 罗娟,林明,initech526@corp.com,18329084250,DE,02/03/2020,B
CRM-528,WEYLAND 陈军,陈强,weyland527@company.cn,18482054132,CN,04/17/2024,A
CRM-529,Aperture 王强,李磊,aperture528@corp.com,15134153449,JP,25-06-2021,C
CRM-530,杨秀英 BlackMesa,徐秀英,blackmesa529@qq.com,11903840997,CN,21-06-2022,B
CRM-531,陈超 BlackMesa,陈超,blackmesa530@corp.com,13633694332,CN,12/25/2024,B
CRM-532,PiedPiper 郑明,朱静,piedpiper531@qq.com,11719305924,DE,28-01-2022,C
CRM-533,赵霞 Initech,孙军,initech532@163.com,11994737259,JP,2021-01-26,B
CRM-534,孙芳 Aperture,张伟,aperture533@outlook.com,13698771504,JP,28-01-2023,A
CRM-535,Cyberdyne 陈勇,杨洋,cyberdyne534@corp.com,12341859429,JP,28-06-2020,SMB
CRM-536,林洋 Dunder Mifflin,郑静,dundermifflin535@company.cn,15375058277,CN,06/12/2024,A
CRM-537,Tyrell 徐芳,朱勇,tyrell536@outlook.com,12001986271,CN,2020-12-28,C
CRM-538,杨勇 Weyland,朱丽,weyland537@company.cn,19560036269,SG,2022-02-05,A
CRM-539,赵娜 Hooli,郑军,hooli538@outlook.com,17131092311,SG,02/10/2020,SMB
CRM-540,周芳 Aperture,赵军,aperture539@163.com,11290325859,CN,2024-11-12,SMB
CRM-541,Yutani 赵涛,赵磊,yutani540@outlook.com,11959015604,US,2020-03-25,SMB
CRM-542,VANDELAY 林洋,郭伟,vandelay541@qq.com,19626513677,SG,2020-02-08,B
CRM-543,张娜 Bluth,郭勇,bluth542@qq.com,11868073352,JP,2023-12-24,A
CRM-544,赵芳 Hooli,马艳,hooli543@outlook.com,11346784580,US,2021-09-19,B
CRM-545,Wayne 王涛,胡娟,wayne544@outlook.com,15942204618,JP,2020-11-13,SMB
CRM-546,杨军 PiedPiper,马杰,piedpiper545@corp.com,16719222934,US,28-07-2023,C
CRM-547,郑勇 TYRELL,罗勇,tyrell546@outlook.com,17763025229,CN,24-11-2020,B
CRM-548,Initech 朱强,郑勇,initech547@gmail.com,14928655149,SG,02-12-2024,B
CRM-549,Cyberdyne 刘丽,黄娜,cyberdyne548@outlook.com,18248576785,SG,09/08/2021,SMB
CRM-550,郑敏 APERTURE,林杰,aperture549@qq.com,18435994128,US,07/13/2020,B
CRM-551,朱超 BlackMesa,李芳,blackmesa550@qq.com,19270539061,US,2022-07-11,SMB
CRM-552,赵强 BlackMesa,孙洋,blackmesa551@outlook.com,11713700549,US,2020-09-14,C
CRM-553,HOOLI 徐霞,孙军,hooli552@qq.com,16405530840,DE,2024-06-19,A
CRM-554,郑芳 STARK,刘丽,stark553@company.cn,11748217015,JP,18-07-2023,B
CRM-555,Tyrell 林磊,朱平,tyrell554@qq.com,16617274661,US,01/06/2021,SMB
CRM-556,Weyland 罗军,杨敏,weyland555@outlook.com,14072822847,DE,10/01/2020,B
CRM-557,何娜 Stark,刘明,stark556@outlook.com,16225823559,SG,2021-05-25,SMB
CRM-558,马洋 Hooli,赵霞,hooli557@163.com,18525037461,JP,2023-03-26,C
CRM-559,徐静 Cyberdyne,杨静,cyberdyne558@company.cn,16741007634,US,2020-09-27,A
CRM-560,Aperture 王平,陈杰,aperture559@outlook.com,13343154736,CN,2023-09-13,C
CRM-561,Stark 吴洋,王丽,stark560@qq.com,12186939135,JP,2024-11-12,SMB
CRM-562,赵明 HOOLI,王洋,hooli561@163.com,18372888855,DE,2023-04-15,C
CRM-563,Cyberdyne 黄娜,周敏,cyberdyne562@163.com,11816520725,SG,2021-09-11,SMB
CRM-564,UMBRELLA 黄明,郑娜,umbrella563@company.cn,17766248704,DE,2021-03-23,SMB
CRM-565,HOOLI 李平,林秀英,hooli564@outlook.com,17388431068,SG,2020-08-18,SMB
CRM-566,陈涛 VANDELAY,杨平,vandelay565@qq.com,15184398613,SG,13-05-2024,SMB
CRM-567,胡强 Bluth,杨敏,bluth566@company.cn,15381668288,JP,2024-02-02,A
CRM-568,胡静 STARK,胡静,stark567@company.cn,13381040106,CN,07/12/2020,SMB
CRM-569,罗洋 Acme,周超,acme568@outlook.com,17486412259,SG,11/09/2023,A
CRM-570,王军 Cyberdyne,杨芳,cyberdyne569@qq.com,13767509394,SG,2022-07-01,C
CRM-571,ACME 吴勇,何强,acme570@outlook.com,18979959278,CN,11/01/2023,SMB
CRM-572,Hooli 吴洋,罗平,hooli571@outlook.com,16641574961,CN,2023-06-26,C
CRM-573,何明 VANDELAY,吴静,vandelay572@corp.com,12015986501,JP,2020-09-09,SMB
CRM-574,Cyberdyne 赵艳,何超,cyberdyne573@qq.com,11943579390,CN,03/11/2020,B
CRM-575,何丽 Umbrella,陈军,umbrella574@company.cn,14020496861,DE,2024-07-02,SMB
CRM-576,郭军 VANDELAY,胡平,vandelay575@outlook.com,17371042252,DE,2020-02-26,C
CRM-577,Aperture 杨霞,赵军,aperture576@outlook.com,14690525990,SG,28-08-2022,B
CRM-578,吴芳 Vandelay,罗娟,vandelay577@qq.com,18221057129,SG,2022-11-05,C
CRM-579,郑明 Bluth,何涛,bluth578@gmail.com,16277627352,JP,21-03-2022,SMB
CRM-580,郭秀英 WAYNE,罗芳,wayne579@gmail.com,16532540302,CN,09/28/2023,B
CRM-581,Hooli 马秀英,吴丽,hooli580@qq.com,16279546873,SG,04/16/2024,A
CRM-582,PiedPiper 张娜,郑芳,piedpiper581@163.com,13549489779,CN,2021-09-03,C
CRM-583,Vandelay 周杰,郑静,vandelay582@gmail.com,17483487887,JP,02/10/2022,C
CRM-584,Vandelay 朱霞,王超,vandelay583@gmail.com,14290925692,US,2023-12-18,B
CRM-585,WAYNE 徐平,何平,wayne584@163.com,16110133066,CN,12/21/2022,C
CRM-586,李杰 Weyland,刘丽,weyland585@163.com,19120383565,SG,2020-07-02,B
CRM-587,杨敏 Cyberdyne,赵芳,cyberdyne586@gmail.com,13233868901,JP,2023-02-07,SMB
CRM-588,Hooli 郭静,马勇,hooli587@corp.com,19654802475,CN,15-11-2024,B
CRM-589,HOOLI 王勇,吴涛,hooli588@163.com,12651207905,JP,01/06/2020,A
CRM-590,杨伟 HOOLI,王敏,hooli589@outlook.com,12808498394,JP,2023-05-22,SMB
CRM-591,Bluth 林秀英,赵磊,bluth590@gmail.com,16609894975,DE,01/03/2020,SMB
CRM-592,Initech 郑涛,郭霞,initech591@gmail.com,12728813176,CN,17-08-2023,B
CRM-593,罗娟 Acme,罗明,acme592@163.com,18110007698,US,24-01-2021,A
CRM-594,郑超 Acme,杨娜,acme593@corp.com,13176840986,US,2021-08-08,B
CRM-595,陈洋 Yutani,朱勇,yutani594@163.com,15865893022,JP,2024-10-06,A
CRM-596,Prestige 吴芳,刘伟,prestige595@gmail.com,17502792696,US,2023-05-10,C
CRM-597,孙敏 Prestige,黄伟,prestige596@company.cn,13955680254,US,2022-08-26,C
CRM-598,马艳 Vandelay,何丽,vandelay597@outlook.com,17646860496,CN,03/01/2022,A
CRM-599,Wayne 黄强,陈涛,wayne598@gmail.com,16008059737,CN,2022-10-02,SMB
CRM-600,Stark 马静,罗磊,stark599@163.com,11545384063,CN,10-07-2020,C
CRM-601,周艳 Bluth,李勇,bluth600@163.com,13128920919,JP,2024-02-12,SMB
CRM-602,胡洋 Umbrella,朱娜,umbrella601@qq.com,13094966124,CN,25-12-2022,C
CRM-603,马伟 Tyrell,马勇,tyrell602@company.cn,19877114385,JP,2022-03-28,B
CRM-604,Aperture 黄敏,徐霞,aperture603@company.cn,16568951549,JP,12/27/2021,A
CRM-605,Cyberdyne 孙平,刘磊,cyberdyne604@corp.com,18740126715,US,2021-10-05,A
CRM-606,何平 Tyrell,黄军,tyrell605@gmail.com,19888463773,CN,2024-01-16,A
CRM-607,吴秀英 Aperture,郑涛,aperture606@gmail.com,16353575857,DE,2021-05-01,SMB
CRM-608,APERTURE 黄明,杨军,aperture607@corp.com,15040098513,CN,2023-12-04,C
CRM-609,罗杰 OSCORP,杨涛,oscorp608@163.com,16108201748,CN,2021-08-07,B
CRM-610,CYBERDYNE 张艳,张秀英,cyberdyne609@outlook.com,15795914245,DE,03-08-2021,A
CRM-611,刘超 Wayne,赵娜,wayne610@corp.com,18223839123,SG,2022-03-20,SMB
CRM-612,Hooli 杨霞,郭芳,hooli611@outlook.com,15852264209,US,08/05/2022,A
CRM-613,黄洋 Cyberdyne,张敏,cyberdyne612@gmail.com,14300992092,US,23-02-2023,B
CRM-614,郑洋 Vandelay,林强,vandelay613@163.com,16792710895,DE,04/18/2023,C
CRM-615,郭强 Aperture,罗伟,aperture614@corp.com,12939529543,DE,2024-08-23,SMB
CRM-616,Bluth 陈娜,张静,bluth615@outlook.com,14996093429,CN,09-06-2020,C
CRM-617,BLUTH 朱军,张平,bluth616@gmail.com,14288679007,US,2021-07-25,B
CRM-618,Yutani 王伟,徐涛,yutani617@qq.com,17709110550,SG,18-03-2023,A
CRM-619,张强 GLOBEX,黄超,globex618@corp.com,17834661198,DE,2024-09-01,A
CRM-620,马军 Umbrella,陈敏,umbrella619@company.cn,12596784363,CN,03/17/2024,C
CRM-621,Globex 张强,孙静,globex620@company.cn,14039681221,SG,2020-07-10,SMB
CRM-622,WAYNE 杨静,何娟,wayne621@outlook.com,19541624157,US,2022-03-13,C
CRM-623,BlackMesa 周娟,孙涛,blackmesa622@outlook.com,13423562036,DE,2024-09-06,SMB
CRM-624,Stark 孙超,刘伟,stark623@gmail.com,13268637943,CN,10/10/2021,A
CRM-625,何娜 Initech,徐娜,initech624@company.cn,18127345560,SG,2023-09-03,SMB
CRM-626,赵磊 Yutani,林娟,yutani625@qq.com,19121875560,CN,2022-03-05,C
CRM-627,赵强 Globex,何丽,globex626@qq.com,17938212043,JP,04-01-2023,A
CRM-628,Tyrell 徐娜,刘明,tyrell627@company.cn,11250895754,US,08-10-2020,A
CRM-629,HOOLI 黄秀英,黄娜,hooli628@qq.com,12310455986,US,06/02/2023,C
CRM-630,BlackMesa 徐明,陈霞,blackmesa629@163.com,14772225205,JP,12/16/2023,C
CRM-631,BlackMesa 黄涛,周静,blackmesa630@company.cn,17065814825,CN,05-06-2024,C
CRM-632,PiedPiper 徐霞,赵静,piedpiper631@163.com,12184989060,SG,08/09/2020,C
CRM-633,赵明 Dunder Mifflin,杨杰,dundermifflin632@gmail.com,19306897452,DE,2022-05-08,B
CRM-634,朱娟 Acme,朱敏,acme633@corp.com,18709366939,JP,2022-06-18,A
CRM-635,Wayne 刘静,马艳,wayne634@corp.com,19220019183,CN,2023-04-17,B
CRM-636,Acme 黄娜,周伟,acme635@company.cn,13596597322,JP,2024-08-28,C
CRM-637,Oscorp 杨敏,郭涛,oscorp636@qq.com,14422004354,DE,2022-05-04,SMB
CRM-638,Aperture 杨芳,陈芳,aperture637@163.com,11415269446,CN,2020-04-13,C
CRM-639,Aperture 郑洋,林秀英,aperture638@corp.com,18062755209,DE,05/05/2020,C
CRM-640,DUNDER MIFFLIN 刘军,罗勇,dundermifflin639@corp.com,12410989096,US,06-11-2023,SMB
CRM-641,Bluth 林艳,马霞,bluth640@corp.com,17000454332,DE,2020-02-17,SMB
CRM-642,Yutani 黄涛,陈涛,yutani641@gmail.com,11590678334,JP,09/05/2022,A
CRM-643,郑平 Oscorp,周杰,oscorp642@163.com,14294506003,CN,03/05/2022,B
CRM-644,Oscorp 林娟,刘娜,oscorp643@qq.com,16915940860,SG,2024-05-06,B
CRM-645,罗静 BLACKMESA,周超,blackmesa644@163.com,17268575217,JP,2020-10-14,A
CRM-646,李磊 Aperture,朱伟,aperture645@outlook.com,13896336484,JP,22-10-2023,B
CRM-647,朱勇 VANDELAY,周艳,vandelay646@company.cn,14238928147,DE,2020-03-27,C
CRM-648,Stark 李伟,郑娟,stark647@qq.com,18813197846,DE,2022-12-17,B
CRM-649,Aperture 王敏,刘娟,aperture648@163.com,16517707988,CN,18-06-2023,A
CRM-650,胡平 Aperture,马敏,aperture649@163.com,16741510058,DE,2021-07-27,B
CRM-651,杨秀英 BLUTH,杨军,bluth650@company.cn,18861691255,US,2024-07-18,C
CRM-652,Hooli 赵娟,陈秀英,hooli651@163.com,17600087747,JP,2020-03-26,SMB
CRM-653,郭磊 Wayne,张明,wayne652@corp.com,15120845198,CN,2020-12-09,C
CRM-654,HOOLI 罗敏,吴磊,hooli653@qq.com,16244255993,JP,14-05-2021,B
CRM-655,Yutani 朱洋,周伟,yutani654@163.com,12799920453,SG,06/17/2021,SMB
CRM-656,PRESTIGE 郑平,朱静,prestige655@outlook.com,15078490203,JP,09-10-2020,A
CRM-657,何涛 Bluth,赵杰,bluth656@gmail.com,11926847471,SG,2020-11-17,B
CRM-658,周明 PiedPiper,黄洋,piedpiper657@outlook.com,16233497066,SG,18-01-2020,C
CRM-659,Umbrella 徐丽,罗军,umbrella658@outlook.com,19382807240,DE,2020-05-21,B
CRM-660,马丽 Aperture,赵娟,aperture659@outlook.com,17553531975,DE,2023-08-15,B
CRM-661,Initech 吴娜,马艳,initech660@qq.com,14972470137,CN,08/08/2023,A
CRM-662,VANDELAY 朱勇,黄娟,vandelay661@corp.com,14336527049,SG,17-07-2024,B
CRM-663,Prestige 徐霞,孙勇,prestige662@outlook.com,14649131316,JP,06/05/2024,A
CRM-664,Dunder Mifflin 陈勇,徐涛,dundermifflin663@outlook.com,13981516532,SG,2022-10-28,SMB
CRM-665,Dunder Mifflin 徐磊,赵艳,dundermifflin664@corp.com,13039469851,DE,2023-11-19,SMB
CRM-666,马杰 Acme,何静,acme665@qq.com,19282173964,SG,2020-06-08,A
CRM-667,BlackMesa 徐杰,朱磊,blackmesa666@gmail.com,16474888621,DE,2024-06-10,SMB
CRM-668,Weyland 罗芳,赵伟,weyland667@qq.com,16522757043,JP,14-06-2023,B
CRM-669,赵伟 Dunder Mifflin,马伟,dundermifflin668@163.com,15916582814,US,10/23/2020,A
CRM-670,李伟 Hooli,罗强,hooli669@qq.com,14016302909,CN,2020-12-15,A
CRM-671,李娟 Umbrella,郭霞,umbrella670@company.cn,15680765604,JP,01/26/2021,SMB
CRM-672,HOOLI 徐强,胡芳,hooli671@163.com,17079430650,US,03/22/2020,SMB
CRM-673,Wayne 陈洋,马强,wayne672@company.cn,15113409746,JP,04/25/2024,C
CRM-674,GLOBEX 林秀英,胡霞,globex673@outlook.com,11395837893,CN,2023-02-02,SMB
CRM-675,BlackMesa 杨强,杨娜,blackmesa674@gmail.com,19452578835,JP,10-10-2023,B
CRM-676,郭静 Wayne,郑超,wayne675@qq.com,12571507900,JP,2023-04-25,A
CRM-677,APERTURE 罗杰,郑超,aperture676@company.cn,18284197071,SG,2021-03-02,A
CRM-678,徐丽 BLUTH,何艳,bluth677@company.cn,17740711061,SG,2022-11-01,C
CRM-679,陈霞 HOOLI,胡超,hooli678@163.com,18203459695,SG,07/09/2020,C
CRM-680,王勇 Tyrell,何秀英,tyrell679@corp.com,12571377121,JP,2022-06-18,A
CRM-681,郑艳 Dunder Mifflin,罗霞,dundermifflin680@corp.com,12826739238,SG,16-12-2022,SMB
CRM-682,刘霞 Oscorp,吴娜,oscorp681@company.cn,18993257580,CN,2021-03-01,SMB
CRM-683,胡明 APERTURE,徐杰,aperture682@company.cn,13470158601,DE,11/22/2022,A
CRM-684,Hooli 黄丽,周杰,hooli683@outlook.com,11603995600,JP,2024-12-25,SMB
CRM-685,王平 Dunder Mifflin,刘敏,dundermifflin684@qq.com,12254751739,DE,2022-05-03,SMB
CRM-686,张强 PIEDPIPER,马娟,piedpiper685@qq.com,16755025957,CN,2023-02-18,SMB
CRM-687,郑秀英 Cyberdyne,陈杰,cyberdyne686@gmail.com,18290066005,US,12-05-2024,C
CRM-688,YUTANI 黄杰,刘超,yutani687@corp.com,11939139006,JP,2021-01-25,C
CRM-689,李磊 Vandelay,杨静,vandelay688@company.cn,13029059940,DE,11/06/2020,A
CRM-690,郑静 Vandelay,周杰,vandelay689@company.cn,13531668424,JP,06-04-2022,C
CRM-691,郑洋 BLUTH,马超,bluth690@qq.com,11430288335,JP,2020-08-04,B
CRM-692,朱军 Initech,朱静,initech691@qq.com,15456724461,SG,09/11/2021,C
CRM-693,Wayne 杨娜,李秀英,wayne692@corp.com,13227554428,CN,2021-09-09,A
CRM-694,孙超 Stark,黄秀英,stark693@gmail.com,15879734442,CN,04/03/2022,A
CRM-695,胡杰 Tyrell,李勇,tyrell694@gmail.com,15395021586,CN,2022-07-09,C
CRM-696,Weyland 孙超,胡军,weyland695@163.com,19116756793,CN,2023-12-15,B
CRM-697,孙洋 GLOBEX,周娜,globex696@outlook.com,17654495113,JP,07-02-2021,B
CRM-698,Vandelay 黄静,黄勇,vandelay697@gmail.com,13518508871,DE,2021-09-19,A
CRM-699,ACME 林洋,赵平,acme698@gmail.com,19382580047,DE,01-11-2023,SMB
CRM-700,胡秀英 WAYNE,徐娟,wayne699@corp.com,15168478120,US,2023-07-24,B
CRM-701,刘霞 Vandelay,杨敏,vandelay700@qq.com,18628863382,SG,2024-10-03,SMB
CRM-702,APERTURE 杨霞,孙静,aperture701@company.cn,16852180971,JP,2020-07-18,SMB
CRM-703,Wayne 黄磊,赵超,wayne702@gmail.com,16470550942,US,06-08-2021,C
CRM-704,Prestige 周军,朱敏,prestige703@qq.com,18338783000,US,2022-03-15,B
CRM-705,BLACKMESA 郭杰,罗丽,blackmesa704@company.cn,17274530659,SG,2024-06-01,C
CRM-706,WAYNE 马洋,孙霞,wayne705@company.cn,11093317006,SG,08/21/2020,C
CRM-707,郑霞 BLUTH,刘霞,bluth706@outlook.com,19881940492,SG,2020-07-23,SMB
CRM-708,郭涛 Bluth,何静,bluth707@qq.com,18149930275,JP,2023-01-11,SMB
CRM-709,林平 GLOBEX,李静,globex708@gmail.com,17551097558,JP,2020-11-11,SMB
CRM-710,Aperture 林敏,朱霞,aperture709@gmail.com,14748367909,SG,2022-05-03,A
CRM-711,赵娟 BlackMesa,黄娟,blackmesa710@qq.com,15303956919,US,2023-05-02,C
CRM-712,罗明 Initech,胡秀英,initech711@company.cn,18805862748,US,24-01-2022,SMB
CRM-713,徐艳 Umbrella,胡涛,umbrella712@qq.com,18160148301,CN,10/15/2020,SMB
CRM-714,Oscorp 陈超,赵洋,oscorp713@qq.com,18507123876,US,03/04/2021,A
CRM-715,李勇 Cyberdyne,赵杰,cyberdyne714@163.com,18497768733,US,06-11-2022,C
CRM-716,张丽 VANDELAY,陈艳,vandelay715@company.cn,12729030001,SG,11/04/2024,B
CRM-717,郑平 Umbrella,黄芳,umbrella716@163.com,15666794805,JP,2021-08-03,SMB
CRM-718,PRESTIGE 徐涛,郑勇,prestige717@qq.com,17383074191,DE,09-06-2022,SMB
CRM-719,徐芳 STARK,王艳,stark718@corp.com,15950603779,CN,25-12-2024,A
CRM-720,何平 Prestige,黄娟,prestige719@company.cn,17716314400,CN,2023-08-08,B
CRM-721,李军 PiedPiper,周霞,piedpiper720@qq.com,14933797381,DE,12/26/2021,B
CRM-722,Initech 杨军,杨娜,initech721@163.com,13799936551,DE,2021-08-16,B
CRM-723,郭杰 INITECH,张丽,initech722@company.cn,18921685016,SG,2024-03-13,C
CRM-724,马静 PiedPiper,胡霞,piedpiper723@outlook.com,13296355394,CN,01-10-2023,SMB
CRM-725,黄超 BlackMesa,徐军,blackmesa724@qq.com,17828485837,DE,2020-02-08,C
CRM-726,WAYNE 刘磊,孙秀英,wayne725@163.com,17168130020,US,04/05/2024,B
CRM-727,PiedPiper 罗强,刘霞,piedpiper726@outlook.com,13708883101,DE,12/01/2023,C
CRM-728,TYRELL 李强,张芳,tyrell727@qq.com,18505951340,DE,02/26/2021,SMB
CRM-729,INITECH 孙静,张敏,initech728@gmail.com,16734859158,DE,04/21/2024,A
CRM-730,郑秀英 Initech,张强,initech729@company.cn,13202379905,SG,2023-05-19,SMB
CRM-731,Globex 赵娟,李超,globex730@gmail.com,11659036608,DE,2021-01-13,A
CRM-732,罗娜 PRESTIGE,何磊,prestige731@company.cn,11666308760,US,10/26/2023,SMB
CRM-733,Aperture 吴娟,刘勇,aperture732@qq.com,13126445493,CN,2021-11-16,A
CRM-734,Bluth 罗艳,周磊,bluth733@qq.com,13644178293,DE,01/20/2022,SMB
CRM-735,赵洋 Vandelay,吴磊,vandelay734@163.com,11083510322,DE,2021-08-14,SMB
CRM-736,PRESTIGE 赵军,黄强,prestige735@company.cn,16166752332,SG,01/04/2024,A
CRM-737,陈敏 Oscorp,周秀英,oscorp736@gmail.com,11139689506,CN,03/23/2023,A
CRM-738,Hooli 赵明,杨平,hooli737@gmail.com,16878947818,US,2020-04-18,SMB
CRM-739,PiedPiper 朱敏,杨杰,piedpiper738@163.com,14038846937,US,2020-01-21,A
CRM-740,Bluth 杨磊,林杰,bluth739@company.cn,11282797192,DE,02/27/2021,C
CRM-741,胡平 STARK,徐军,stark740@outlook.com,16121829457,CN,01/10/2022,A
CRM-742,Oscorp 陈霞,林涛,oscorp741@163.com,15451935421,SG,2020-04-11,C
CRM-743,Bluth 张杰,罗芳,bluth742@company.cn,16810745905,SG,2022-04-12,C
CRM-744,孙娟 Aperture,徐涛,aperture743@company.cn,14010263390,SG,23-01-2022,A
CRM-745,孙杰 Oscorp,徐娜,oscorp744@163.com,11130890412,DE,07-06-2021,C
CRM-746,Umbrella 马静,马勇,umbrella745@qq.com,12648584784,SG,2020-12-01,C
CRM-747,林杰 Initech,李伟,initech746@outlook.com,19511371545,DE,03/12/2021,SMB
CRM-748,郑霞 Weyland,徐军,weyland747@outlook.com,18717937496,CN,15-02-2024,C
CRM-749,PRESTIGE 何超,徐明,prestige748@163.com,14230930024,JP,2023-11-11,A
CRM-750,Initech 马敏,赵强,initech749@163.com,17542234584,CN,2021-05-17,SMB
CRM-751,吴平 Acme,郑霞,acme750@gmail.com,16481124273,US,2022-07-05,SMB
CRM-752,王霞 BLACKMESA,马娜,blackmesa751@163.com,18405700398,US,01-06-2023,B
CRM-753,周秀英 Umbrella,吴杰,umbrella752@corp.com,16576132487,CN,10/19/2021,A
CRM-754,Wayne 王洋,黄平,wayne753@corp.com,11496650993,CN,2022-09-16,A
CRM-755,YUTANI 李伟,郑静,yutani754@corp.com,13900501466,US,25-07-2024,SMB
CRM-756,朱伟 Globex,吴明,globex755@outlook.com,16777071665,DE,2022-02-17,SMB
CRM-757,杨磊 Bluth,郑军,bluth756@163.com,14417742305,CN,24-12-2023,C
CRM-758,PiedPiper 郭娜,陈军,piedpiper757@corp.com,15573713542,SG,04-03-2023,SMB
CRM-759,陈芳 OSCORP,周秀英,oscorp758@163.com,16593665905,JP,08-05-2020,C
CRM-760,赵洋 Cyberdyne,赵芳,cyberdyne759@corp.com,13480251085,JP,2024-02-12,B
CRM-761,PiedPiper 杨娜,胡军,piedpiper760@corp.com,13959051457,SG,2021-05-15,A
CRM-762,PRESTIGE 赵勇,赵秀英,prestige761@gmail.com,15835061979,CN,2024-04-16,C
CRM-763,吴超 DUNDER MIFFLIN,赵洋,dundermifflin762@163.com,15879593584,CN,24-12-2022,SMB
CRM-764,CYBERDYNE 刘勇,黄敏,cyberdyne763@gmail.com,17526587888,SG,2020-08-20,C
CRM-765,何平 Yutani,何伟,yutani764@163.com,13361273946,JP,2024-06-13,SMB
CRM-766,杨平 Oscorp,孙敏,oscorp765@corp.com,17128068842,CN,24-07-2020,B
CRM-767,李超 Prestige,刘艳,prestige766@outlook.com,16806373642,DE,03-09-2022,B
CRM-768,胡芳 Prestige,陈杰,prestige767@corp.com,13072481855,DE,2023-10-22,C
CRM-769,王勇 Globex,周霞,globex768@corp.com,13982692307,CN,04/23/2020,SMB
CRM-770,BlackMesa 张娟,孙涛,blackmesa769@gmail.com,19789836701,DE,2023-07-25,B
CRM-771,黄洋 Prestige,孙军,prestige770@company.cn,14991991146,JP,05/12/2020,B
CRM-772,林伟 Acme,周平,acme771@gmail.com,12689249571,JP,2023-10-04,SMB
CRM-773,Hooli 罗芳,朱艳,hooli772@corp.com,16182031311,SG,01/12/2024,C
CRM-774,Stark 徐静,赵伟,stark773@qq.com,17722012686,CN,06/05/2022,A
CRM-775,Cyberdyne 朱敏,杨洋,cyberdyne774@gmail.com,12406179916,CN,04/10/2022,SMB
CRM-776,杨伟 Vandelay,赵杰,vandelay775@company.cn,16437453908,US,2020-03-02,C
CRM-777,赵军 Vandelay,郭娜,vandelay776@corp.com,14302421749,SG,2021-05-27,B
CRM-778,Prestige 赵明,郭明,prestige777@outlook.com,14690012831,US,2024-10-17,B
CRM-779,林丽 APERTURE,胡丽,aperture778@qq.com,16460480942,JP,11/04/2023,SMB
CRM-780,Wayne 徐涛,罗勇,wayne779@163.com,19799398318,US,09/10/2024,SMB
CRM-781,BlackMesa 郑涛,罗秀英,blackmesa780@qq.com,19469577318,US,02-03-2024,A
CRM-782,郭超 Hooli,郑杰,hooli781@company.cn,15618925771,DE,10/06/2020,A
CRM-783,BlackMesa 徐丽,郭娜,blackmesa782@corp.com,14143372563,CN,2021-08-14,SMB
CRM-784,张静 Oscorp,郭磊,oscorp783@163.com,14786307944,US,10-03-2023,C
CRM-785,朱洋 BlackMesa,李秀英,blackmesa784@gmail.com,16280272851,CN,2020-12-28,SMB
CRM-786,APERTURE 马平,李明,aperture785@corp.com,16278944082,SG,2024-01-10,C
CRM-787,周伟 Stark,陈军,stark786@outlook.com,19677896284,SG,2022-08-28,A
CRM-788,DUNDER MIFFLIN 郭涛,李丽,dundermifflin787@qq.com,19780532397,JP,06-02-2023,A
CRM-789,Prestige 刘芳,陈杰,prestige788@qq.com,13151098887,SG,2021-10-28,C
CRM-790,郭秀英 BlackMesa,黄敏,blackmesa789@company.cn,16166219890,JP,2020-06-21,C
CRM-791,Weyland 徐伟,胡芳,weyland790@company.cn,15835437310,US,2022-10-10,B
CRM-792,UMBRELLA 周涛,何娟,umbrella791@gmail.com,13863426947,CN,02/16/2023,A
CRM-793,黄明 Prestige,李静,prestige792@gmail.com,15366548760,DE,13-07-2023,C
CRM-794,胡敏 PiedPiper,黄明,piedpiper793@qq.com,11021407420,DE,07/19/2021,B
CRM-795,徐敏 Umbrella,朱艳,umbrella794@163.com,18670428093,CN,2024-09-18,A
CRM-796,WAYNE 徐娜,林霞,wayne795@company.cn,18040501415,DE,2020-07-08,SMB
CRM-797,王芳 Vandelay,黄军,vandelay796@outlook.com,16857893735,CN,03/19/2021,C
CRM-798,Cyberdyne 罗秀英,罗强,cyberdyne797@gmail.com,13571145352,JP,26-06-2022,B
CRM-799,张勇 Cyberdyne,张杰,cyberdyne798@company.cn,19337769652,US,26-11-2021,C
CRM-800,赵涛 PIEDPIPER,杨明,piedpiper799@company.cn,17151571585,CN,04/15/2021,A
CRM-801,李杰 WAYNE,郭娜,wayne800@163.com,12640806273,DE,2024-12-28,C
CRM-802,Cyberdyne 何涛,朱军,cyberdyne801@outlook.com,12059556308,JP,2021-01-09,B
CRM-803,HOOLI 郭娜,徐超,hooli802@outlook.com,11886219506,JP,2021-06-01,SMB
CRM-804,赵超 Hooli,吴敏,hooli803@qq.com,12807649961,US,05/24/2023,A
CRM-805,张明 Initech,黄芳,initech804@outlook.com,15458198830,US,2024-02-26,A
CRM-806,TYRELL 郭超,黄敏,tyrell805@qq.com,11924607564,JP,2021-05-08,C
CRM-807,王芳 Hooli,马平,hooli806@gmail.com,18507620529,US,2021-09-04,SMB
CRM-808,Globex 李军,徐洋,globex807@corp.com,11113661349,US,21-07-2020,SMB
CRM-809,李芳 Tyrell,王霞,tyrell808@qq.com,16693784870,US,2021-12-13,SMB
CRM-810,李秀英 Yutani,周军,yutani809@gmail.com,13504487310,DE,21-06-2023,A
CRM-811,Weyland 朱涛,郭霞,weyland810@outlook.com,15796813119,SG,06/13/2020,B
CRM-812,张伟 Yutani,胡丽,yutani811@company.cn,12010175700,CN,08/01/2021,B
CRM-813,Hooli 李勇,林娜,hooli812@qq.com,19642065710,JP,06/26/2022,B
CRM-814,罗娜 Hooli,胡伟,hooli813@163.com,19654036516,CN,01/17/2020,A
CRM-815,Acme 马秀英,罗勇,acme814@qq.com,13176090841,CN,2020-08-06,A
CRM-816,何平 HOOLI,黄娜,hooli815@outlook.com,17085166804,SG,2022-11-02,SMB
CRM-817,罗霞 Tyrell,黄磊,tyrell816@corp.com,18951136144,DE,2024-02-09,SMB
CRM-818,罗勇 Vandelay,黄静,vandelay817@outlook.com,12578894224,DE,2020-05-10,B
CRM-819,罗娜 Umbrella,周静,umbrella818@qq.com,12649886917,JP,01/10/2022,B
CRM-820,Initech 朱霞,李娟,initech819@outlook.com,17388047505,CN,01-11-2021,B
CRM-821,何娟 Cyberdyne,罗超,cyberdyne820@163.com,15349889291,CN,2021-06-25,SMB
CRM-822,周娟 HOOLI,王芳,hooli821@163.com,11634549073,CN,05/11/2022,SMB
CRM-823,杨秀英 CYBERDYNE,赵娟,cyberdyne822@gmail.com,12854710791,SG,2024-11-16,B
CRM-824,UMBRELLA 王霞,张秀英,umbrella823@163.com,13606021339,US,2021-07-03,SMB
CRM-825,Vandelay 王娜,何洋,vandelay824@163.com,15138436325,DE,2022-03-26,A
CRM-826,吴娜 Hooli,徐敏,hooli825@gmail.com,17225764405,DE,2020-10-08,A
CRM-827,Weyland 孙芳,李超,weyland826@corp.com,15155490234,CN,05/09/2023,SMB
CRM-828,Weyland 赵静,孙霞,weyland827@gmail.com,16802349138,CN,2022-04-07,B
CRM-829,Yutani 赵敏,黄磊,yutani828@company.cn,17976217706,SG,02/09/2024,C
CRM-830,OSCORP 周娜,陈静,oscorp829@qq.com,16859541175,US,28-05-2023,B
CRM-831,Hooli 刘娟,朱艳,hooli830@gmail.com,18725205452,DE,24-10-2023,B
CRM-832,罗芳 Dunder Mifflin,吴军,dundermifflin831@gmail.com,18151917819,US,2023-01-12,C
CRM-833,郭明 Wayne,赵平,wayne832@qq.com,15305561404,SG,2022-02-27,A
CRM-834,李明 Prestige,罗涛,prestige833@company.cn,14931024411,SG,05/01/2020,B
CRM-835,HOOLI 何霞,马超,hooli834@company.cn,16858887007,SG,2024-05-14,C
CRM-836,陈洋 Dunder Mifflin,朱敏,dundermifflin835@gmail.com,15427717349,SG,2023-02-07,A
CRM-837,杨军 Oscorp,张霞,oscorp836@corp.com,11589887717,CN,2023-10-18,SMB
CRM-838,张霞 Bluth,林明,bluth837@company.cn,18976812998,JP,2020-10-24,B
CRM-839,Yutani 郑霞,郑平,yutani838@outlook.com,19542837253,JP,09/13/2021,SMB
CRM-840,Vandelay 杨强,吴平,vandelay839@company.cn,14253504535,SG,2022-10-06,C
CRM-841,林敏 Cyberdyne,郭洋,cyberdyne840@163.com,19890533288,US,2024-10-15,B
CRM-842,赵强 Aperture,周艳,aperture841@corp.com,19021606486,DE,10-08-2024,SMB
CRM-843,Acme 刘娟,罗丽,acme842@163.com,17250040561,SG,27-04-2020,A
CRM-844,Oscorp 杨勇,赵秀英,oscorp843@163.com,16418059487,US,10/17/2024,B
CRM-845,吴超 Vandelay,刘强,vandelay844@company.cn,12660580958,JP,22-06-2023,C
CRM-846,陈艳 Prestige,杨秀英,prestige845@company.cn,15121306284,JP,09/22/2020,C
CRM-847,张娟 Umbrella,胡丽,umbrella846@outlook.com,19087552130,SG,06-12-2020,B
CRM-848,APERTURE 张磊,朱艳,aperture847@company.cn,18588722363,SG,2021-06-04,A
CRM-849,陈磊 Tyrell,杨娜,tyrell848@qq.com,12906472842,DE,2022-07-23,B
CRM-850,Bluth 林敏,郭平,bluth849@gmail.com,15739078907,DE,2020-02-01,SMB
CRM-851,Globex 朱明,杨艳,globex850@163.com,14907370045,JP,2020-03-26,A
CRM-852,Aperture 徐涛,吴军,aperture851@gmail.com,17677832280,JP,16-12-2024,C
CRM-853,黄娜 Initech,何明,initech852@qq.com,12012739597,SG,2024-09-26,C
CRM-854,Hooli 王丽,王伟,hooli853@corp.com,15301012767,CN,12/12/2021,B
CRM-855,陈静 PiedPiper,吴勇,piedpiper854@gmail.com,16736765895,JP,08/15/2022,SMB
CRM-856,张磊 PiedPiper,黄军,piedpiper855@outlook.com,11190177476,SG,09/12/2023,A
CRM-857,WAYNE 周丽,杨娜,wayne856@corp.com,15629341147,US,05/11/2021,A
CRM-858,吴娜 Wayne,朱娟,wayne857@gmail.com,11694968368,DE,16-04-2020,C
CRM-859,Yutani 马超,李娜,yutani858@qq.com,16309431784,US,2020-02-18,A
CRM-860,Cyberdyne 刘强,李艳,cyberdyne859@163.com,15189501120,DE,2022-03-15,A
CRM-861,BlackMesa 郑丽,刘勇,blackmesa860@outlook.com,13400239400,CN,2023-01-10,A
CRM-862,UMBRELLA 黄杰,黄勇,umbrella861@gmail.com,18852182535,US,06/11/2022,B
CRM-863,Dunder Mifflin 罗秀英,刘平,dundermifflin862@company.cn,15332769527,SG,18-02-2020,A
CRM-864,INITECH 刘军,孙强,initech863@corp.com,14367238837,JP,2021-08-01,C
CRM-865,赵洋 TYRELL,胡杰,tyrell864@gmail.com,16398356030,US,2024-05-21,C
CRM-866,Prestige 赵洋,周静,prestige865@corp.com,18590196736,SG,03/10/2022,A
CRM-867,Acme 杨强,孙军,acme866@gmail.com,12148525734,JP,25-01-2020,A
CRM-868,Initech 杨艳,罗丽,initech867@outlook.com,18580040338,DE,2022-05-11,C
CRM-869,Dunder Mifflin 郑敏,黄明,dundermifflin868@company.cn,13445542275,JP,2020-03-20,SMB
CRM-870,周明 Stark,胡秀英,stark869@corp.com,15298803725,US,2021-12-08,B
CRM-871,Acme 赵勇,张勇,acme870@qq.com,15925455863,JP,2021-12-26,A
CRM-872,Prestige 徐艳,郑杰,prestige871@qq.com,14700274380,JP,23-06-2023,C
CRM-873,胡敏 Aperture,马勇,aperture872@163.com,15025380013,JP,10-06-2024,B
CRM-874,Oscorp 郭磊,赵芳,oscorp873@163.com,19696513803,JP,2021-04-19,C
CRM-875,Oscorp 马涛,刘杰,oscorp874@corp.com,19524159634,CN,24-03-2023,SMB
CRM-876,李艳 Vandelay,郭勇,vandelay875@company.cn,16887680538,JP,2020-07-28,C
CRM-877,罗娟 Umbrella,徐涛,umbrella876@gmail.com,12265686675,JP,01/17/2023,B
CRM-878,胡平 Dunder Mifflin,林敏,dundermifflin877@163.com,13812301042,DE,2021-01-20,B
CRM-879,吴杰 APERTURE,胡强,aperture878@outlook.com,14016304705,US,12/02/2020,A
CRM-880,何敏 Globex,王敏,globex879@163.com,19150805605,JP,11/03/2020,C
CRM-881,赵涛 Prestige,林伟,prestige880@qq.com,11248115412,DE,12/24/2021,C
CRM-882,Umbrella 林敏,孙平,umbrella881@outlook.com,17311733131,US,2020-02-13,SMB
CRM-883,陈丽 HOOLI,郭涛,hooli882@qq.com,16150252934,US,2023-10-05,SMB
CRM-884,UMBRELLA 罗强,杨敏,umbrella883@gmail.com,15121301875,US,2021-02-14,SMB
CRM-885,赵洋 Hooli,李勇,hooli884@qq.com,12722992202,CN,2021-09-08,C
CRM-886,孙艳 Cyberdyne,郭秀英,cyberdyne885@gmail.com,17455351411,DE,08/28/2024,A
CRM-887,PRESTIGE 郭勇,杨娜,prestige886@company.cn,12996519886,CN,24-09-2024,B
CRM-888,朱敏 BLACKMESA,马涛,blackmesa887@outlook.com,17047500205,DE,06-05-2023,B
CRM-889,WAYNE 周杰,陈洋,wayne888@qq.com,12317656413,CN,10/03/2023,C
CRM-890,郭娜 Vandelay,杨艳,vandelay889@company.cn,15089225960,US,15-08-2024,B
CRM-891,OSCORP 林军,林芳,oscorp890@gmail.com,18664372061,DE,11-10-2022,SMB
CRM-892,林磊 Initech,李勇,initech891@company.cn,17361241242,US,01/16/2022,A
CRM-893,林平 BlackMesa,李芳,blackmesa892@qq.com,14657716275,CN,2021-08-13,B
CRM-894,徐磊 HOOLI,胡霞,hooli893@163.com,12780957729,US,2022-01-12,B
CRM-895,Globex 朱磊,郑洋,globex894@corp.com,16456432588,CN,2021-02-18,A
CRM-896,孙艳 Acme,罗勇,acme895@corp.com,13907437223,SG,12/25/2021,C
CRM-897,李伟 HOOLI,郭丽,hooli896@qq.com,19757221465,SG,2024-01-07,C
CRM-898,郑丽 PiedPiper,罗艳,piedpiper897@outlook.com,14466973231,JP,09/24/2023,B
CRM-899,郑超 STARK,黄明,stark898@corp.com,18891871657,DE,2024-07-19,A
CRM-900,Aperture 郭敏,李伟,aperture899@gmail.com,19263558096,DE,2020-11-24,SMB
CRM-901,周娟 Bluth,李芳,bluth900@outlook.com,15305462688,SG,2023-02-01,SMB
CRM-902,胡超 YUTANI,何强,yutani901@gmail.com,16821878019,SG,12/15/2020,B
CRM-903,黄丽 Cyberdyne,陈平,cyberdyne902@outlook.com,13696925993,SG,13-07-2023,A
CRM-904,Hooli 朱静,胡娟,hooli903@company.cn,12845921448,DE,2021-06-28,B
CRM-905,Yutani 周娜,周平,yutani904@163.com,18696934141,US,2023-07-18,B
CRM-906,OSCORP 周强,朱明,oscorp905@qq.com,18519728465,CN,2021-07-03,C
CRM-907,林平 Oscorp,吴涛,oscorp906@company.cn,15318526100,DE,09/22/2022,B
CRM-908,PiedPiper 杨强,杨洋,piedpiper907@outlook.com,11719379616,CN,2020-12-03,SMB
CRM-909,王霞 Bluth,周洋,bluth908@corp.com,17326261635,CN,22-09-2021,B
CRM-910,胡杰 Umbrella,徐洋,umbrella909@gmail.com,14730277034,SG,22-05-2020,C
CRM-911,Hooli 赵静,李娟,hooli910@gmail.com,17628829876,DE,2024-02-04,B
CRM-912,BLACKMESA 胡平,马勇,blackmesa911@company.cn,15951715479,SG,05/15/2024,B
CRM-913,Hooli 徐明,罗秀英,hooli912@qq.com,17461337322,JP,14-09-2022,SMB
CRM-914,Umbrella 郭涛,王秀英,umbrella913@corp.com,16542888237,CN,2022-12-28,SMB
CRM-915,Stark 陈勇,赵伟,stark914@corp.com,18005468784,DE,2024-12-22,A
CRM-916,Dunder Mifflin 陈明,吴强,dundermifflin915@163.com,17493464076,JP,22-09-2024,B
CRM-917,INITECH 李勇,孙霞,initech916@qq.com,14088724003,DE,2023-01-22,B
CRM-918,Umbrella 胡伟,李霞,umbrella917@corp.com,12063219713,CN,2022-04-05,A
CRM-919,Wayne 杨强,张平,wayne918@outlook.com,16801522264,JP,07/16/2021,B
CRM-920,Tyrell 林娜,赵伟,tyrell919@163.com,13414199726,DE,07/09/2020,A
CRM-921,Aperture 朱娜,郭伟,aperture920@gmail.com,12784571055,CN,07/11/2023,B
CRM-922,郭敏 BlackMesa,孙娜,blackmesa921@gmail.com,15927975566,SG,2020-12-13,SMB
CRM-923,WAYNE 林洋,罗洋,wayne922@gmail.com,12387631569,US,2022-01-18,SMB
CRM-924,ACME 李霞,陈静,acme923@corp.com,19497258276,JP,16-01-2020,A
CRM-925,陈敏 TYRELL,郑丽,tyrell924@outlook.com,19971346326,JP,24-06-2021,SMB
CRM-926,周伟 BLACKMESA,陈勇,blackmesa925@163.com,16789764662,CN,06-10-2021,A
CRM-927,Cyberdyne 胡艳,胡娜,cyberdyne926@company.cn,18580749093,DE,02-12-2021,A
CRM-928,徐军 Cyberdyne,杨勇,cyberdyne927@company.cn,17772232161,CN,18-04-2024,SMB
CRM-929,李军 BLACKMESA,李超,blackmesa928@gmail.com,13108373458,CN,2020-07-04,C
CRM-930,Prestige 何艳,徐超,prestige929@corp.com,12190127601,JP,02/19/2022,A
CRM-931,何平 Prestige,黄艳,prestige930@corp.com,13827904845,US,2021-08-04,A
CRM-932,孙秀英 Tyrell,黄霞,tyrell931@company.cn,13396879464,US,2020-06-02,A
CRM-933,CYBERDYNE 胡丽,赵娟,cyberdyne932@outlook.com,17455134406,SG,16-01-2024,SMB
CRM-934,Vandelay 张涛,杨霞,vandelay933@outlook.com,17787467477,DE,02-03-2023,B
CRM-935,何敏 Dunder Mifflin,王秀英,dundermifflin934@company.cn,18770861869,SG,11/26/2022,C
CRM-936,Initech 王超,罗磊,initech935@gmail.com,14915268340,JP,2020-11-22,SMB
CRM-937,Bluth 马艳,周涛,bluth936@outlook.com,13203713259,SG,2024-05-27,B
CRM-938,张明 Acme,王芳,acme937@company.cn,16766178871,CN,2023-07-07,A
CRM-939,杨杰 Stark,马丽,stark938@qq.com,17531471116,DE,2020-03-05,SMB
CRM-940,马洋 BlackMesa,王军,blackmesa939@163.com,19176007115,SG,04/03/2021,SMB
CRM-941,郑涛 BlackMesa,郑娟,blackmesa940@corp.com,19778400292,US,17-05-2024,B
CRM-942,郭敏 Yutani,张娜,yutani941@qq.com,11472441888,CN,10/07/2022,B
CRM-943,UMBRELLA 何秀英,何静,umbrella942@163.com,19266601033,CN,2020-09-23,A
CRM-944,VANDELAY 林芳,郭芳,vandelay943@163.com,18137370073,US,22-02-2022,SMB
CRM-945,HOOLI 林洋,黄霞,hooli944@company.cn,18339904744,US,2020-02-21,SMB
CRM-946,赵涛 Initech,郑丽,initech945@company.cn,18835665244,US,03/16/2020,C
CRM-947,Weyland 王娜,吴磊,weyland946@corp.com,12236559355,DE,2020-10-16,SMB
CRM-948,PRESTIGE 朱敏,朱敏,prestige947@company.cn,11748067798,US,03-01-2024,B
CRM-949,朱杰 Hooli,吴杰,hooli948@gmail.com,15474062003,US,2020-12-16,SMB
CRM-950,杨丽 WEYLAND,郭娟,weyland949@163.com,18089746102,JP,2024-07-26,C
CRM-951,张军 Globex,赵娜,globex950@gmail.com,16260912587,US,2022-06-04,A
CRM-952,PiedPiper 刘艳,何军,piedpiper951@163.com,12088240379,CN,07/15/2022,A
CRM-953,Umbrella 杨丽,郑芳,umbrella952@163.com,13054248536,CN,01/18/2024,SMB
CRM-954,Wayne 黄霞,孙芳,wayne953@qq.com,12407521798,CN,2021-01-28,A
CRM-955,Vandelay 刘军,陈洋,vandelay954@corp.com,14113726426,JP,09/18/2022,C
CRM-956,Hooli 林敏,孙静,hooli955@qq.com,11081048636,JP,11/16/2022,B
CRM-957,孙秀英 Umbrella,孙艳,umbrella956@gmail.com,15201638239,SG,13-11-2023,B
CRM-958,周娟 BlackMesa,杨涛,blackmesa957@company.cn,11195230161,SG,2021-06-15,A
CRM-959,林敏 PIEDPIPER,徐平,piedpiper958@gmail.com,13524954618,CN,2024-07-20,SMB
CRM-960,刘芳 TYRELL,林芳,tyrell959@163.com,19141042668,SG,02/11/2021,C
CRM-961,Vandelay 朱军,朱静,vandelay960@corp.com,12178297001,JP,2023-03-17,B
CRM-962,马勇 YUTANI,陈洋,yutani961@outlook.com,17686334673,DE,2022-09-08,A
CRM-963,Oscorp 李明,王娜,oscorp962@company.cn,12844604035,US,2022-06-12,SMB
CRM-964,Wayne 黄秀英,吴静,wayne963@qq.com,17261927295,SG,11/27/2023,SMB
CRM-965,郑娟 Stark,王静,stark964@gmail.com,14896355833,JP,2022-03-12,SMB
CRM-966,赵娜 Dunder Mifflin,胡艳,dundermifflin965@outlook.com,12733517974,JP,04-06-2024,A
CRM-967,Acme 王静,郭超,acme966@corp.com,13005878513,DE,27-12-2023,A
CRM-968,Initech 郭秀英,何静,initech967@company.cn,14507876923,DE,03/01/2020,B
CRM-969,Initech 吴平,陈超,initech968@163.com,14979337977,DE,2023-05-15,A
CRM-970,Tyrell 陈杰,马艳,tyrell969@outlook.com,16443061981,CN,07/11/2021,C
CRM-971,何杰 Cyberdyne,马明,cyberdyne970@company.cn,19974036368,SG,23-07-2021,SMB
CRM-972,Globex 徐敏,郭伟,globex971@163.com,19646275315,DE,2023-03-24,SMB
CRM-973,林敏 Acme,赵军,acme972@corp.com,17915104408,US,02/16/2020,SMB
CRM-974,PiedPiper 王涛,张敏,piedpiper973@outlook.com,19277763539,DE,2023-04-05,A
CRM-975,BLACKMESA 张娟,罗静,blackmesa974@company.cn,13453850344,US,2023-07-06,A
CRM-976,Stark 陈强,吴静,stark975@qq.com,14758370240,JP,05/02/2020,C
CRM-977,孙洋 Stark,黄娜,stark976@company.cn,13643648395,JP,12-04-2020,B
CRM-978,刘军 Weyland,徐霞,weyland977@gmail.com,16848094161,SG,2021-05-13,B
CRM-979,胡芳 Weyland,张芳,weyland978@corp.com,13581356210,CN,18-02-2020,A
CRM-980,Tyrell 赵勇,何平,tyrell979@outlook.com,18841532147,JP,23-12-2024,B
CRM-981,Aperture 郑涛,郭娟,aperture980@qq.com,17699278900,US,07-05-2021,A
CRM-982,林娜 Hooli,黄艳,hooli981@corp.com,13452003371,SG,08/25/2020,C
CRM-983,Vandelay 郑静,林杰,vandelay982@outlook.com,12601117149,DE,05/16/2020,A
CRM-984,张超 UMBRELLA,周娟,umbrella983@company.cn,16874358770,CN,02/07/2024,C
CRM-985,朱娜 PiedPiper,吴伟,piedpiper984@company.cn,15015298075,DE,07-05-2022,B
CRM-986,杨丽 Globex,胡洋,globex985@gmail.com,11676394551,DE,20-01-2024,SMB
CRM-987,吴磊 PiedPiper,黄涛,piedpiper986@qq.com,11673957110,US,2020-06-16,C
CRM-988,Initech 郑磊,郑超,initech987@qq.com,16965669107,SG,2023-11-20,SMB
CRM-989,周明 PiedPiper,徐洋,piedpiper988@outlook.com,17970060928,DE,2023-05-18,A
CRM-990,徐伟 Stark,陈娜,stark989@company.cn,14267688968,SG,08/10/2024,B
CRM-991,Vandelay 陈艳,吴艳,vandelay990@163.com,17982675640,DE,17-10-2024,B
CRM-992,吴超 Hooli,罗静,hooli991@outlook.com,19473898621,CN,2024-10-05,C
CRM-993,Hooli 吴磊,孙涛,hooli992@corp.com,18718655026,SG,2023-03-03,C
CRM-994,Oscorp 林霞,周丽,oscorp993@gmail.com,14851572491,SG,2020-07-15,SMB
CRM-995,HOOLI 徐洋,刘芳,hooli994@163.com,12005814636,SG,2023-12-24,A
CRM-996,王洋 Globex,郑丽,globex995@corp.com,14532813309,US,04/07/2023,B
CRM-997,林芳 Hooli,刘丽,hooli996@qq.com,15377896090,US,2022-05-21,SMB
CRM-998,BlackMesa 徐伟,吴芳,blackmesa997@163.com,19625615691,CN,2023-01-27,SMB
CRM-999,DUNDER MIFFLIN 郭勇,王伟,dundermifflin998@qq.com,12530782726,JP,02/05/2020,A
CRM-1000,Stark 李伟,李敏,stark999@qq.com,19938192743,SG,2020-11-13,C
CRM-1001,Yutani 何艳,胡勇,yutani1000@gmail.com,17642424761,JP,06/16/2020,B
CRM-1002,张杰 Weyland,林秀英,weyland1001@corp.com,13021857009,CN,2024-02-09,C
CRM-1003,Hooli 杨超,杨涛,hooli1002@gmail.com,11315279244,SG,06-07-2023,B
CRM-1004,Stark 李霞,马磊,stark1003@company.cn,16951907770,CN,2024-04-09,SMB
CRM-1005,Cyberdyne 赵娟,杨霞,cyberdyne1004@qq.com,19341453057,JP,2020-03-06,B
CRM-1006,Yutani 郭敏,李霞,yutani1005@company.cn,19106131620,CN,2024-08-17,C
CRM-1007,Weyland 杨明,吴霞,weyland1006@163.com,12755294651,CN,03/07/2021,SMB
CRM-1008,Umbrella 王杰,李强,umbrella1007@qq.com,15776970245,US,07/13/2021,A
CRM-1009,Vandelay 张伟,张静,vandelay1008@gmail.com,15043563770,CN,2024-08-08,SMB
CRM-1010,Tyrell 朱勇,朱平,tyrell1009@corp.com,17050358952,DE,2021-01-09,B
CRM-1011,Weyland 陈敏,罗霞,weyland1010@qq.com,17861094565,CN,05/24/2020,B
CRM-1012,黄霞 Hooli,孙超,hooli1011@qq.com,18016133775,JP,2022-04-24,B
CRM-1013,罗涛 OSCORP,何明,oscorp1012@qq.com,14444774440,JP,2020-02-10,C
CRM-1014,张丽 TYRELL,郑洋,tyrell1013@company.cn,19071120136,DE,2021-11-07,A
CRM-1015,STARK 吴秀英,李静,stark1014@gmail.com,13555340429,US,2020-03-03,A
CRM-1016,马秀英 Acme,赵静,acme1015@outlook.com,17779110202,US,2022-07-14,C
CRM-1017,郑丽 Globex,胡磊,globex1016@corp.com,16911896457,CN,22-11-2020,C
CRM-1018,Prestige 郑磊,马霞,prestige1017@gmail.com,14182133595,SG,2020-05-23,C
CRM-1019,Aperture 陈静,王平,aperture1018@gmail.com,18980156558,JP,05/07/2022,SMB
CRM-1020,胡涛 Acme,赵静,acme1019@outlook.com,13799509078,DE,2020-01-09,C
CRM-1021,Umbrella 周磊,杨芳,umbrella1020@qq.com,18333413069,SG,08/17/2021,C
CRM-1022,周秀英 Tyrell,张洋,tyrell1021@gmail.com,12589425942,US,12/18/2021,C
CRM-1023,郭明 Dunder Mifflin,杨军,dundermifflin1022@gmail.com,16291648137,CN,2023-09-11,A
CRM-1024,CYBERDYNE 胡芳,张丽,cyberdyne1023@corp.com,16175552031,SG,2024-08-02,SMB
CRM-1025,Hooli 马霞,罗超,hooli1024@gmail.com,14078185974,SG,02/17/2023,A
CRM-1026,张艳 Tyrell,郭磊,tyrell1025@company.cn,17994109811,US,2024-10-06,C
CRM-1027,刘平 TYRELL,孙伟,tyrell1026@corp.com,15243224586,CN,01/17/2024,A
CRM-1028,STARK 赵丽,胡静,stark1027@outlook.com,17752979436,CN,2024-12-14,A
CRM-1029,孙涛 WEYLAND,吴涛,weyland1028@163.com,11970648464,US,2022-07-02,A
CRM-1030,刘芳 ACME,郑明,acme1029@outlook.com,15253388721,SG,25-10-2020,SMB
CRM-1031,INITECH 郑霞,李霞,initech1030@qq.com,12463687238,SG,2024-06-18,C
CRM-1032,林超 Weyland,郭涛,weyland1031@163.com,18427819023,JP,2022-10-07,B
CRM-1033,Acme 黄丽,黄涛,acme1032@qq.com,11849251449,SG,2020-04-25,B
CRM-1034,杨娜 Acme,孙超,acme1033@163.com,19491317202,SG,03/07/2024,SMB
CRM-1035,VANDELAY 朱秀英,杨军,vandelay1034@corp.com,11229915285,JP,2021-01-07,B
CRM-1036,黄静 Initech,孙杰,initech1035@corp.com,13658237025,DE,09-03-2024,B
CRM-1037,孙杰 Initech,吴涛,initech1036@163.com,13857414421,CN,2020-06-11,C
CRM-1038,黄芳 Prestige,吴洋,prestige1037@corp.com,15341709836,US,2022-07-25,B
CRM-1039,WAYNE 林娜,吴强,wayne1038@company.cn,11872820592,US,26-07-2024,SMB
CRM-1040,胡杰 Yutani,陈强,yutani1039@company.cn,14831368559,US,2023-11-03,B
CRM-1041,朱静 Umbrella,王秀英,umbrella1040@qq.com,14773081668,SG,18-06-2020,SMB
CRM-1042,林娟 Hooli,何强,hooli1041@outlook.com,15593916093,CN,2022-08-26,A
CRM-1043,周超 BLUTH,张军,bluth1042@corp.com,17797109721,JP,01-05-2023,A
CRM-1044,INITECH 郑霞,郑娜,initech1043@163.com,17491860618,US,09/01/2023,A
CRM-1045,Hooli 吴丽,刘平,hooli1044@163.com,19689068634,US,2023-08-24,A
CRM-1046,刘平 VANDELAY,吴强,vandelay1045@gmail.com,11929516292,US,2024-08-05,A
CRM-1047,Cyberdyne 王艳,王娜,cyberdyne1046@163.com,18192476288,JP,04/07/2021,SMB
CRM-1048,马超 Wayne,胡静,wayne1047@qq.com,14230498907,CN,2021-05-05,SMB
CRM-1049,郑芳 Acme,陈娜,acme1048@qq.com,13369131863,DE,2022-12-24,C
CRM-1050,Weyland 朱芳,杨磊,weyland1049@qq.com,16864240554,CN,05/03/2022,B
CRM-1051,PiedPiper 胡军,吴磊,piedpiper1050@corp.com,11225568960,DE,2024-09-20,B
CRM-1052,Stark 罗伟,吴杰,stark1051@gmail.com,19848717256,SG,2024-09-19,SMB
CRM-1053,CYBERDYNE 何超,吴艳,cyberdyne1052@company.cn,18384442787,CN,01/10/2023,SMB
CRM-1054,赵平 Globex,何静,globex1053@outlook.com,19939468815,US,09/11/2021,SMB
CRM-1055,马超 Umbrella,吴超,umbrella1054@corp.com,14434431917,SG,12/03/2021,B
CRM-1056,郭明 PRESTIGE,杨磊,prestige1055@qq.com,16584505845,CN,17-09-2024,C
CRM-1057,胡杰 Prestige,徐霞,prestige1056@corp.com,19522989370,DE,03/21/2024,C
CRM-1058,罗敏 Hooli,陈丽,hooli1057@163.com,16392374767,JP,2022-10-17,C
CRM-1059,Prestige 何霞,朱丽,prestige1058@corp.com,17423387543,CN,2022-05-16,A
CRM-1060,杨芳 BLACKMESA,徐磊,blackmesa1059@163.com,17430418675,DE,04/12/2022,C
CRM-1061,Initech 杨杰,郭洋,initech1060@company.cn,16378414227,SG,2020-09-03,A
CRM-1062,OSCORP 王敏,张杰,oscorp1061@gmail.com,17387420814,JP,2022-05-04,C
CRM-1063,郭娟 Hooli,杨平,hooli1062@qq.com,16073211082,SG,11/14/2020,B
CRM-1064,徐明 Hooli,王强,hooli1063@gmail.com,17400662504,DE,11/25/2023,B
CRM-1065,杨磊 APERTURE,郑涛,aperture1064@qq.com,19736046791,DE,2024-08-27,SMB
CRM-1066,张艳 Initech,吴洋,initech1065@outlook.com,15394079251,JP,2021-11-17,SMB
CRM-1067,陈洋 Vandelay,刘军,vandelay1066@gmail.com,12821230010,CN,2024-08-03,A
CRM-1068,朱军 Oscorp,徐杰,oscorp1067@gmail.com,12050439712,SG,15-12-2024,B
CRM-1069,王艳 Acme,黄伟,acme1068@outlook.com,15324240963,CN,2021-04-22,SMB
CRM-1070,黄明 BlackMesa,徐平,blackmesa1069@corp.com,16650547336,CN,2022-05-10,SMB
CRM-1071,Initech 张磊,郭洋,initech1070@outlook.com,17649630989,US,2024-07-12,A
CRM-1072,徐杰 ACME,刘平,acme1071@corp.com,12497552287,US,06/17/2022,C
CRM-1073,HOOLI 何杰,马超,hooli1072@corp.com,15007311802,JP,2020-02-01,A
CRM-1074,杨娜 Wayne,杨超,wayne1073@company.cn,11018638165,DE,02/28/2021,SMB
CRM-1075,Oscorp 徐平,何涛,oscorp1074@outlook.com,16493555850,JP,2022-05-27,SMB
CRM-1076,CYBERDYNE 郑静,孙明,cyberdyne1075@qq.com,16667440770,CN,2023-09-20,SMB
CRM-1077,王伟 Weyland,杨艳,weyland1076@corp.com,11407948222,DE,2023-09-02,B
CRM-1078,徐静 Tyrell,何敏,tyrell1077@corp.com,19696390121,SG,2024-06-24,A
CRM-1079,胡娜 Bluth,刘军,bluth1078@qq.com,15585360603,SG,2022-03-02,SMB
CRM-1080,WAYNE 孙涛,陈娜,wayne1079@gmail.com,16628109008,DE,04/08/2021,A
CRM-1081,Stark 赵涛,陈平,stark1080@163.com,12247717929,CN,2021-12-19,B
CRM-1082,王军 APERTURE,徐明,aperture1081@gmail.com,14718449112,US,2020-04-23,A
CRM-1083,王娜 OSCORP,马敏,oscorp1082@qq.com,11317381840,US,2021-12-25,B
CRM-1084,胡静 Hooli,吴芳,hooli1083@gmail.com,11453731502,CN,01/21/2020,A
CRM-1085,Wayne 胡娟,郭强,wayne1084@outlook.com,16067786954,DE,12-10-2022,SMB
CRM-1086,何静 Globex,李娜,globex1085@corp.com,16011804283,SG,2020-03-27,B
CRM-1087,杨平 Acme,郑丽,acme1086@qq.com,14914614369,SG,2020-08-03,SMB
CRM-1088,Hooli 陈娜,陈强,hooli1087@company.cn,16442455540,SG,2020-08-16,A
CRM-1089,ACME 徐强,陈艳,acme1088@corp.com,15237945284,DE,01-01-2023,B
CRM-1090,赵娟 Acme,杨艳,acme1089@outlook.com,15878286598,DE,24-05-2024,B
CRM-1091,UMBRELLA 孙洋,马霞,umbrella1090@163.com,17311842025,CN,2024-11-26,C
CRM-1092,VANDELAY 朱明,郭娟,vandelay1091@company.cn,18536288817,CN,19-02-2023,C
CRM-1093,郑强 Vandelay,林明,vandelay1092@163.com,13364121034,DE,2024-07-11,C
CRM-1094,Weyland 周娟,陈杰,weyland1093@company.cn,11559156136,JP,04/25/2023,A
CRM-1095,马伟 Aperture,李超,aperture1094@outlook.com,19722220842,CN,2023-08-14,SMB
CRM-1096,HOOLI 刘敏,郑伟,hooli1095@corp.com,14905016352,CN,2022-09-17,A
CRM-1097,罗杰 Acme,李超,acme1096@company.cn,13864826328,SG,04/03/2024,A
CRM-1098,郑涛 Dunder Mifflin,李平,dundermifflin1097@gmail.com,14017159278,DE,2022-04-22,A
CRM-1099,Initech 林涛,陈敏,initech1098@outlook.com,19102693923,JP,08/25/2024,A
CRM-1100,Hooli 徐芳,张明,hooli1099@outlook.com,12852554115,SG,2023-02-18,B
CRM-1101,Wayne 陈明,吴超,wayne1100@corp.com,18908259453,US,2023-12-19,A
CRM-1102,王杰 STARK,马秀英,stark1101@corp.com,14977445700,US,2020-05-17,A
CRM-1103,黄涛 Hooli,赵杰,hooli1102@qq.com,16781804119,JP,24-10-2023,A
CRM-1104,李敏 OSCORP,徐超,oscorp1103@qq.com,14854782817,JP,16-03-2020,SMB
CRM-1105,孙杰 Tyrell,罗洋,tyrell1104@gmail.com,18094369328,CN,2024-03-07,A
CRM-1106,林敏 Globex,孙明,globex1105@company.cn,16088912851,US,2021-05-03,SMB
CRM-1107,Acme 吴洋,吴丽,acme1106@163.com,11041277226,CN,2021-10-02,C
CRM-1108,徐磊 Stark,周勇,stark1107@163.com,19281834870,SG,04/15/2021,C
CRM-1109,林丽 PIEDPIPER,李伟,piedpiper1108@163.com,18246938181,JP,13-12-2020,A
CRM-1110,朱霞 INITECH,林军,initech1109@gmail.com,11147484921,SG,2024-09-06,SMB
CRM-1111,Globex 郑娟,林磊,globex1110@qq.com,16703755659,CN,2020-02-14,A
CRM-1112,BLACKMESA 何娜,杨霞,blackmesa1111@outlook.com,15644443597,US,04-01-2022,A
CRM-1113,Aperture 何娜,孙静,aperture1112@163.com,12053849345,CN,2024-09-12,C
CRM-1114,Umbrella 郭平,徐敏,umbrella1113@corp.com,18145467880,JP,2020-12-15,C
CRM-1115,马芳 Aperture,刘娟,aperture1114@gmail.com,13933142659,DE,2020-09-13,B
CRM-1116,Stark 郭秀英,何芳,stark1115@company.cn,17229357962,US,06/12/2020,C
CRM-1117,黄秀英 Weyland,王敏,weyland1116@corp.com,15234333296,CN,2020-07-03,SMB
CRM-1118,Stark 李明,赵霞,stark1117@qq.com,16707862578,CN,05/10/2021,SMB
CRM-1119,Globex 黄娟,赵娜,globex1118@company.cn,12652428052,CN,2021-08-24,C
CRM-1120,朱平 Hooli,徐秀英,hooli1119@outlook.com,12136959473,JP,2022-05-03,A
CRM-1121,黄军 Yutani,林强,yutani1120@corp.com,19365876273,US,2020-05-27,A
CRM-1122,Weyland 孙明,王霞,weyland1121@outlook.com,15870016019,CN,02/05/2020,B
CRM-1123,刘超 WAYNE,朱强,wayne1122@corp.com,16210232302,DE,2023-08-02,C
CRM-1124,YUTANI 陈娟,郭静,yutani1123@company.cn,12943398357,SG,2024-11-05,B
CRM-1125,郭明 Weyland,刘艳,weyland1124@163.com,15716691250,CN,2022-07-04,SMB
CRM-1126,BlackMesa 胡勇,马洋,blackmesa1125@company.cn,17219964218,SG,2023-01-19,A
CRM-1127,Yutani 王伟,孙霞,yutani1126@company.cn,14057963346,SG,07/24/2023,B
CRM-1128,徐丽 Prestige,杨丽,prestige1127@gmail.com,17045486015,JP,2024-01-03,SMB
CRM-1129,杨敏 BlackMesa,何秀英,blackmesa1128@company.cn,16788381154,DE,12/13/2022,C
CRM-1130,王平 WAYNE,林明,wayne1129@corp.com,19111292167,US,2024-10-11,C
CRM-1131,BLUTH 吴强,胡娟,bluth1130@corp.com,18217886316,JP,2024-09-07,SMB
CRM-1132,王娟 ACME,吴秀英,acme1131@outlook.com,19332126752,CN,2022-02-02,B
CRM-1133,罗平 Hooli,罗涛,hooli1132@company.cn,15790103026,CN,2021-05-18,C
CRM-1134,HOOLI 王静,黄军,hooli1133@company.cn,15281958503,US,11-01-2020,C
CRM-1135,李军 Oscorp,孙洋,oscorp1134@163.com,18671058647,JP,08/06/2020,C
CRM-1136,王娟 Umbrella,周洋,umbrella1135@corp.com,16084299156,SG,04/12/2023,C
CRM-1137,Prestige 郭洋,陈超,prestige1136@gmail.com,16209374020,DE,01/06/2022,B
CRM-1138,罗勇 Aperture,何洋,aperture1137@qq.com,19574567247,US,2020-12-02,C
CRM-1139,朱磊 Hooli,郑艳,hooli1138@qq.com,17834117705,CN,14-12-2023,B
CRM-1140,UMBRELLA 孙明,朱秀英,umbrella1139@gmail.com,18174358410,SG,2024-01-28,A
CRM-1141,郭超 Initech,林超,initech1140@163.com,14536760739,US,12/05/2020,B
CRM-1142,Bluth 刘平,刘涛,bluth1141@qq.com,11919540687,SG,2022-09-09,SMB
CRM-1143,Vandelay 赵军,李明,vandelay1142@163.com,14692964883,JP,2021-05-04,C
CRM-1144,Weyland 周涛,杨艳,weyland1143@163.com,13911406693,SG,02/12/2021,A
CRM-1145,Umbrella 王霞,郑涛,umbrella1144@gmail.com,11863159036,US,2020-12-19,SMB
CRM-1146,吴勇 Weyland,朱洋,weyland1145@163.com,19690034690,CN,2024-08-26,C
CRM-1147,刘平 Dunder Mifflin,王艳,dundermifflin1146@corp.com,12701339144,US,03-02-2024,B
CRM-1148,陈军 Umbrella,徐勇,umbrella1147@qq.com,17011432469,JP,21-10-2024,A
CRM-1149,罗芳 Wayne,张丽,wayne1148@qq.com,12027296180,CN,21-12-2024,C
CRM-1150,周平 Weyland,胡洋,weyland1149@163.com,18216581011,CN,28-12-2024,C
CRM-1151,Hooli 林艳,何杰,hooli1150@gmail.com,16625736940,JP,02/03/2024,A
CRM-1152,黄洋 Yutani,孙敏,yutani1151@163.com,19173866634,DE,2022-05-07,A
CRM-1153,杨伟 APERTURE,徐杰,aperture1152@company.cn,15416101842,US,05/21/2023,B
CRM-1154,李超 Acme,周洋,acme1153@gmail.com,17888821601,US,2023-07-27,C
CRM-1155,何敏 Weyland,胡静,weyland1154@qq.com,17038977863,US,09-04-2021,SMB
CRM-1156,郑磊 Yutani,郭勇,yutani1155@outlook.com,15002138560,DE,2021-10-27,B
CRM-1157,吴勇 Vandelay,张敏,vandelay1156@qq.com,18225031136,DE,2020-08-08,SMB
CRM-1158,Yutani 何芳,徐涛,yutani1157@163.com,17625665360,SG,2020-06-09,A
CRM-1159,Oscorp 林勇,吴杰,oscorp1158@company.cn,15026378565,CN,2023-02-25,A
CRM-1160,Weyland 黄杰,赵芳,weyland1159@gmail.com,11512353099,DE,2021-08-24,A
CRM-1161,陈伟 Vandelay,林明,vandelay1160@163.com,13288877022,SG,05/26/2024,B
CRM-1162,Initech 杨芳,杨敏,initech1161@company.cn,13487904640,CN,2021-10-01,B
CRM-1163,PIEDPIPER 张霞,杨强,piedpiper1162@corp.com,11061201404,DE,01/03/2023,A
CRM-1164,Tyrell 朱霞,王杰,tyrell1163@qq.com,11589780001,SG,2023-05-19,C
CRM-1165,杨磊 Initech,杨敏,initech1164@corp.com,17813893109,CN,06/22/2023,A
CRM-1166,胡军 Hooli,杨娜,hooli1165@company.cn,18410534648,DE,2024-07-18,A
CRM-1167,徐平 STARK,罗秀英,stark1166@corp.com,15020082063,US,04-07-2021,C
CRM-1168,郑勇 HOOLI,马秀英,hooli1167@corp.com,16635755791,US,2022-08-11,C
CRM-1169,郑静 Dunder Mifflin,罗军,dundermifflin1168@outlook.com,14570193670,CN,2020-11-12,B
CRM-1170,PiedPiper 郭磊,孙涛,piedpiper1169@corp.com,14009178666,JP,2020-09-27,SMB
CRM-1171,林涛 Acme,林娜,acme1170@outlook.com,12287401364,JP,02/09/2021,A
CRM-1172,UMBRELLA 王敏,王洋,umbrella1171@outlook.com,14806702521,JP,2024-03-06,SMB
CRM-1173,周平 BLUTH,马强,bluth1172@qq.com,18681057537,CN,12/11/2022,C
CRM-1174,PRESTIGE 刘丽,罗丽,prestige1173@qq.com,15917449796,CN,03-02-2021,SMB
CRM-1175,Dunder Mifflin 刘磊,马伟,dundermifflin1174@outlook.com,17714329175,SG,2021-03-21,C
CRM-1176,孙芳 BlackMesa,郑伟,blackmesa1175@gmail.com,15135353947,US,2023-10-01,C
CRM-1177,Stark 周勇,吴洋,stark1176@corp.com,17553275288,SG,2024-12-11,SMB
CRM-1178,刘洋 GLOBEX,孙强,globex1177@corp.com,15430476615,CN,03-02-2020,SMB
CRM-1179,Acme 杨霞,林强,acme1178@qq.com,16460497693,JP,2023-01-08,B
CRM-1180,Stark 杨洋,吴娟,stark1179@outlook.com,17869875403,SG,2022-06-13,B
CRM-1181,张涛 PiedPiper,陈娟,piedpiper1180@outlook.com,16124687484,JP,08/08/2021,C
CRM-1182,马敏 BLUTH,陈伟,bluth1181@outlook.com,17250687368,DE,07/05/2023,A
CRM-1183,Vandelay 刘磊,陈丽,vandelay1182@corp.com,13443503773,SG,2020-04-20,SMB
CRM-1184,TYRELL 郑伟,刘超,tyrell1183@outlook.com,11990852848,JP,2021-06-19,B
CRM-1185,林超 Prestige,郭秀英,prestige1184@qq.com,18960964645,CN,2020-11-21,C
CRM-1186,何磊 Vandelay,胡霞,vandelay1185@outlook.com,11714477030,JP,2021-11-19,B
CRM-1187,吴超 Vandelay,周平,vandelay1186@corp.com,19316273650,DE,2023-10-23,B
CRM-1188,郭涛 Vandelay,何丽,vandelay1187@qq.com,13578384408,SG,02-05-2023,A
CRM-1189,BlackMesa 郑敏,徐磊,blackmesa1188@163.com,11794554026,DE,2021-04-19,C
CRM-1190,Weyland 胡军,王秀英,weyland1189@outlook.com,14317376240,DE,2024-06-07,SMB
CRM-1191,Yutani 吴敏,黄涛,yutani1190@gmail.com,13202261649,CN,2021-06-28,C
CRM-1192,何霞 Tyrell,罗洋,tyrell1191@163.com,11852651352,US,2023-04-18,B
CRM-1193,Prestige 朱明,王平,prestige1192@gmail.com,13086807626,JP,2021-03-17,B
CRM-1194,Vandelay 郑霞,朱洋,vandelay1193@company.cn,15592250381,DE,03/02/2022,SMB
CRM-1195,徐娟 Aperture,刘秀英,aperture1194@163.com,16034757888,CN,2024-04-21,A
CRM-1196,陈娟 Cyberdyne,朱霞,cyberdyne1195@outlook.com,18304389780,US,2024-09-07,SMB
CRM-1197,Vandelay 胡磊,胡芳,vandelay1196@outlook.com,14650377030,CN,2024-04-07,SMB
CRM-1198,ACME 王伟,张杰,acme1197@corp.com,18240234628,CN,2021-08-19,B
CRM-1199,郑磊 TYRELL,赵明,tyrell1198@outlook.com,13219683081,CN,15-03-2020,C
CRM-1200,朱静 YUTANI,徐明,yutani1199@corp.com,18952905755,US,10/16/2020,C
