account_id,account_name,account_email,billing_country,signup_date,plan
SAAS-1,王洋 TYRELL,tyrell0@corp.com,US,06/06/2020,basic
SAAS-2,胡磊 VANDELAY,vandelay1@163.com,US,2021-12-07,enterprise
SAAS-3,APERTURE 胡平,aperture2@qq.com,CN,2022-03-06,basic
SAAS-4,HOOLI 张涛,hooli3@qq.com,SG,03/06/2022,pro
SAAS-5,吴艳 HOOLI,hooli4@163.com,US,01/11/2021,pro
SAAS-6,刘勇 VANDELAY,vandelay5@gmail.com,US,2024-05-23,pro
SAAS-7,何丽wayne,wayne6@outlook.com,DE,09/24/2020,pro
SAAS-8,umbrella郑平,umbrella7@corp.com,DE,2024-04-14,pro
SAAS-9,李芳 ACME,acme8@outlook.com,DE,2023-01-28,basic
SAAS-10,prestige朱霞,prestige9@qq.com,DE,11/12/2021,enterprise
SAAS-11,何霞 UMBRELLA,umbrella10@corp.com,CN,08/12/2021,pro
SAAS-12,oscorp吴超,oscorp11@company.cn,CN,2023-09-26,enterprise
SAAS-13,PRESTIGE 林霞,prestige12@qq.com,SG,2022-07-19,basic
SAAS-14,陈伟 GLOBEX,globex13@company.cn,US,05/14/2020,pro
SAAS-15,杨秀英acme,acme14@company.cn,SG,17-02-2024,pro
SAAS-16,APERTURE 吴静,aperture15@company.cn,SG,11-07-2020,enterprise
SAAS-17,赵娜 APERTURE,aperture16@gmail.com,JP,2024-09-03,enterprise
SAAS-18,何超 CYBERDYNE,cyberdyne17@qq.com,JP,10/03/2024,basic
SAAS-19,vandelay马超,vandelay18@gmail.com,CN,10/22/2024,basic
SAAS-20,黄霞hooli,hooli19@outlook.com,US,2020-10-06,enterprise
SAAS-21,weyland何娟,weyland20@qq.com,JP,10-10-2024,enterprise
SAAS-22,vandelay陈伟,vandelay21@outlook.com,JP,2023-08-28,basic
SAAS-23,APERTURE 刘敏,aperture22@corp.com,CN,2022-01-10,enterprise
SAAS-24,TYRELL 徐涛,tyrell23@qq.com,CN,12/21/2022,enterprise
SAAS-25,陈丽 HOOLI,hooli24@company.cn,JP,2021-10-12,enterprise
SAAS-26,CYBERDYNE 李军,cyberdyne25@outlook.com,CN,2024-06-16,pro
SAAS-27,hooli黄超,hooli26@outlook.com,CN,2022-05-16,enterprise
SAAS-28,吴洋 APERTURE,aperture27@outlook.com,JP,2022-06-26,pro
SAAS-29,dundermifflin赵明,dundermifflin28@163.com,US,03-05-2020,pro
SAAS-30,wayne郭强,wayne29@gmail.com,JP,2023-09-23,pro
SAAS-31,wayne罗霞,wayne30@company.cn,SG,2022-01-05,pro
SAAS-32,王娜 VANDELAY,vandelay31@gmail.com,US,04/19/2020,enterprise
SAAS-33,wayne朱涛,wayne32@company.cn,US,2023-08-14,basic
SAAS-34,吴涛 HOOLI,hooli33@gmail.com,DE,2020-02-07,basic
SAAS-35,ACME 孙强,acme34@163.com,CN,03/21/2021,pro
SAAS-36,黄伟prestige,prestige35@corp.com,JP,02/06/2022,basic
SAAS-37,赵磊 PIEDPIPER,piedpiper36@corp.com,US,2021-05-17,enterprise
SAAS-38,hooli马强,hooli37@163.com,US,19-04-2024,pro
SAAS-39,何敏weyland,weyland38@corp.com,SG,2023-04-28,pro
SAAS-40,刘涛 DUNDER MIFFLIN,dundermifflin39@corp.com,DE,2020-03-27,basic
SAAS-41,cyberdyne李娜,cyberdyne40@outlook.com,JP,2024-09-18,enterprise
SAAS-42,cyberdyne罗强,cyberdyne41@gmail.com,CN,2020-08-06,basic
SAAS-43,朱娟tyrell,tyrell42@qq.com,SG,2023-07-16,basic
SAAS-44,WEYLAND 赵军,weyland43@gmail.com,DE,2024-03-25,enterprise
SAAS-45,bluth何军,bluth44@163.com,JP,2023-12-09,pro
SAAS-46,GLOBEX 杨艳,globex45@163.com,DE,2021-08-05,basic
SAAS-47,黄杰weyland,weyland46@corp.com,JP,02/24/2021,pro
SAAS-48,PIEDPIPER 郭艳,piedpiper47@163.com,DE,10/04/2023,enterprise
SAAS-49,VANDELAY 刘超,vandelay48@corp.com,DE,2020-11-23,enterprise
SAAS-50,ACME 李杰,acme49@corp.com,CN,2021-05-03,enterprise
SAAS-51,HOOLI 周艳,hooli50@corp.com,SG,07/26/2021,enterprise
SAAS-52,罗芳hooli,hooli51@company.cn,CN,2020-06-03,pro
SAAS-53,周洋wayne,wayne52@company.cn,SG,01-07-2020,basic
SAAS-54,何涛dundermifflin,dundermifflin53@163.com,SG,2023-06-10,basic
SAAS-55,dundermifflin黄军,dundermifflin54@163.com,DE,2020-07-17,basic
SAAS-56,何艳stark,stark55@gmail.com,US,12/11/2021,basic
SAAS-57,何勇 YUTANI,yutani56@163.com,US,09-09-2021,enterprise
SAAS-58,黄军 YUTANI,yutani57@company.cn,CN,2023-01-19,enterprise
SAAS-59,郭强initech,initech58@gmail.com,SG,2021-06-22,enterprise
SAAS-60,胡敏 UMBRELLA,umbrella59@163.com,DE,21-01-2024,basic
SAAS-61,INITECH 朱洋,initech60@company.cn,DE,2020-02-02,enterprise
SAAS-62,黄娟 WAYNE,wayne61@qq.com,US,10/12/2024,basic
SAAS-63,oscorp黄娟,oscorp62@163.com,DE,2023-10-03,enterprise
SAAS-64,何磊 HOOLI,hooli63@qq.com,DE,2020-04-24,enterprise
SAAS-65,郑娟acme,acme64@corp.com,DE,2022-10-13,enterprise
SAAS-66,acme郭娟,acme65@company.cn,JP,2020-02-01,enterprise
SAAS-67,tyrell王娜,tyrell66@corp.com,DE,2024-05-17,pro
SAAS-68,罗明umbrella,umbrella67@163.com,US,2023-06-16,pro
SAAS-69,TYRELL 朱秀英,tyrell68@outlook.com,CN,2020-02-22,enterprise
SAAS-70,VANDELAY 孙强,vandelay69@qq.com,JP,16-04-2020,enterprise
SAAS-71,DUNDER MIFFLIN 周伟,dundermifflin70@qq.com,DE,2022-03-22,basic
SAAS-72,刘明acme,acme71@company.cn,US,04/16/2021,basic
SAAS-73,WAYNE 郑秀英,wayne72@qq.com,SG,2024-02-03,basic
SAAS-74,initech朱磊,initech73@corp.com,DE,2024-03-11,basic
SAAS-75,孙娜 STARK,stark74@company.cn,CN,2023-10-23,basic
SAAS-76,PRESTIGE 杨军,prestige75@gmail.com,SG,20-08-2022,pro
SAAS-77,VANDELAY 黄超,vandelay76@qq.com,JP,26-08-2023,pro
SAAS-78,GLOBEX 郑静,globex77@outlook.com,JP,18-12-2022,pro
SAAS-79,罗磊 PRESTIGE,prestige78@corp.com,CN,2020-09-24,pro
SAAS-80,UMBRELLA 林洋,umbrella79@outlook.com,CN,01/15/2022,basic
SAAS-81,HOOLI 刘杰,hooli80@outlook.com,CN,09/03/2022,basic
SAAS-82,王娜 YUTANI,yutani81@qq.com,CN,2023-10-05,basic
SAAS-83,郑秀英 YUTANI,yutani82@company.cn,DE,2021-07-18,enterprise
SAAS-84,林洋 GLOBEX,globex83@163.com,DE,11/03/2020,basic
SAAS-85,胡强blackmesa,blackmesa84@corp.com,DE,2024-01-12,pro
SAAS-86,马平yutani,yutani85@qq.com,US,2023-02-05,pro
SAAS-87,WAYNE 林勇,wayne86@company.cn,US,2024-09-08,basic
SAAS-88,赵娟bluth,bluth87@outlook.com,JP,23-10-2024,basic
SAAS-89,杨平initech,initech88@gmail.com,SG,09/25/2021,pro
SAAS-90,陈静vandelay,vandelay89@qq.com,DE,2020-02-20,pro
SAAS-91,prestige郭霞,prestige90@gmail.com,DE,2022-08-19,pro
SAAS-92,PIEDPIPER 黄静,piedpiper91@outlook.com,DE,2023-05-17,enterprise
SAAS-93,吴明 STARK,stark92@gmail.com,US,11/18/2024,enterprise
SAAS-94,周霞 STARK,stark93@gmail.com,US,05/25/2023,pro
SAAS-95,马磊initech,initech94@company.cn,SG,05-03-2021,basic
SAAS-96,李娜weyland,weyland95@163.com,US,08/25/2022,enterprise
SAAS-97,郑艳prestige,prestige96@qq.com,DE,26-09-2021,basic
SAAS-98,刘军 APERTURE,aperture97@gmail.com,US,12-10-2023,enterprise
SAAS-99,GLOBEX 徐洋,globex98@corp.com,DE,13-09-2024,enterprise
SAAS-100,马娜initech,initech99@gmail.com,CN,2023-02-07,basic
SAAS-101,罗秀英 PIEDPIPER,piedpiper100@qq.com,CN,16-04-2022,pro
SAAS-102,oscorp吴强,oscorp101@qq.com,DE,2024-03-01,enterprise
SAAS-103,YUTANI 罗芳,yutani102@corp.com,SG,2024-11-17,basic
SAAS-104,hooli赵超,hooli103@qq.com,CN,2020-06-08,pro
SAAS-105,周芳aperture,aperture104@gmail.com,JP,2020-10-27,basic
SAAS-106,prestige刘涛,prestige105@corp.com,SG,25-01-2022,basic
SAAS-107,ACME 马超,acme106@corp.com,JP,2021-11-20,basic
SAAS-108,hooli杨涛,hooli107@corp.com,SG,2020-04-02,enterprise
SAAS-109,PRESTIGE 陈杰,prestige108@outlook.com,US,24-08-2023,pro
SAAS-110,initech郭伟,initech109@outlook.com,US,24-01-2022,basic
SAAS-111,李霞vandelay,vandelay110@gmail.com,US,2024-07-25,pro
SAAS-112,孙洋 CYBERDYNE,cyberdyne111@163.com,US,2023-05-20,pro
SAAS-113,刘平cyberdyne,cyberdyne112@outlook.com,DE,10/12/2023,enterprise
SAAS-114,罗平umbrella,umbrella113@gmail.com,SG,2024-12-24,enterprise
SAAS-115,朱霞vandelay,vandelay114@163.com,CN,2022-02-26,pro
SAAS-116,林芳 TYRELL,tyrell115@qq.com,CN,2024-04-08,basic
SAAS-117,郭洋 INITECH,initech116@qq.com,JP,2024-02-13,enterprise
SAAS-118,initech杨磊,initech117@corp.com,SG,2023-04-17,basic
SAAS-119,VANDELAY 郑秀英,vandelay118@corp.com,DE,18-07-2022,basic
SAAS-120,BLACKMESA 郭涛,blackmesa119@qq.com,SG,11/19/2024,enterprise
SAAS-121,Aperture 王军,saas120@163.com,US,04/05/2023,basic
SAAS-122,BlackMesa 何磊,saas121@outlook.com,US,2020-01-24,enterprise
SAAS-123,PiedPiper 郭杰,saas122@163.com,US,09/15/2021,basic
SAAS-124,Vandelay 郭丽,saas123@gmail.com,US,2024-06-24,pro
SAAS-125,Prestige 陈勇,saas124@outlook.com,US,01/20/2022,enterprise
SAAS-126,Vandelay 黄丽,saas125@corp.com,US,01/23/2023,enterprise
SAAS-127,Tyrell 孙强,saas126@163.com,US,07-08-2024,enterprise
SAAS-128,DUNDER MIFFLIN 朱丽,saas127@outlook.com,US,2020-10-25,pro
SAAS-129,Dunder Mifflin 赵静,saas128@qq.com,US,12-09-2024,basic
SAAS-130,UMBRELLA 马勇,saas129@qq.com,US,2024-03-28,pro
SAAS-131,Umbrella 刘娜,saas130@corp.com,US,2024-10-04,basic
SAAS-132,Umbrella 刘娟,saas131@qq.com,US,2022-01-12,pro
SAAS-133,PIEDPIPER 黄丽,saas132@163.com,US,2024-10-02,basic
SAAS-134,Hooli 孙丽,saas133@corp.com,US,2021-01-19,basic
SAAS-135,Cyberdyne 朱军,saas134@gmail.com,US,2020-12-08,basic
SAAS-136,Dunder Mifflin 刘杰,saas135@163.com,US,2021-11-10,pro
SAAS-137,Vandelay 杨丽,saas136@corp.com,US,12/16/2023,enterprise
SAAS-138,HOOLI 郭丽,saas137@gmail.com,US,2021-12-12,pro
SAAS-139,Wayne 胡勇,saas138@163.com,US,2024-05-05,pro
SAAS-140,Globex 马娟,saas139@company.cn,US,18-01-2020,pro
SAAS-141,PiedPiper 胡娜,saas140@163.com,US,2024-01-24,basic
SAAS-142,Wayne 杨平,saas141@company.cn,US,07/27/2023,pro
SAAS-143,Prestige 何杰,saas142@company.cn,US,09/09/2022,basic
SAAS-144,Hooli 吴娟,saas143@gmail.com,US,2024-03-26,basic
SAAS-145,Umbrella 徐丽,saas144@qq.com,US,2020-04-08,basic
SAAS-146,Hooli 杨静,saas145@corp.com,US,2023-07-05,pro
SAAS-147,PiedPiper 郭洋,saas146@company.cn,US,2022-03-23,pro
SAAS-148,Umbrella 胡艳,saas147@gmail.com,US,2024-03-02,basic
SAAS-149,Initech 黄勇,saas148@163.com,US,2024-12-16,enterprise
SAAS-150,Bluth 杨超,saas149@163.com,US,2021-02-03,pro
SAAS-151,Weyland 郭平,saas150@163.com,US,2024-12-14,pro
SAAS-152,Umbrella 罗丽,saas151@qq.com,US,24-11-2020,basic
SAAS-153,Cyberdyne 林杰,saas152@company.cn,US,12-04-2023,basic
SAAS-154,Globex 郭敏,saas153@outlook.com,US,01-10-2020,enterprise
SAAS-155,Vandelay 马杰,saas154@163.com,US,2023-05-13,basic
SAAS-156,Aperture 张秀英,saas155@company.cn,US,2022-05-23,enterprise
SAAS-157,TYRELL 李芳,saas156@qq.com,US,2024-01-23,enterprise
SAAS-158,Tyrell 徐杰,saas157@corp.com,US,2022-04-05,enterprise
SAAS-159,PIEDPIPER 刘娟,saas158@corp.com,US,2022-11-20,enterprise
SAAS-160,UMBRELLA 张涛,saas159@gmail.com,US,2021-01-09,pro
SAAS-161,Weyland 林杰,saas160@gmail.com,US,05-09-2022,pro
SAAS-162,Hooli 周勇,saas161@gmail.com,US,2021-07-18,enterprise
SAAS-163,Acme 王平,saas162@corp.com,US,09-12-2021,basic
SAAS-164,WEYLAND 黄霞,saas163@outlook.com,US,2021-09-28,pro
SAAS-165,Acme 罗秀英,saas164@gmail.com,US,22-04-2024,enterprise
SAAS-166,Hooli 马霞,saas165@gmail.com,US,01/20/2024,basic
SAAS-167,Cyberdyne 刘杰,saas166@gmail.com,US,2020-12-05,enterprise
SAAS-168,BlackMesa 黄勇,saas167@gmail.com,US,2023-02-15,enterprise
SAAS-169,CYBERDYNE 张勇,saas168@gmail.com,US,2024-10-25,basic
SAAS-170,APERTURE 徐芳,saas169@163.com,US,03/19/2024,enterprise
SAAS-171,Umbrella 朱敏,saas170@163.com,US,2021-06-04,enterprise
SAAS-172,Umbrella 何霞,saas171@outlook.com,US,2023-08-18,pro
SAAS-173,Wayne 黄秀英,saas172@gmail.com,US,2024-10-14,enterprise
SAAS-174,Initech 郭伟,saas173@qq.com,US,2024-01-01,pro
SAAS-175,BlackMesa 郑杰,saas174@company.cn,US,01/12/2022,enterprise
SAAS-176,Hooli 王平,saas175@corp.com,US,2024-02-20,enterprise
SAAS-177,Wayne 周平,saas176@outlook.com,US,2023-11-19,pro
SAAS-178,Yutani 徐磊,saas177@outlook.com,US,2023-02-05,pro
SAAS-179,UMBRELLA 何涛,saas178@corp.com,US,02-04-2020,basic
SAAS-180,PiedPiper 李敏,saas179@qq.com,US,2021-08-21,basic
SAAS-181,VANDELAY 何艳,saas180@outlook.com,US,17-03-2021,enterprise
SAAS-182,Hooli 李静,saas181@outlook.com,US,2020-08-16,pro
SAAS-183,BLUTH 李芳,saas182@corp.com,US,2024-05-08,basic
SAAS-184,WEYLAND 徐强,saas183@corp.com,US,10/02/2021,pro
SAAS-185,Dunder Mifflin 孙杰,saas184@company.cn,US,2020-11-18,basic
SAAS-186,CYBERDYNE 李明,saas185@company.cn,US,28-02-2021,basic
SAAS-187,HOOLI 徐超,saas186@gmail.com,US,07/24/2023,pro
SAAS-188,Globex 朱秀英,saas187@corp.com,US,23-07-2021,basic
SAAS-189,Wayne 李平,saas188@company.cn,US,2020-09-16,pro
SAAS-190,ACME 周磊,saas189@corp.com,US,2020-02-18,pro
SAAS-191,Globex 吴涛,saas190@163.com,US,08/08/2021,pro
SAAS-192,HOOLI 朱丽,saas191@gmail.com,US,05/02/2024,basic
SAAS-193,CYBERDYNE 罗涛,saas192@qq.com,US,2021-02-04,pro
SAAS-194,Vandelay 刘秀英,saas193@gmail.com,US,2022-08-10,pro
SAAS-195,Acme 黄明,saas194@163.com,US,03-05-2021,pro
SAAS-196,Bluth 刘明,saas195@gmail.com,US,2023-01-11,basic
SAAS-197,HOOLI 郑丽,saas196@corp.com,US,2020-06-25,basic
SAAS-198,INITECH 何明,saas197@company.cn,US,07-02-2020,basic
SAAS-199,OSCORP 林敏,saas198@corp.com,US,2021-03-09,basic
SAAS-200,Cyberdyne 刘超,saas199@company.cn,US,2022-04-14,basic
SAAS-201,BlackMesa 郭涛,saas200@gmail.com,US,2023-05-07,enterprise
SAAS-202,Aperture 郑平,saas201@corp.com,US,2021-01-11,pro
SAAS-203,TYRELL 胡艳,saas202@company.cn,US,2024-02-16,basic
SAAS-204,Cyberdyne 罗芳,saas203@163.com,US,2023-05-20,pro
SAAS-205,Initech 王强,saas204@gmail.com,US,2020-09-03,enterprise
SAAS-206,Acme 罗强,saas205@corp.com,US,22-06-2023,pro
SAAS-207,Globex 王伟,saas206@gmail.com,US,06/10/2023,pro
SAAS-208,BlackMesa 胡明,saas207@corp.com,US,2023-05-02,basic
SAAS-209,Hooli 罗勇,saas208@gmail.com,US,06-06-2023,enterprise
SAAS-210,Tyrell 李艳,saas209@outlook.com,US,18-04-2021,pro
SAAS-211,HOOLI 徐静,saas210@gmail.com,US,14-01-2021,enterprise
SAAS-212,Vandelay 陈明,saas211@163.com,US,12/08/2021,pro
SAAS-213,PiedPiper 郑伟,saas212@outlook.com,US,2023-03-05,enterprise
SAAS-214,Tyrell 周娟,saas213@gmail.com,US,2021-05-26,pro
SAAS-215,STARK 王艳,saas214@company.cn,US,03-11-2023,basic
SAAS-216,Acme 吴洋,saas215@163.com,US,2020-08-22,pro
SAAS-217,YUTANI 何明,saas216@corp.com,US,2020-01-01,pro
SAAS-218,Hooli 吴芳,saas217@gmail.com,US,25-12-2020,basic
SAAS-219,Aperture 周伟,saas218@qq.com,US,08/18/2024,basic
SAAS-220,UMBRELLA 郭伟,saas219@163.com,US,2021-03-27,pro
SAAS-221,Prestige 徐艳,saas220@qq.com,US,2024-12-18,basic
SAAS-222,HOOLI 胡明,saas221@company.cn,US,2022-07-15,enterprise
SAAS-223,Tyrell 孙艳,saas222@163.com,US,2022-05-09,basic
SAAS-224,Hooli 徐伟,saas223@gmail.com,US,2024-05-28,pro
SAAS-225,Yutani 何霞,saas224@qq.com,US,2020-10-06,pro
SAAS-226,CYBERDYNE 周丽,saas225@corp.com,US,2023-02-05,pro
SAAS-227,Initech 王秀英,saas226@outlook.com,US,2022-06-23,enterprise
SAAS-228,CYBERDYNE 郑丽,saas227@163.com,US,25-06-2024,basic
SAAS-229,Aperture 郑磊,saas228@163.com,US,2022-04-03,pro
SAAS-230,Hooli 徐丽,saas229@163.com,US,2021-01-03,basic
SAAS-231,Umbrella 刘静,saas230@company.cn,US,20-02-2024,basic
SAAS-232,Globex 孙军,saas231@company.cn,US,2023-10-04,pro
SAAS-233,Umbrella 孙洋,saas232@gmail.com,US,09-06-2023,pro
SAAS-234,Weyland 罗霞,saas233@qq.com,US,11/06/2020,enterprise
SAAS-235,Bluth 刘芳,saas234@corp.com,US,11/24/2020,enterprise
SAAS-236,Oscorp 马敏,saas235@gmail.com,US,06-04-2024,pro
SAAS-237,Oscorp 张平,saas236@gmail.com,US,2022-04-22,basic
SAAS-238,HOOLI 郑勇,saas237@163.com,US,2020-10-19,pro
SAAS-239,Yutani 徐秀英,saas238@corp.com,US,05/18/2021,enterprise
SAAS-240,TYRELL 吴娜,saas239@gmail.com,US,2022-07-20,basic
SAAS-241,Bluth 林勇,saas240@outlook.com,US,2022-05-25,enterprise
SAAS-242,Yutani 林涛,saas241@outlook.com,US,14-04-2020,enterprise
SAAS-243,WAYNE 何伟,saas242@gmail.com,US,2021-12-25,basic
SAAS-244,Cyberdyne 朱丽,saas243@gmail.com,US,2020-11-04,enterprise
SAAS-245,PRESTIGE 赵军,saas244@gmail.com,US,01/11/2024,pro
SAAS-246,Dunder Mifflin 李丽,saas245@gmail.com,US,2022-06-20,enterprise
SAAS-247,Yutani 赵丽,saas246@gmail.com,US,2024-03-23,pro
SAAS-248,Cyberdyne 赵娟,saas247@gmail.com,US,2022-06-24,pro
SAAS-249,Dunder Mifflin 张平,saas248@corp.com,US,04/25/2023,enterprise
SAAS-250,Oscorp 何丽,saas249@outlook.com,US,2023-04-12,basic
SAAS-251,TYRELL 罗军,saas250@gmail.com,US,12/13/2021,basic
SAAS-252,Yutani 朱强,saas251@qq.com,US,2024-02-04,enterprise
SAAS-253,WAYNE 胡艳,saas252@corp.com,US,24-12-2024,basic
SAAS-254,Dunder Mifflin 李明,saas253@qq.com,US,2022-10-01,pro
SAAS-255,PiedPiper 朱洋,saas254@company.cn,US,08/06/2024,pro
SAAS-256,HOOLI 马平,saas255@outlook.com,US,03/22/2020,pro
SAAS-257,GLOBEX 郭敏,saas256@outlook.com,US,2023-07-28,enterprise
SAAS-258,Oscorp 孙杰,saas257@gmail.com,US,2022-08-08,pro
SAAS-259,WAYNE 刘静,saas258@qq.com,US,2023-11-09,enterprise
SAAS-260,Prestige 李霞,saas259@gmail.com,US,2021-02-18,pro
SAAS-261,Acme 徐平,saas260@163.com,US,2020-12-01,basic
SAAS-262,Dunder Mifflin 王超,saas261@163.com,US,03-01-2022,pro
SAAS-263,Umbrella 郑平,saas262@gmail.com,US,2020-12-03,pro
SAAS-264,PiedPiper 胡杰,saas263@outlook.com,US,05/27/2022,enterprise
SAAS-265,CYBERDYNE 朱超,saas264@gmail.com,US,2020-09-22,basic
SAAS-266,Hooli 陈涛,saas265@qq.com,US,05-01-2022,basic
SAAS-267,BlackMesa 张强,saas266@corp.com,US,04/07/2020,enterprise
SAAS-268,Tyrell 郑伟,saas267@163.com,US,05/07/2023,enterprise
SAAS-269,Bluth 黄娜,saas268@corp.com,US,08/27/2020,enterprise
SAAS-270,PRESTIGE 徐超,saas269@company.cn,US,10-02-2021,basic
SAAS-271,Bluth 吴芳,saas270@company.cn,US,2020-06-09,pro
SAAS-272,Oscorp 胡霞,saas271@163.com,US,16-10-2020,basic
SAAS-273,APERTURE 郭明,saas272@163.com,US,2023-09-06,pro
SAAS-274,Hooli 张霞,saas273@outlook.com,US,2023-03-06,basic
SAAS-275,Weyland 李娜,saas274@corp.com,US,07/03/2024,enterprise
SAAS-276,Aperture 罗艳,saas275@company.cn,US,07/01/2020,basic
SAAS-277,Hooli 赵超,saas276@gmail.com,US,2021-12-23,enterprise
SAAS-278,Yutani 陈磊,saas277@qq.com,US,2022-03-19,enterprise
SAAS-279,Umbrella 刘平,saas278@gmail.com,US,10/03/2024,basic
SAAS-280,Weyland 马超,saas279@gmail.com,US,2022-09-22,enterprise
SAAS-281,Acme 陈艳,saas280@company.cn,US,2024-12-12,enterprise
SAAS-282,Tyrell 周明,saas281@corp.com,US,2023-05-01,pro
SAAS-283,Vandelay 郑丽,saas282@gmail.com,US,2023-03-23,pro
SAAS-284,Tyrell 陈霞,saas283@corp.com,US,2022-05-25,pro
SAAS-285,PIEDPIPER 吴强,saas284@corp.com,US,06/08/2024,pro
SAAS-286,YUTANI 王娟,saas285@corp.com,US,2023-04-24,basic
SAAS-287,Globex 刘娜,saas286@163.com,US,11/06/2024,pro
SAAS-288,Globex 周芳,saas287@outlook.com,US,28-10-2024,basic
SAAS-289,Wayne 郭丽,saas288@qq.com,US,22-06-2021,enterprise
SAAS-290,Yutani 孙洋,saas289@outlook.com,US,2021-10-26,basic
SAAS-291,BlackMesa 马磊,saas290@outlook.com,US,2024-10-28,enterprise
SAAS-292,BLACKMESA 郭杰,saas291@gmail.com,US,2022-10-19,basic
SAAS-293,BLACKMESA 周强,saas292@163.com,US,2024-02-01,pro
SAAS-294,Acme 张明,saas293@company.cn,US,2023-08-07,pro
SAAS-295,Tyrell 郑涛,saas294@qq.com,US,2020-03-07,enterprise
SAAS-296,Aperture 何秀英,saas295@company.cn,US,2020-06-18,enterprise
SAAS-297,PRESTIGE 王强,saas296@outlook.com,US,24-01-2024,basic
SAAS-298,Globex 朱杰,saas297@gmail.com,US,2022-06-01,pro
SAAS-299,HOOLI 林杰,saas298@corp.com,US,2023-03-26,pro
SAAS-300,BLACKMESA 杨军,saas299@corp.com,US,2022-12-15,enterprise
SAAS-301,Hooli 罗芳,saas300@corp.com,US,12-09-2024,enterprise
SAAS-302,Wayne 刘洋,saas301@qq.com,US,01/02/2023,basic
SAAS-303,Oscorp 杨强,saas302@gmail.com,US,11-01-2024,basic
SAAS-304,Bluth 张娜,saas303@company.cn,US,06/15/2020,pro
SAAS-305,Tyrell 周洋,saas304@163.com,US,2021-02-26,enterprise
SAAS-306,Wayne 陈霞,saas305@company.cn,US,2023-03-13,pro
SAAS-307,Umbrella 吴强,saas306@gmail.com,US,28-02-2020,basic
SAAS-308,Hooli 李军,saas307@163.com,US,09/20/2023,enterprise
SAAS-309,Hooli 孙明,saas308@outlook.com,US,10/02/2021,basic
SAAS-310,PRESTIGE 周娟,saas309@qq.com,US,2021-08-06,basic
SAAS-311,Aperture 周娜,saas310@corp.com,US,2023-05-22,pro
SAAS-312,STARK 胡磊,saas311@gmail.com,US,2020-02-04,enterprise
SAAS-313,Acme 杨芳,saas312@163.com,US,2020-08-04,enterprise
SAAS-314,YUTANI 黄娟,saas313@outlook.com,US,2021-08-24,pro
SAAS-315,Dunder Mifflin 孙杰,saas314@163.com,US,04-08-2021,basic
SAAS-316,Acme 郑磊,saas315@163.com,US,2024-01-08,enterprise
SAAS-317,Yutani 何芳,saas316@163.com,US,01/05/2020,enterprise
SAAS-318,Weyland 郑娜,saas317@gmail.com,US,2020-09-10,pro
SAAS-319,Hooli 陈勇,saas318@company.cn,US,12/10/2020,basic
SAAS-320,Hooli 王军,saas319@qq.com,US,12/10/2023,pro
SAAS-321,Cyberdyne 何艳,saas320@outlook.com,US,19-08-2020,pro
SAAS-322,HOOLI 胡秀英,saas321@corp.com,US,2024-03-11,enterprise
SAAS-323,Oscorp 张艳,saas322@163.com,US,2024-09-27,pro
SAAS-324,Cyberdyne 杨强,saas323@corp.com,US,2023-11-28,basic
SAAS-325,Globex 胡芳,saas324@corp.com,US,06/16/2023,enterprise
SAAS-326,PiedPiper 林杰,saas325@company.cn,US,2021-04-17,basic
SAAS-327,ACME 李明,saas326@163.com,US,06/28/2024,pro
SAAS-328,HOOLI 刘艳,saas327@gmail.com,US,2021-01-15,basic
SAAS-329,Wayne 朱娟,saas328@company.cn,US,26-03-2021,enterprise
SAAS-330,PIEDPIPER 孙秀英,saas329@company.cn,US,2024-03-24,enterprise
SAAS-331,Weyland 朱军,saas330@qq.com,US,2020-08-24,enterprise
SAAS-332,Prestige 马伟,saas331@gmail.com,US,09/20/2022,enterprise
SAAS-333,PiedPiper 刘娜,saas332@qq.com,US,2021-02-16,enterprise
SAAS-334,Cyberdyne 郭静,saas333@corp.com,US,2020-01-20,basic
SAAS-335,Prestige 刘平,saas334@corp.com,US,2024-03-01,pro
SAAS-336,STARK 陈艳,saas335@company.cn,US,06/11/2024,enterprise
SAAS-337,Oscorp 罗秀英,saas336@163.com,US,07/14/2024,pro
SAAS-338,TYRELL 林娟,saas337@company.cn,US,2021-01-08,enterprise
SAAS-339,PIEDPIPER 吴军,saas338@outlook.com,US,2022-06-13,pro
SAAS-340,BLACKMESA 王洋,saas339@gmail.com,US,2020-10-11,enterprise
SAAS-341,OSCORP 赵艳,saas340@outlook.com,US,2024-08-18,basic
SAAS-342,HOOLI 刘芳,saas341@company.cn,US,18-04-2024,enterprise
SAAS-343,BLUTH 徐秀英,saas342@qq.com,US,2022-05-28,pro
SAAS-344,Weyland 赵丽,saas343@163.com,US,2023-06-06,basic
SAAS-345,Acme 郭军,saas344@company.cn,US,24-07-2022,basic
SAAS-346,Hooli 郑杰,saas345@163.com,US,03-10-2021,pro
SAAS-347,BLACKMESA 张军,saas346@corp.com,US,02/04/2024,pro
SAAS-348,Oscorp 何静,saas347@gmail.com,US,08-12-2021,pro
SAAS-349,Stark 郭伟,saas348@gmail.com,US,2023-06-26,pro
SAAS-350,PRESTIGE 胡艳,saas349@outlook.com,US,2023-10-15,basic
SAAS-351,Globex 杨秀英,saas350@outlook.com,US,07/14/2024,basic
SAAS-352,Prestige 徐娟,saas351@corp.com,US,2024-07-20,pro
SAAS-353,Weyland 林军,saas352@qq.com,US,2020-02-08,enterprise
SAAS-354,Dunder Mifflin 马敏,saas353@163.com,US,17-07-2020,enterprise
SAAS-355,Wayne 徐秀英,saas354@163.com,US,2021-12-05,basic
SAAS-356,STARK 朱涛,saas355@gmail.com,US,2021-07-01,basic
SAAS-357,Vandelay 孙霞,saas356@corp.com,US,2023-03-20,enterprise
SAAS-358,WAYNE 李娟,saas357@corp.com,US,2020-09-24,enterprise
SAAS-359,Oscorp 朱敏,saas358@outlook.com,US,12-06-2021,basic
SAAS-360,Cyberdyne 陈敏,saas359@corp.com,US,2021-11-15,pro
SAAS-361,PiedPiper 王娟,saas360@gmail.com,US,02/26/2024,basic
SAAS-362,Umbrella 李军,saas361@qq.com,US,2023-12-26,basic
SAAS-363,Stark 吴敏,saas362@163.com,US,2020-08-26,basic
SAAS-364,CYBERDYNE 孙明,saas363@company.cn,US,2022-06-19,enterprise
SAAS-365,Oscorp 孙平,saas364@corp.com,US,19-03-2021,basic
SAAS-366,Vandelay 杨军,saas365@outlook.com,US,2020-08-20,enterprise
SAAS-367,Cyberdyne 张秀英,saas366@qq.com,US,2021-03-19,pro
SAAS-368,Bluth 马军,saas367@company.cn,US,2022-06-14,basic
SAAS-369,UMBRELLA 陈平,saas368@163.com,US,05/08/2020,pro
SAAS-370,HOOLI 李强,saas369@corp.com,US,2021-01-28,enterprise
SAAS-371,BLACKMESA 孙静,saas370@corp.com,US,10/16/2021,pro
SAAS-372,Prestige 徐娟,saas371@163.com,US,13-04-2022,basic
SAAS-373,Vandelay 徐洋,saas372@corp.com,US,2022-11-22,enterprise
SAAS-374,Vandelay 吴明,saas373@qq.com,US,2023-06-23,enterprise
SAAS-375,Acme 郭军,saas374@outlook.com,US,2023-03-02,pro
SAAS-376,Prestige 刘强,saas375@gmail.com,US,2024-08-13,basic
SAAS-377,Hooli 林秀英,saas376@outlook.com,US,2021-08-24,pro
SAAS-378,Cyberdyne 罗平,saas377@outlook.com,US,2021-09-26,basic
SAAS-379,Weyland 张娜,saas378@outlook.com,US,2020-05-08,enterprise
SAAS-380,Vandelay 赵杰,saas379@163.com,US,02/11/2021,enterprise
SAAS-381,Weyland 王艳,saas380@company.cn,US,2023-12-27,enterprise
SAAS-382,Yutani 黄伟,saas381@163.com,US,2023-11-19,basic
SAAS-383,Hooli 陈伟,saas382@gmail.com,US,28-12-2022,enterprise
SAAS-384,Umbrella 郑伟,saas383@163.com,US,28-05-2023,pro
SAAS-385,WEYLAND 郑敏,saas384@qq.com,US,10/06/2021,enterprise
SAAS-386,Oscorp 陈杰,saas385@gmail.com,US,08/07/2020,basic
SAAS-387,Bluth 吴敏,saas386@company.cn,US,2023-06-16,pro
SAAS-388,Cyberdyne 朱明,saas387@qq.com,US,2023-04-10,pro
SAAS-389,Hooli 吴军,saas388@corp.com,US,2020-12-05,basic
SAAS-390,Stark 郑霞,saas389@gmail.com,US,23-08-2023,basic
SAAS-391,Yutani 马磊,saas390@163.com,US,03/27/2020,enterprise
SAAS-392,Tyrell 吴霞,saas391@gmail.com,US,2020-02-08,enterprise
SAAS-393,Aperture 杨娟,saas392@163.com,US,2024-05-13,pro
SAAS-394,Weyland 马明,saas393@gmail.com,US,06/04/2024,basic
SAAS-395,Globex 郭娟,saas394@outlook.com,US,04/25/2020,pro
SAAS-396,Tyrell 周杰,saas395@gmail.com,US,07/18/2024,enterprise
SAAS-397,Vandelay 马娟,saas396@gmail.com,US,08/24/2021,enterprise
SAAS-398,Cyberdyne 王伟,saas397@corp.com,US,10-03-2024,pro
SAAS-399,Oscorp 李艳,saas398@corp.com,US,2023-12-05,basic
SAAS-400,Hooli 罗丽,saas399@163.com,US,04/04/2023,basic
