bom_id,product_id,material_id,quantity_per_unit
BOM-1,M-1232,RM-82,0.5 kg
BOM-2,M-1239,RM-64,500 g
BOM-3,M-1281,RM-26,1.2 m
BOM-4,M-1170,RM-89,500 g
BOM-5,M-1255,RM-16,0.5 kg
BOM-6,M-1203,RM-70,1.2 m
BOM-7,M-1136,RM-23,1.2 m
BOM-8,M-1207,RM-58,1.2
BOM-9,M-1047,RM-15,0.5
BOM-10,M-1114,RM-86,1.2
BOM-11,M-1182,RM-81,2 件
BOM-12,M-1284,RM-49,500 g
BOM-13,M-1148,RM-102,1.2
BOM-14,M-1030,RM-57,1.2
BOM-15,M-1044,RM-90,500 g
BOM-16,M-1069,RM-57,500 g
BOM-17,M-1092,RM-68,500 g
BOM-18,M-1259,RM-4,0.5
BOM-19,M-1003,RM-6,2 件
BOM-20,M-1108,RM-34,0.5 kg
BOM-21,M-1145,RM-92,1.2
BOM-22,M-1023,RM-75,0.5
BOM-23,M-1139,RM-3,0.5
BOM-24,M-1001,RM-6,1.2
BOM-25,M-1215,RM-53,1.2 m
BOM-26,M-1197,RM-41,1.2 m
BOM-27,M-1125,RM-8,1.2
BOM-28,M-1061,RM-74,0.5
BOM-29,M-1008,RM-18,1.2
BOM-30,M-1046,RM-105,1.2
BOM-31,M-1174,RM-97,1.2 m
BOM-32,M-1078,RM-39,0.5
BOM-33,M-1177,RM-94,500 g
BOM-34,M-1285,RM-62,2 件
BOM-35,M-1196,RM-4,0.5
BOM-36,M-1090,RM-4,2 件
BOM-37,M-1002,RM-73,2 件
BOM-38,M-1169,RM-63,0.5
BOM-39,M-1023,RM-89,1.2 m
BOM-40,M-1173,RM-82,0.5 kg
BOM-41,M-1246,RM-51,500 g
BOM-42,M-1218,RM-71,0.5
BOM-43,M-1290,RM-87,1.2 m
BOM-44,M-1073,RM-103,0.5 kg
BOM-45,M-1017,RM-112,500 g
BOM-46,M-1097,RM-89,0.5
BOM-47,M-1156,RM-93,1.2 m
BOM-48,M-1057,RM-93,1.2
BOM-49,M-1010,RM-81,0.5 kg
BOM-50,M-1041,RM-70,1.2 m
BOM-51,M-1042,RM-51,2 件
BOM-52,M-1267,RM-115,2 件
BOM-53,M-1297,RM-64,0.5
BOM-54,M-1167,RM-67,500 g
BOM-55,M-1147,RM-31,0.5 kg
BOM-56,M-1274,RM-66,0.5 kg
BOM-57,M-1064,RM-112,0.5
BOM-58,M-1266,RM-8,1.2
BOM-59,M-1024,RM-74,2 件
BOM-60,M-1234,RM-38,500 g
BOM-61,M-1261,RM-17,2 件
BOM-62,M-1129,RM-108,1.2
BOM-63,M-1065,RM-31,2 件
BOM-64,M-1279,RM-37,0.5
BOM-65,M-1058,RM-104,0.5
BOM-66,M-1094,RM-20,0.5
BOM-67,M-1199,RM-37,1.2 m
BOM-68,M-1193,RM-23,0.5 kg
BOM-69,M-1295,RM-83,0.5
BOM-70,M-1268,RM-34,0.5
BOM-71,M-1214,RM-12,1.2
BOM-72,M-1110,RM-46,2 件
BOM-73,M-1086,RM-20,2 件
BOM-74,M-1116,RM-99,1.2 m
BOM-75,M-1178,RM-53,500 g
BOM-76,M-1289,RM-37,1.2
BOM-77,M-1221,RM-94,0.5
BOM-78,M-1244,RM-54,0.5 kg
BOM-79,M-1145,RM-36,500 g
BOM-80,M-1210,RM-77,500 g
BOM-81,M-1100,RM-23,1.2
BOM-82,M-1186,RM-23,1.2
BOM-83,M-1149,RM-105,0.5
BOM-84,M-1187,RM-75,500 g
BOM-85,M-1282,RM-104,1.2 m
BOM-86,M-1022,RM-103,500 g
BOM-87,M-1205,RM-45,2 件
BOM-88,M-1064,RM-109,2 件
BOM-89,M-1205,RM-22,1.2 m
BOM-90,M-1037,RM-107,0.5
BOM-91,M-1048,RM-66,0.5 kg
BOM-92,M-1293,RM-61,0.5 kg
BOM-93,M-1006,RM-15,500 g
BOM-94,M-1037,RM-6,1.2 m
BOM-95,M-1229,RM-23,0.5 kg
BOM-96,M-1167,RM-40,2 件
BOM-97,M-1278,RM-88,0.5
BOM-98,M-1157,RM-20,0.5 kg
BOM-99,M-1032,RM-31,1.2 m
BOM-100,M-1072,RM-73,0.5
BOM-101,M-1147,RM-91,1.2
BOM-102,M-1115,RM-36,1.2
BOM-103,M-1287,RM-101,0.5 kg
BOM-104,M-1219,RM-109,0.5
BOM-105,M-1126,RM-117,0.5
BOM-106,M-1014,RM-29,500 g
BOM-107,M-1136,RM-118,1.2
BOM-108,M-1140,RM-8,2 件
BOM-109,M-1182,RM-21,500 g
BOM-110,M-1120,RM-95,1.2 m
BOM-111,M-1066,RM-6,2 件
BOM-112,M-1185,RM-67,0.5 kg
BOM-113,M-1058,RM-56,500 g
BOM-114,M-1163,RM-97,2 件
BOM-115,M-1251,RM-86,1.2 m
BOM-116,M-1033,RM-82,1.2 m
BOM-117,M-1272,RM-108,1.2 m
BOM-118,M-1197,RM-60,2 件
BOM-119,M-1012,RM-31,1.2
BOM-120,M-1024,RM-61,2 件
BOM-121,M-1228,RM-75,1.2
BOM-122,M-1125,RM-68,0.5 kg
BOM-123,M-1146,RM-100,0.5
BOM-124,M-1054,RM-101,1.2 m
BOM-125,M-1029,RM-9,1.2
BOM-126,M-1136,RM-83,1.2
BOM-127,M-1131,RM-115,1.2 m
BOM-128,M-1190,RM-33,500 g
BOM-129,M-1282,RM-38,2 件
BOM-130,M-1216,RM-71,1.2
BOM-131,M-1133,RM-100,0.5 kg
BOM-132,M-1117,RM-29,0.5 kg
BOM-133,M-1262,RM-59,0.5 kg
BOM-134,M-1197,RM-21,2 件
BOM-135,M-1255,RM-94,1.2 m
BOM-136,M-1271,RM-107,2 件
BOM-137,M-1044,RM-20,1.2 m
BOM-138,M-1271,RM-3,0.5 kg
BOM-139,M-1077,RM-36,500 g
BOM-140,M-1001,RM-43,500 g
BOM-141,M-1070,RM-93,2 件
BOM-142,M-1190,RM-66,500 g
BOM-143,M-1205,RM-25,500 g
BOM-144,M-1268,RM-110,1.2
BOM-145,M-1127,RM-3,2 件
BOM-146,M-1201,RM-97,0.5 kg
BOM-147,M-1003,RM-60,2 件
BOM-148,M-1084,RM-37,500 g
BOM-149,M-1156,RM-114,0.5
BOM-150,M-1024,RM-72,1.2 m
BOM-151,M-1170,RM-85,0.5 kg
BOM-152,M-1093,RM-3,0.5
BOM-153,M-1000,RM-5,2 件
BOM-154,M-1084,RM-25,500 g
BOM-155,M-1233,RM-67,500 g
BOM-156,M-1015,RM-39,1.2 m
BOM-157,M-1077,RM-52,0.5
BOM-158,M-1118,RM-60,500 g
BOM-159,M-1042,RM-58,1.2
BOM-160,M-1140,RM-66,0.5
BOM-161,M-1068,RM-78,0.5
BOM-162,M-1298,RM-90,500 g
BOM-163,M-1154,RM-51,0.5 kg
BOM-164,M-1138,RM-32,0.5
BOM-165,M-1224,RM-83,0.5 kg
BOM-166,M-1247,RM-71,2 件
BOM-167,M-1043,RM-77,1.2 m
BOM-168,M-1276,RM-74,2 件
BOM-169,M-1069,RM-32,2 件
BOM-170,M-1019,RM-88,2 件
BOM-171,M-1249,RM-110,1.2
BOM-172,M-1071,RM-17,0.5 kg
BOM-173,M-1180,RM-26,0.5 kg
BOM-174,M-1222,RM-84,2 件
BOM-175,M-1136,RM-82,1.2
BOM-176,M-1000,RM-58,2 件
BOM-177,M-1188,RM-88,500 g
BOM-178,M-1147,RM-101,1.2 m
BOM-179,M-1249,RM-120,0.5 kg
BOM-180,M-1179,RM-49,0.5
BOM-181,M-1109,RM-19,1.2
BOM-182,M-1290,RM-24,0.5
BOM-183,M-1093,RM-72,0.5
BOM-184,M-1146,RM-11,0.5 kg
BOM-185,M-1231,RM-24,2 件
BOM-186,M-1238,RM-13,1.2
BOM-187,M-1072,RM-77,2 件
BOM-188,M-1005,RM-99,0.5
BOM-189,M-1077,RM-41,0.5 kg
BOM-190,M-1193,RM-101,2 件
BOM-191,M-1208,RM-61,0.5
BOM-192,M-1238,RM-1,1.2
BOM-193,M-1010,RM-109,2 件
BOM-194,M-1001,RM-38,1.2 m
BOM-195,M-1282,RM-12,1.2
BOM-196,M-1240,RM-3,0.5
BOM-197,M-1247,RM-22,1.2
BOM-198,M-1142,RM-2,1.2 m
BOM-199,M-1118,RM-83,0.5 kg
BOM-200,M-1294,RM-101,1.2
BOM-201,M-1209,RM-64,1.2
BOM-202,M-1288,RM-74,0.5
BOM-203,M-1014,RM-35,1.2 m
BOM-204,M-1074,RM-92,0.5
BOM-205,M-1196,RM-3,1.2 m
BOM-206,M-1290,RM-4,2 件
BOM-207,M-1235,RM-92,0.5
BOM-208,M-1028,RM-86,500 g
BOM-209,M-1068,RM-38,2 件
BOM-210,M-1038,RM-14,2 件
BOM-211,M-1129,RM-80,2 件
BOM-212,M-1033,RM-106,1.2 m
BOM-213,M-1197,RM-116,2 件
BOM-214,M-1005,RM-63,0.5
BOM-215,M-1124,RM-67,2 件
BOM-216,M-1122,RM-26,1.2
BOM-217,M-1274,RM-14,500 g
BOM-218,M-1073,RM-67,0.5 kg
BOM-219,M-1139,RM-118,0.5 kg
BOM-220,M-1009,RM-98,1.2
BOM-221,M-1129,RM-106,500 g
BOM-222,M-1109,RM-108,0.5
BOM-223,M-1229,RM-40,1.2
BOM-224,M-1288,RM-64,2 件
BOM-225,M-1199,RM-117,1.2 m
BOM-226,M-1299,RM-36,1.2
BOM-227,M-1174,RM-111,500 g
BOM-228,M-1034,RM-80,1.2 m
BOM-229,M-1171,RM-99,500 g
BOM-230,M-1254,RM-6,0.5 kg
BOM-231,M-1018,RM-72,0.5
BOM-232,M-1238,RM-38,0.5
BOM-233,M-1130,RM-88,1.2
BOM-234,M-1063,RM-8,1.2 m
BOM-235,M-1250,RM-27,0.5
BOM-236,M-1240,RM-116,0.5 kg
BOM-237,M-1251,RM-50,2 件
BOM-238,M-1270,RM-14,1.2 m
BOM-239,M-1251,RM-14,500 g
BOM-240,M-1136,RM-85,2 件
BOM-241,M-1018,RM-95,0.5 kg
BOM-242,M-1095,RM-81,2 件
BOM-243,M-1011,RM-44,2 件
BOM-244,M-1063,RM-44,0.5
BOM-245,M-1271,RM-71,1.2 m
BOM-246,M-1066,RM-80,1.2 m
BOM-247,M-1100,RM-15,500 g
BOM-248,M-1021,RM-109,500 g
BOM-249,M-1082,RM-106,0.5
BOM-250,M-1057,RM-64,1.2 m
BOM-251,M-1050,RM-9,1.2
BOM-252,M-1156,RM-21,1.2 m
BOM-253,M-1046,RM-59,2 件
BOM-254,M-1070,RM-83,0.5 kg
BOM-255,M-1256,RM-33,2 件
BOM-256,M-1032,RM-26,0.5
BOM-257,M-1076,RM-51,500 g
BOM-258,M-1250,RM-85,1.2
BOM-259,M-1137,RM-73,1.2
BOM-260,M-1203,RM-32,500 g
BOM-261,M-1193,RM-44,0.5
BOM-262,M-1260,RM-30,500 g
BOM-263,M-1191,RM-112,1.2 m
BOM-264,M-1185,RM-56,0.5
BOM-265,M-1279,RM-39,2 件
BOM-266,M-1085,RM-24,1.2
BOM-267,M-1233,RM-42,1.2
BOM-268,M-1237,RM-105,2 件
BOM-269,M-1099,RM-75,0.5 kg
BOM-270,M-1099,RM-11,500 g
BOM-271,M-1089,RM-4,0.5 kg
BOM-272,M-1196,RM-120,0.5 kg
BOM-273,M-1052,RM-69,2 件
BOM-274,M-1017,RM-50,1.2 m
BOM-275,M-1061,RM-25,2 件
BOM-276,M-1014,RM-87,2 件
BOM-277,M-1123,RM-40,0.5 kg
BOM-278,M-1170,RM-54,1.2
BOM-279,M-1238,RM-21,1.2 m
BOM-280,M-1065,RM-66,1.2 m
BOM-281,M-1131,RM-36,0.5 kg
BOM-282,M-1116,RM-50,2 件
BOM-283,M-1001,RM-62,0.5 kg
BOM-284,M-1091,RM-120,1.2 m
BOM-285,M-1044,RM-54,500 g
BOM-286,M-1006,RM-78,2 件
BOM-287,M-1153,RM-38,1.2 m
BOM-288,M-1162,RM-39,1.2
BOM-289,M-1283,RM-38,500 g
BOM-290,M-1230,RM-71,500 g
BOM-291,M-1009,RM-18,1.2
BOM-292,M-1140,RM-77,0.5 kg
BOM-293,M-1063,RM-109,1.2 m
BOM-294,M-1104,RM-73,500 g
BOM-295,M-1219,RM-116,500 g
BOM-296,M-1043,RM-21,1.2
BOM-297,M-1176,RM-46,0.5
BOM-298,M-1011,RM-17,500 g
BOM-299,M-1025,RM-27,500 g
BOM-300,M-1106,RM-109,500 g
BOM-301,M-1043,RM-106,1.2
BOM-302,M-1035,RM-83,1.2 m
BOM-303,M-1046,RM-32,0.5
BOM-304,M-1021,RM-96,0.5 kg
BOM-305,M-1226,RM-114,500 g
BOM-306,M-1049,RM-114,0.5 kg
BOM-307,M-1137,RM-80,1.2 m
BOM-308,M-1220,RM-52,2 件
BOM-309,M-1249,RM-5,1.2 m
BOM-310,M-1149,RM-35,500 g
BOM-311,M-1281,RM-45,1.2 m
BOM-312,M-1018,RM-58,2 件
BOM-313,M-1147,RM-30,500 g
BOM-314,M-1179,RM-46,0.5
BOM-315,M-1017,RM-85,2 件
BOM-316,M-1042,RM-117,0.5
BOM-317,M-1257,RM-106,0.5 kg
BOM-318,M-1059,RM-90,0.5
BOM-319,M-1256,RM-16,1.2
BOM-320,M-1187,RM-87,2 件
BOM-321,M-1009,RM-40,500 g
BOM-322,M-1013,RM-59,0.5 kg
BOM-323,M-1058,RM-52,1.2
BOM-324,M-1003,RM-108,0.5
BOM-325,M-1048,RM-78,1.2 m
BOM-326,M-1155,RM-61,0.5 kg
BOM-327,M-1247,RM-58,0.5
BOM-328,M-1192,RM-2,2 件
BOM-329,M-1243,RM-118,0.5
BOM-330,M-1042,RM-119,1.2
BOM-331,M-1184,RM-66,1.2
BOM-332,M-1139,RM-75,500 g
BOM-333,M-1239,RM-89,0.5 kg
BOM-334,M-1191,RM-37,1.2 m
BOM-335,M-1218,RM-2,1.2 m
BOM-336,M-1185,RM-114,0.5
BOM-337,M-1105,RM-78,500 g
BOM-338,M-1085,RM-24,500 g
BOM-339,M-1005,RM-71,0.5 kg
BOM-340,M-1225,RM-76,500 g
BOM-341,M-1042,RM-20,2 件
BOM-342,M-1180,RM-80,0.5 kg
BOM-343,M-1256,RM-39,1.2
BOM-344,M-1242,RM-81,2 件
BOM-345,M-1093,RM-10,0.5
BOM-346,M-1169,RM-23,0.5
BOM-347,M-1254,RM-50,0.5 kg
BOM-348,M-1097,RM-101,500 g
BOM-349,M-1260,RM-79,1.2
BOM-350,M-1210,RM-20,0.5
BOM-351,M-1292,RM-42,2 件
BOM-352,M-1200,RM-17,0.5 kg
BOM-353,M-1115,RM-109,0.5 kg
BOM-354,M-1015,RM-48,2 件
BOM-355,M-1007,RM-52,0.5
BOM-356,M-1261,RM-108,0.5 kg
BOM-357,M-1134,RM-21,0.5 kg
BOM-358,M-1054,RM-102,500 g
BOM-359,M-1140,RM-6,0.5 kg
BOM-360,M-1061,RM-51,1.2 m
BOM-361,M-1037,RM-11,500 g
BOM-362,M-1151,RM-44,2 件
BOM-363,M-1199,RM-58,0.5
BOM-364,M-1007,RM-96,1.2 m
BOM-365,M-1021,RM-78,0.5
BOM-366,M-1071,RM-43,1.2 m
BOM-367,M-1044,RM-22,2 件
BOM-368,M-1178,RM-46,0.5
BOM-369,M-1145,RM-103,0.5
BOM-370,M-1270,RM-11,0.5
BOM-371,M-1125,RM-10,0.5
BOM-372,M-1030,RM-83,1.2 m
BOM-373,M-1217,RM-100,1.2 m
BOM-374,M-1198,RM-32,2 件
BOM-375,M-1062,RM-27,2 件
BOM-376,M-1227,RM-16,2 件
BOM-377,M-1291,RM-112,1.2
BOM-378,M-1019,RM-2,500 g
BOM-379,M-1205,RM-35,500 g
BOM-380,M-1293,RM-15,2 件
BOM-381,M-1182,RM-111,0.5
BOM-382,M-1229,RM-33,1.2
BOM-383,M-1052,RM-36,1.2 m
BOM-384,M-1119,RM-24,2 件
BOM-385,M-1019,RM-7,0.5 kg
BOM-386,M-1104,RM-57,2 件
BOM-387,M-1212,RM-57,1.2
BOM-388,M-1095,RM-97,0.5 kg
BOM-389,M-1138,RM-35,0.5 kg
BOM-390,M-1174,RM-6,2 件
BOM-391,M-1225,RM-24,500 g
BOM-392,M-1278,RM-28,0.5 kg
BOM-393,M-1098,RM-79,0.5
BOM-394,M-1261,RM-23,0.5
BOM-395,M-1071,RM-111,1.2
BOM-396,M-1006,RM-92,2 件
BOM-397,M-1075,RM-10,500 g
BOM-398,M-1130,RM-76,500 g
BOM-399,M-1291,RM-113,0.5
BOM-400,M-1131,RM-13,0.5
BOM-401,M-1111,RM-31,0.5
BOM-402,M-1049,RM-56,0.5
BOM-403,M-1051,RM-90,500 g
BOM-404,M-1002,RM-119,0.5
BOM-405,M-1001,RM-109,2 件
BOM-406,M-1165,RM-34,0.5 kg
BOM-407,M-1236,RM-112,0.5 kg
BOM-408,M-1270,RM-67,500 g
BOM-409,M-1258,RM-1,500 g
BOM-410,M-1237,RM-35,2 件
BOM-411,M-1024,RM-103,500 g
BOM-412,M-1182,RM-106,500 g
BOM-413,M-1129,RM-65,2 件
BOM-414,M-1067,RM-77,1.2
BOM-415,M-1001,RM-86,1.2 m
BOM-416,M-1292,RM-52,500 g
BOM-417,M-1146,RM-86,500 g
BOM-418,M-1040,RM-113,0.5
BOM-419,M-1132,RM-102,1.2 m
BOM-420,M-1083,RM-60,500 g
BOM-421,M-1055,RM-14,500 g
BOM-422,M-1110,RM-46,1.2 m
BOM-423,M-1223,RM-74,1.2
BOM-424,M-1295,RM-7,1.2 m
BOM-425,M-1156,RM-120,2 件
BOM-426,M-1261,RM-89,0.5 kg
BOM-427,M-1175,RM-106,1.2
BOM-428,M-1054,RM-93,1.2 m
BOM-429,M-1201,RM-27,0.5
BOM-430,M-1239,RM-18,0.5 kg
BOM-431,M-1217,RM-21,1.2 m
BOM-432,M-1263,RM-39,1.2 m
BOM-433,M-1182,RM-54,0.5
BOM-434,M-1098,RM-86,1.2
BOM-435,M-1012,RM-103,0.5
BOM-436,M-1031,RM-66,0.5 kg
BOM-437,M-1038,RM-105,0.5 kg
BOM-438,M-1201,RM-18,500 g
BOM-439,M-1038,RM-31,1.2
BOM-440,M-1177,RM-39,0.5 kg
BOM-441,M-1212,RM-22,0.5 kg
BOM-442,M-1237,RM-38,500 g
BOM-443,M-1257,RM-90,1.2
BOM-444,M-1281,RM-98,1.2 m
BOM-445,M-1162,RM-77,0.5
BOM-446,M-1010,RM-94,2 件
BOM-447,M-1226,RM-13,2 件
BOM-448,M-1014,RM-76,1.2
BOM-449,M-1151,RM-74,500 g
BOM-450,M-1103,RM-74,0.5 kg
BOM-451,M-1067,RM-108,1.2 m
BOM-452,M-1207,RM-77,1.2
BOM-453,M-1176,RM-86,500 g
BOM-454,M-1211,RM-19,0.5
BOM-455,M-1149,RM-7,1.2 m
BOM-456,M-1226,RM-11,0.5 kg
BOM-457,M-1205,RM-102,0.5
BOM-458,M-1237,RM-56,1.2
BOM-459,M-1119,RM-97,500 g
BOM-460,M-1169,RM-17,500 g
BOM-461,M-1055,RM-55,1.2
BOM-462,M-1088,RM-112,500 g
BOM-463,M-1065,RM-36,500 g
BOM-464,M-1117,RM-11,500 g
BOM-465,M-1214,RM-13,500 g
BOM-466,M-1196,RM-2,0.5 kg
BOM-467,M-1265,RM-75,0.5
BOM-468,M-1011,RM-33,0.5 kg
BOM-469,M-1249,RM-84,500 g
BOM-470,M-1200,RM-44,0.5
BOM-471,M-1053,RM-86,500 g
BOM-472,M-1084,RM-58,0.5
BOM-473,M-1059,RM-6,1.2
BOM-474,M-1287,RM-89,0.5 kg
BOM-475,M-1144,RM-5,0.5 kg
BOM-476,M-1095,RM-87,500 g
BOM-477,M-1282,RM-13,0.5 kg
BOM-478,M-1035,RM-92,500 g
BOM-479,M-1008,RM-42,1.2
BOM-480,M-1083,RM-106,0.5 kg
BOM-481,M-1028,RM-34,500 g
BOM-482,M-1199,RM-94,500 g
BOM-483,M-1219,RM-84,1.2 m
BOM-484,M-1151,RM-27,0.5
BOM-485,M-1084,RM-23,0.5
BOM-486,M-1084,RM-95,2 件
BOM-487,M-1263,RM-16,0.5 kg
BOM-488,M-1000,RM-83,500 g
BOM-489,M-1262,RM-15,1.2
BOM-490,M-1259,RM-50,500 g
BOM-491,M-1284,RM-9,1.2
BOM-492,M-1083,RM-72,2 件
BOM-493,M-1296,RM-95,1.2
BOM-494,M-1273,RM-14,2 件
BOM-495,M-1001,RM-87,1.2 m
BOM-496,M-1220,RM-49,0.5 kg
BOM-497,M-1008,RM-82,1.2 m
BOM-498,M-1032,RM-93,0.5
BOM-499,M-1063,RM-14,2 件
BOM-500,M-1167,RM-58,0.5 kg
BOM-501,M-1078,RM-29,2 件
BOM-502,M-1099,RM-63,2 件
BOM-503,M-1064,RM-11,0.5
BOM-504,M-1221,RM-27,1.2
BOM-505,M-1069,RM-45,1.2 m
BOM-506,M-1278,RM-39,0.5 kg
BOM-507,M-1096,RM-97,2 件
BOM-508,M-1061,RM-112,1.2
BOM-509,M-1240,RM-55,2 件
BOM-510,M-1074,RM-48,500 g
BOM-511,M-1227,RM-13,0.5
BOM-512,M-1119,RM-11,1.2 m
BOM-513,M-1232,RM-5,1.2
BOM-514,M-1209,RM-78,2 件
BOM-515,M-1014,RM-29,0.5
BOM-516,M-1142,RM-110,2 件
BOM-517,M-1109,RM-78,0.5 kg
BOM-518,M-1064,RM-61,0.5 kg
BOM-519,M-1245,RM-85,0.5
BOM-520,M-1236,RM-64,1.2
BOM-521,M-1176,RM-8,1.2 m
BOM-522,M-1276,RM-28,500 g
BOM-523,M-1266,RM-95,0.5 kg
BOM-524,M-1286,RM-70,1.2
BOM-525,M-1157,RM-84,1.2
BOM-526,M-1229,RM-58,0.5
BOM-527,M-1118,RM-81,2 件
BOM-528,M-1047,RM-57,1.2
BOM-529,M-1198,RM-20,500 g
BOM-530,M-1246,RM-70,0.5
BOM-531,M-1041,RM-110,2 件
BOM-532,M-1226,RM-50,1.2
BOM-533,M-1026,RM-90,1.2
BOM-534,M-1002,RM-18,2 件
BOM-535,M-1159,RM-27,2 件
BOM-536,M-1281,RM-41,1.2
BOM-537,M-1043,RM-108,0.5 kg
BOM-538,M-1028,RM-87,1.2
BOM-539,M-1104,RM-93,1.2
BOM-540,M-1122,RM-42,1.2
BOM-541,M-1051,RM-99,1.2
BOM-542,M-1221,RM-67,1.2 m
BOM-543,M-1221,RM-33,1.2 m
BOM-544,M-1127,RM-107,0.5
BOM-545,M-1233,RM-69,1.2 m
BOM-546,M-1034,RM-71,1.2
BOM-547,M-1270,RM-107,1.2
BOM-548,M-1041,RM-32,0.5
BOM-549,M-1202,RM-116,500 g
BOM-550,M-1071,RM-9,2 件
BOM-551,M-1003,RM-73,0.5 kg
BOM-552,M-1246,RM-68,1.2 m
BOM-553,M-1188,RM-14,1.2
BOM-554,M-1194,RM-105,2 件
BOM-555,M-1121,RM-3,1.2
BOM-556,M-1204,RM-66,1.2 m
BOM-557,M-1193,RM-3,0.5 kg
BOM-558,M-1266,RM-103,2 件
BOM-559,M-1260,RM-80,0.5
BOM-560,M-1016,RM-79,0.5 kg
BOM-561,M-1118,RM-8,0.5 kg
BOM-562,M-1229,RM-65,1.2 m
BOM-563,M-1154,RM-120,0.5
BOM-564,M-1009,RM-21,1.2
BOM-565,M-1244,RM-35,1.2 m
BOM-566,M-1277,RM-12,1.2
BOM-567,M-1243,RM-102,2 件
BOM-568,M-1175,RM-50,1.2 m
BOM-569,M-1192,RM-104,500 g
BOM-570,M-1062,RM-82,0.5 kg
BOM-571,M-1285,RM-15,1.2
BOM-572,M-1201,RM-88,0.5 kg
BOM-573,M-1027,RM-9,500 g
BOM-574,M-1273,RM-24,500 g
BOM-575,M-1011,RM-63,2 件
BOM-576,M-1194,RM-20,2 件
BOM-577,M-1210,RM-77,1.2 m
BOM-578,M-1186,RM-91,1.2 m
BOM-579,M-1193,RM-9,2 件
BOM-580,M-1293,RM-51,1.2
BOM-581,M-1066,RM-114,1.2 m
BOM-582,M-1041,RM-41,1.2
BOM-583,M-1264,RM-70,0.5 kg
BOM-584,M-1265,RM-87,0.5
BOM-585,M-1232,RM-48,0.5
BOM-586,M-1130,RM-109,1.2
BOM-587,M-1000,RM-80,1.2
BOM-588,M-1139,RM-43,2 件
BOM-589,M-1093,RM-89,500 g
BOM-590,M-1280,RM-24,0.5
BOM-591,M-1083,RM-21,1.2 m
BOM-592,M-1208,RM-8,500 g
BOM-593,M-1037,RM-71,1.2
BOM-594,M-1132,RM-8,1.2 m
BOM-595,M-1243,RM-99,2 件
BOM-596,M-1116,RM-59,1.2 m
BOM-597,M-1175,RM-16,0.5 kg
BOM-598,M-1201,RM-118,0.5 kg
BOM-599,M-1156,RM-69,1.2 m
BOM-600,M-1038,RM-111,2 件
BOM-601,M-1008,RM-5,0.5
BOM-602,M-1178,RM-29,500 g
BOM-603,M-1034,RM-86,2 件
BOM-604,M-1000,RM-24,1.2 m
BOM-605,M-1124,RM-49,1.2 m
BOM-606,M-1132,RM-110,1.2
BOM-607,M-1122,RM-87,0.5
BOM-608,M-1281,RM-14,0.5 kg
BOM-609,M-1138,RM-108,2 件
BOM-610,M-1206,RM-52,1.2 m
BOM-611,M-1091,RM-81,0.5
BOM-612,M-1143,RM-79,1.2
BOM-613,M-1058,RM-53,0.5 kg
BOM-614,M-1021,RM-108,1.2 m
BOM-615,M-1042,RM-23,0.5
BOM-616,M-1023,RM-86,0.5 kg
BOM-617,M-1166,RM-84,0.5
BOM-618,M-1050,RM-50,0.5 kg
BOM-619,M-1050,RM-50,0.5
BOM-620,M-1154,RM-34,1.2 m
BOM-621,M-1033,RM-73,0.5 kg
BOM-622,M-1009,RM-26,1.2 m
BOM-623,M-1286,RM-88,1.2 m
BOM-624,M-1165,RM-34,0.5
BOM-625,M-1047,RM-14,500 g
BOM-626,M-1296,RM-65,2 件
BOM-627,M-1132,RM-41,0.5 kg
BOM-628,M-1274,RM-98,0.5
BOM-629,M-1131,RM-118,0.5
BOM-630,M-1247,RM-42,0.5 kg
BOM-631,M-1239,RM-83,500 g
BOM-632,M-1095,RM-67,0.5 kg
BOM-633,M-1210,RM-82,0.5 kg
BOM-634,M-1014,RM-38,1.2
BOM-635,M-1099,RM-33,2 件
BOM-636,M-1158,RM-79,0.5 kg
BOM-637,M-1159,RM-34,0.5
BOM-638,M-1257,RM-69,0.5 kg
BOM-639,M-1095,RM-21,2 件
BOM-640,M-1044,RM-111,1.2
BOM-641,M-1228,RM-111,500 g
BOM-642,M-1063,RM-2,500 g
BOM-643,M-1109,RM-95,1.2
BOM-644,M-1134,RM-119,500 g
BOM-645,M-1211,RM-80,500 g
BOM-646,M-1229,RM-11,2 件
BOM-647,M-1131,RM-101,0.5 kg
BOM-648,M-1028,RM-108,1.2 m
BOM-649,M-1187,RM-119,1.2
BOM-650,M-1006,RM-64,500 g
BOM-651,M-1082,RM-49,1.2 m
BOM-652,M-1244,RM-104,0.5 kg
BOM-653,M-1107,RM-5,0.5
BOM-654,M-1216,RM-18,2 件
BOM-655,M-1137,RM-66,1.2
BOM-656,M-1064,RM-3,500 g
BOM-657,M-1222,RM-88,0.5
BOM-658,M-1121,RM-2,0.5
BOM-659,M-1037,RM-62,0.5 kg
BOM-660,M-1050,RM-73,1.2
BOM-661,M-1170,RM-20,0.5
BOM-662,M-1263,RM-94,0.5
BOM-663,M-1173,RM-98,1.2 m
BOM-664,M-1008,RM-108,0.5 kg
BOM-665,M-1260,RM-59,1.2 m
BOM-666,M-1159,RM-53,1.2 m
BOM-667,M-1280,RM-54,1.2
BOM-668,M-1176,RM-90,0.5 kg
BOM-669,M-1079,RM-42,0.5 kg
BOM-670,M-1153,RM-87,0.5
BOM-671,M-1194,RM-102,0.5 kg
BOM-672,M-1060,RM-13,2 件
BOM-673,M-1110,RM-89,0.5
BOM-674,M-1082,RM-105,0.5
BOM-675,M-1265,RM-34,1.2
BOM-676,M-1123,RM-116,2 件
BOM-677,M-1090,RM-84,500 g
BOM-678,M-1298,RM-106,500 g
BOM-679,M-1255,RM-98,0.5
BOM-680,M-1198,RM-79,2 件
BOM-681,M-1163,RM-10,1.2 m
BOM-682,M-1107,RM-27,500 g
BOM-683,M-1015,RM-22,2 件
BOM-684,M-1245,RM-7,1.2 m
BOM-685,M-1145,RM-27,1.2
BOM-686,M-1258,RM-40,0.5
BOM-687,M-1177,RM-40,1.2
BOM-688,M-1297,RM-101,1.2 m
BOM-689,M-1033,RM-90,2 件
BOM-690,M-1264,RM-115,0.5 kg
BOM-691,M-1011,RM-77,0.5
BOM-692,M-1081,RM-76,0.5 kg
BOM-693,M-1251,RM-5,1.2 m
BOM-694,M-1153,RM-82,500 g
BOM-695,M-1192,RM-103,1.2
BOM-696,M-1136,RM-55,0.5 kg
BOM-697,M-1153,RM-17,1.2 m
BOM-698,M-1161,RM-119,0.5 kg
BOM-699,M-1259,RM-68,1.2 m
BOM-700,M-1264,RM-72,0.5
BOM-701,M-1220,RM-27,1.2
BOM-702,M-1282,RM-27,2 件
BOM-703,M-1083,RM-9,1.2
BOM-704,M-1137,RM-14,500 g
BOM-705,M-1023,RM-109,2 件
BOM-706,M-1185,RM-79,2 件
BOM-707,M-1173,RM-27,0.5
BOM-708,M-1204,RM-21,1.2 m
BOM-709,M-1216,RM-65,2 件
BOM-710,M-1098,RM-6,0.5 kg
BOM-711,M-1154,RM-52,1.2 m
BOM-712,M-1262,RM-61,500 g
BOM-713,M-1096,RM-120,0.5 kg
BOM-714,M-1103,RM-31,1.2
BOM-715,M-1094,RM-34,0.5 kg
BOM-716,M-1085,RM-98,0.5 kg
BOM-717,M-1075,RM-98,2 件
BOM-718,M-1046,RM-76,0.5
BOM-719,M-1015,RM-120,0.5 kg
BOM-720,M-1221,RM-42,1.2
BOM-721,M-1028,RM-119,0.5 kg
BOM-722,M-1280,RM-29,1.2 m
BOM-723,M-1108,RM-58,1.2 m
BOM-724,M-1026,RM-9,2 件
BOM-725,M-1034,RM-2,1.2
BOM-726,M-1182,RM-111,1.2 m
BOM-727,M-1216,RM-102,1.2
BOM-728,M-1243,RM-21,0.5 kg
BOM-729,M-1180,RM-117,2 件
BOM-730,M-1169,RM-81,1.2 m
BOM-731,M-1243,RM-53,2 件
BOM-732,M-1162,RM-84,2 件
BOM-733,M-1266,RM-99,1.2 m
BOM-734,M-1060,RM-51,0.5
BOM-735,M-1240,RM-94,1.2
BOM-736,M-1039,RM-102,1.2
BOM-737,M-1279,RM-118,1.2
BOM-738,M-1283,RM-31,0.5 kg
BOM-739,M-1010,RM-13,1.2 m
BOM-740,M-1178,RM-95,1.2 m
BOM-741,M-1123,RM-115,0.5 kg
BOM-742,M-1189,RM-99,500 g
BOM-743,M-1045,RM-57,1.2 m
BOM-744,M-1166,RM-99,500 g
BOM-745,M-1290,RM-58,500 g
BOM-746,M-1290,RM-117,500 g
BOM-747,M-1138,RM-92,2 件
BOM-748,M-1095,RM-94,2 件
BOM-749,M-1101,RM-98,1.2 m
BOM-750,M-1098,RM-28,1.2 m
BOM-751,M-1209,RM-44,2 件
BOM-752,M-1104,RM-16,0.5 kg
BOM-753,M-1190,RM-20,0.5 kg
BOM-754,M-1070,RM-100,500 g
BOM-755,M-1063,RM-45,0.5
BOM-756,M-1210,RM-47,1.2
BOM-757,M-1165,RM-45,1.2
BOM-758,M-1256,RM-25,0.5
BOM-759,M-1167,RM-90,500 g
BOM-760,M-1030,RM-55,0.5
BOM-761,M-1232,RM-98,1.2
BOM-762,M-1249,RM-98,1.2 m
BOM-763,M-1130,RM-115,2 件
BOM-764,M-1214,RM-12,0.5 kg
BOM-765,M-1049,RM-112,2 件
BOM-766,M-1009,RM-96,0.5
BOM-767,M-1080,RM-56,1.2
BOM-768,M-1081,RM-28,1.2
BOM-769,M-1277,RM-36,0.5 kg
BOM-770,M-1275,RM-31,0.5
BOM-771,M-1192,RM-54,0.5
BOM-772,M-1179,RM-90,0.5 kg
BOM-773,M-1266,RM-4,1.2 m
BOM-774,M-1165,RM-14,2 件
BOM-775,M-1085,RM-78,0.5 kg
BOM-776,M-1196,RM-96,0.5
BOM-777,M-1070,RM-58,500 g
BOM-778,M-1249,RM-7,1.2 m
BOM-779,M-1032,RM-93,0.5
BOM-780,M-1100,RM-49,1.2 m
BOM-781,M-1079,RM-50,0.5 kg
BOM-782,M-1033,RM-59,1.2
BOM-783,M-1045,RM-60,0.5 kg
BOM-784,M-1104,RM-111,1.2 m
BOM-785,M-1006,RM-14,1.2
BOM-786,M-1270,RM-84,1.2 m
BOM-787,M-1214,RM-61,1.2
BOM-788,M-1086,RM-25,500 g
BOM-789,M-1291,RM-74,0.5
BOM-790,M-1270,RM-27,2 件
BOM-791,M-1279,RM-61,1.2 m
BOM-792,M-1190,RM-79,500 g
BOM-793,M-1119,RM-59,0.5
BOM-794,M-1298,RM-7,1.2 m
BOM-795,M-1096,RM-20,500 g
BOM-796,M-1142,RM-7,0.5 kg
BOM-797,M-1106,RM-104,2 件
BOM-798,M-1297,RM-16,0.5 kg
BOM-799,M-1195,RM-65,500 g
BOM-800,M-1001,RM-53,0.5
BOM-801,M-1145,RM-110,500 g
BOM-802,M-1055,RM-82,500 g
BOM-803,M-1235,RM-101,0.5 kg
BOM-804,M-1094,RM-107,0.5 kg
BOM-805,M-1272,RM-51,0.5 kg
BOM-806,M-1035,RM-71,0.5 kg
BOM-807,M-1228,RM-90,0.5 kg
BOM-808,M-1169,RM-97,500 g
BOM-809,M-1014,RM-64,2 件
BOM-810,M-1025,RM-98,500 g
BOM-811,M-1081,RM-100,1.2
BOM-812,M-1202,RM-119,0.5
BOM-813,M-1004,RM-51,500 g
BOM-814,M-1012,RM-119,1.2
BOM-815,M-1147,RM-2,500 g
BOM-816,M-1141,RM-13,0.5
BOM-817,M-1073,RM-53,1.2 m
BOM-818,M-1002,RM-102,2 件
BOM-819,M-1020,RM-87,500 g
BOM-820,M-1118,RM-51,1.2
BOM-821,M-1095,RM-57,0.5
BOM-822,M-1149,RM-57,500 g
BOM-823,M-1131,RM-96,500 g
BOM-824,M-1131,RM-51,0.5
BOM-825,M-1050,RM-106,1.2
BOM-826,M-1173,RM-7,0.5 kg
BOM-827,M-1019,RM-22,0.5
BOM-828,M-1208,RM-120,0.5 kg
BOM-829,M-1119,RM-93,0.5 kg
BOM-830,M-1115,RM-99,0.5 kg
BOM-831,M-1272,RM-111,0.5 kg
BOM-832,M-1200,RM-79,1.2
BOM-833,M-1140,RM-42,500 g
BOM-834,M-1241,RM-58,2 件
BOM-835,M-1142,RM-98,1.2
BOM-836,M-1064,RM-60,0.5 kg
BOM-837,M-1268,RM-74,1.2 m
BOM-838,M-1237,RM-46,2 件
BOM-839,M-1025,RM-110,0.5 kg
BOM-840,M-1258,RM-85,1.2
BOM-841,M-1082,RM-34,0.5
BOM-842,M-1110,RM-108,0.5 kg
BOM-843,M-1039,RM-8,1.2 m
BOM-844,M-1148,RM-98,1.2 m
BOM-845,M-1226,RM-66,0.5
BOM-846,M-1135,RM-110,1.2
BOM-847,M-1142,RM-38,1.2 m
BOM-848,M-1123,RM-24,0.5 kg
BOM-849,M-1184,RM-26,2 件
BOM-850,M-1208,RM-56,1.2
BOM-851,M-1226,RM-79,0.5
BOM-852,M-1124,RM-21,1.2
BOM-853,M-1153,RM-19,2 件
BOM-854,M-1203,RM-74,2 件
BOM-855,M-1172,RM-33,1.2
BOM-856,M-1065,RM-109,0.5
BOM-857,M-1027,RM-55,500 g
BOM-858,M-1179,RM-24,1.2
BOM-859,M-1218,RM-96,1.2
BOM-860,M-1032,RM-21,1.2 m
BOM-861,M-1164,RM-25,1.2
BOM-862,M-1013,RM-33,0.5
BOM-863,M-1277,RM-95,1.2
BOM-864,M-1229,RM-94,2 件
BOM-865,M-1180,RM-74,1.2
BOM-866,M-1196,RM-57,0.5
BOM-867,M-1209,RM-22,0.5
BOM-868,M-1181,RM-19,500 g
BOM-869,M-1077,RM-73,0.5 kg
BOM-870,M-1228,RM-28,0.5 kg
BOM-871,M-1103,RM-37,2 件
BOM-872,M-1178,RM-28,1.2 m
BOM-873,M-1269,RM-63,500 g
BOM-874,M-1169,RM-41,0.5
BOM-875,M-1130,RM-85,1.2 m
BOM-876,M-1294,RM-108,0.5 kg
BOM-877,M-1067,RM-6,0.5 kg
BOM-878,M-1104,RM-72,1.2
BOM-879,M-1249,RM-14,0.5
BOM-880,M-1147,RM-62,2 件
BOM-881,M-1071,RM-2,500 g
BOM-882,M-1066,RM-71,2 件
BOM-883,M-1013,RM-112,500 g
BOM-884,M-1223,RM-109,500 g
BOM-885,M-1099,RM-89,1.2
BOM-886,M-1098,RM-111,2 件
BOM-887,M-1166,RM-29,500 g
BOM-888,M-1075,RM-81,1.2
BOM-889,M-1223,RM-42,1.2 m
BOM-890,M-1020,RM-81,1.2
BOM-891,M-1197,RM-30,500 g
BOM-892,M-1265,RM-36,2 件
BOM-893,M-1023,RM-11,1.2 m
BOM-894,M-1240,RM-114,2 件
BOM-895,M-1117,RM-16,2 件
BOM-896,M-1143,RM-100,500 g
BOM-897,M-1022,RM-120,0.5 kg
BOM-898,M-1269,RM-26,1.2
BOM-899,M-1004,RM-16,1.2 m
BOM-900,M-1288,RM-7,1.2 m
BOM-901,M-1271,RM-82,1.2
BOM-902,M-1067,RM-108,500 g
BOM-903,M-1126,RM-55,1.2
BOM-904,M-1151,RM-17,0.5 kg
BOM-905,M-1124,RM-10,0.5
BOM-906,M-1242,RM-60,0.5 kg
BOM-907,M-1024,RM-108,1.2 m
BOM-908,M-1218,RM-10,500 g
BOM-909,M-1283,RM-3,500 g
BOM-910,M-1071,RM-64,0.5 kg
BOM-911,M-1106,RM-95,2 件
BOM-912,M-1135,RM-45,500 g
BOM-913,M-1110,RM-90,1.2
BOM-914,M-1296,RM-42,2 件
BOM-915,M-1152,RM-100,1.2 m
BOM-916,M-1038,RM-6,2 件
BOM-917,M-1261,RM-95,0.5 kg
BOM-918,M-1099,RM-25,0.5 kg
BOM-919,M-1155,RM-14,2 件
BOM-920,M-1281,RM-79,0.5 kg
BOM-921,M-1230,RM-32,0.5 kg
BOM-922,M-1242,RM-29,1.2 m
BOM-923,M-1098,RM-14,0.5
BOM-924,M-1298,RM-84,500 g
BOM-925,M-1282,RM-120,0.5 kg
BOM-926,M-1241,RM-42,0.5 kg
BOM-927,M-1286,RM-119,2 件
BOM-928,M-1200,RM-118,0.5
BOM-929,M-1286,RM-59,1.2
BOM-930,M-1112,RM-3,2 件
BOM-931,M-1159,RM-43,0.5 kg
BOM-932,M-1236,RM-19,1.2 m
BOM-933,M-1293,RM-9,500 g
BOM-934,M-1196,RM-21,1.2 m
BOM-935,M-1226,RM-101,500 g
BOM-936,M-1076,RM-3,2 件
BOM-937,M-1082,RM-69,0.5
BOM-938,M-1099,RM-20,1.2 m
BOM-939,M-1280,RM-63,0.5
BOM-940,M-1122,RM-73,1.2
BOM-941,M-1039,RM-60,1.2
BOM-942,M-1282,RM-33,500 g
BOM-943,M-1225,RM-26,0.5 kg
BOM-944,M-1260,RM-116,500 g
BOM-945,M-1105,RM-2,0.5
BOM-946,M-1223,RM-118,500 g
BOM-947,M-1007,RM-98,0.5
BOM-948,M-1101,RM-81,0.5 kg
BOM-949,M-1276,RM-57,0.5
BOM-950,M-1289,RM-6,1.2
BOM-951,M-1200,RM-84,2 件
BOM-952,M-1154,RM-105,1.2
BOM-953,M-1203,RM-81,1.2
BOM-954,M-1233,RM-5,1.2 m
BOM-955,M-1137,RM-11,1.2 m
BOM-956,M-1185,RM-31,2 件
BOM-957,M-1092,RM-90,500 g
BOM-958,M-1132,RM-94,500 g
BOM-959,M-1183,RM-36,1.2 m
BOM-960,M-1247,RM-19,0.5 kg
BOM-961,M-1219,RM-107,0.5 kg
BOM-962,M-1141,RM-42,1.2 m
BOM-963,M-1095,RM-96,0.5 kg
BOM-964,M-1116,RM-27,0.5 kg
BOM-965,M-1036,RM-103,500 g
BOM-966,M-1085,RM-39,500 g
BOM-967,M-1021,RM-39,1.2 m
BOM-968,M-1156,RM-23,1.2
BOM-969,M-1227,RM-37,500 g
BOM-970,M-1266,RM-114,1.2
BOM-971,M-1287,RM-9,0.5 kg
BOM-972,M-1049,RM-84,1.2
BOM-973,M-1155,RM-57,2 件
BOM-974,M-1228,RM-95,1.2
BOM-975,M-1125,RM-2,500 g
BOM-976,M-1085,RM-49,500 g
BOM-977,M-1052,RM-91,1.2 m
BOM-978,M-1008,RM-59,0.5 kg
BOM-979,M-1157,RM-70,2 件
BOM-980,M-1118,RM-64,1.2
BOM-981,M-1215,RM-43,1.2 m
BOM-982,M-1257,RM-120,0.5 kg
BOM-983,M-1220,RM-7,1.2 m
BOM-984,M-1141,RM-113,1.2 m
BOM-985,M-1217,RM-93,0.5 kg
BOM-986,M-1014,RM-9,1.2
BOM-987,M-1002,RM-118,2 件
BOM-988,M-1206,RM-120,1.2
BOM-989,M-1123,RM-41,0.5 kg
BOM-990,M-1176,RM-66,1.2
BOM-991,M-1065,RM-52,0.5 kg
BOM-992,M-1268,RM-100,1.2 m
BOM-993,M-1068,RM-78,1.2 m
BOM-994,M-1024,RM-19,500 g
BOM-995,M-1078,RM-48,1.2
BOM-996,M-1009,RM-41,2 件
BOM-997,M-1158,RM-70,500 g
BOM-998,M-1113,RM-69,1.2
BOM-999,M-1286,RM-10,1.2 m
BOM-1000,M-1086,RM-6,0.5 kg
BOM-1001,M-1189,RM-18,1.2 m
BOM-1002,M-1165,RM-84,1.2 m
BOM-1003,M-1278,RM-113,1.2
BOM-1004,M-1090,RM-108,2 件
BOM-1005,M-1116,RM-71,2 件
BOM-1006,M-1218,RM-63,500 g
BOM-1007,M-1096,RM-16,500 g
BOM-1008,M-1156,RM-1,0.5 kg
BOM-1009,M-1271,RM-80,1.2 m
BOM-1010,M-1033,RM-117,0.5
BOM-1011,M-1290,RM-22,1.2 m
BOM-1012,M-1137,RM-120,0.5 kg
BOM-1013,M-1029,RM-116,1.2 m
BOM-1014,M-1149,RM-92,0.5 kg
BOM-1015,M-1222,RM-40,1.2
BOM-1016,M-1162,RM-27,0.5
BOM-1017,M-1083,RM-115,1.2 m
BOM-1018,M-1057,RM-102,1.2
BOM-1019,M-1288,RM-99,500 g
BOM-1020,M-1149,RM-69,0.5 kg
BOM-1021,M-1114,RM-34,1.2
BOM-1022,M-1022,RM-40,0.5
BOM-1023,M-1065,RM-8,2 件
BOM-1024,M-1224,RM-21,0.5 kg
BOM-1025,M-1117,RM-14,0.5
BOM-1026,M-1131,RM-119,0.5
BOM-1027,M-1253,RM-5,0.5
BOM-1028,M-1070,RM-62,2 件
BOM-1029,M-1125,RM-6,1.2
BOM-1030,M-1228,RM-24,500 g
BOM-1031,M-1144,RM-63,1.2 m
BOM-1032,M-1206,RM-1,0.5
BOM-1033,M-1101,RM-98,1.2 m
BOM-1034,M-1146,RM-1,500 g
BOM-1035,M-1163,RM-59,0.5
BOM-1036,M-1044,RM-35,0.5
BOM-1037,M-1212,RM-5,2 件
BOM-1038,M-1072,RM-26,0.5 kg
BOM-1039,M-1204,RM-104,1.2
BOM-1040,M-1133,RM-1,1.2 m
BOM-1041,M-1205,RM-48,500 g
BOM-1042,M-1055,RM-111,0.5 kg
BOM-1043,M-1005,RM-39,1.2 m
BOM-1044,M-1081,RM-104,1.2 m
BOM-1045,M-1061,RM-99,0.5 kg
BOM-1046,M-1074,RM-17,0.5 kg
BOM-1047,M-1294,RM-62,0.5
BOM-1048,M-1009,RM-23,0.5
BOM-1049,M-1124,RM-103,0.5 kg
BOM-1050,M-1164,RM-102,1.2 m
BOM-1051,M-1236,RM-33,1.2 m
BOM-1052,M-1090,RM-80,1.2
BOM-1053,M-1250,RM-38,500 g
BOM-1054,M-1036,RM-42,1.2 m
BOM-1055,M-1059,RM-73,2 件
BOM-1056,M-1165,RM-54,500 g
BOM-1057,M-1168,RM-102,1.2
BOM-1058,M-1224,RM-100,500 g
BOM-1059,M-1005,RM-3,0.5
BOM-1060,M-1085,RM-84,0.5
BOM-1061,M-1187,RM-52,500 g
BOM-1062,M-1240,RM-102,0.5 kg
BOM-1063,M-1050,RM-83,1.2
BOM-1064,M-1065,RM-119,0.5 kg
BOM-1065,M-1080,RM-70,1.2 m
BOM-1066,M-1079,RM-58,0.5
BOM-1067,M-1082,RM-4,2 件
BOM-1068,M-1278,RM-72,2 件
BOM-1069,M-1272,RM-113,0.5
BOM-1070,M-1153,RM-26,2 件
BOM-1071,M-1134,RM-28,0.5 kg
BOM-1072,M-1254,RM-64,1.2 m
BOM-1073,M-1148,RM-84,2 件
BOM-1074,M-1076,RM-12,2 件
BOM-1075,M-1219,RM-32,2 件
BOM-1076,M-1215,RM-109,1.2 m
BOM-1077,M-1006,RM-64,0.5 kg
BOM-1078,M-1173,RM-43,1.2 m
BOM-1079,M-1096,RM-53,1.2
BOM-1080,M-1039,RM-89,2 件
BOM-1081,M-1173,RM-39,2 件
BOM-1082,M-1159,RM-75,500 g
BOM-1083,M-1114,RM-115,1.2 m
BOM-1084,M-1276,RM-95,0.5 kg
BOM-1085,M-1088,RM-82,1.2 m
BOM-1086,M-1123,RM-11,2 件
BOM-1087,M-1048,RM-120,1.2
BOM-1088,M-1059,RM-42,1.2
BOM-1089,M-1021,RM-52,2 件
BOM-1090,M-1290,RM-48,500 g
BOM-1091,M-1036,RM-105,500 g
BOM-1092,M-1080,RM-111,0.5
BOM-1093,M-1190,RM-22,2 件
BOM-1094,M-1250,RM-33,0.5
BOM-1095,M-1124,RM-10,0.5
BOM-1096,M-1198,RM-88,1.2
BOM-1097,M-1232,RM-68,0.5 kg
BOM-1098,M-1268,RM-11,1.2
BOM-1099,M-1270,RM-18,0.5 kg
BOM-1100,M-1034,RM-86,0.5 kg
BOM-1101,M-1067,RM-76,0.5
BOM-1102,M-1102,RM-112,0.5
BOM-1103,M-1170,RM-44,0.5 kg
BOM-1104,M-1277,RM-91,0.5 kg
BOM-1105,M-1122,RM-63,500 g
BOM-1106,M-1141,RM-25,1.2 m
BOM-1107,M-1044,RM-117,1.2 m
BOM-1108,M-1277,RM-2,0.5
BOM-1109,M-1290,RM-117,0.5
BOM-1110,M-1258,RM-42,0.5
BOM-1111,M-1057,RM-118,1.2 m
BOM-1112,M-1285,RM-31,2 件
BOM-1113,M-1188,RM-6,2 件
BOM-1114,M-1280,RM-113,0.5
BOM-1115,M-1170,RM-31,1.2
BOM-1116,M-1028,RM-80,2 件
BOM-1117,M-1002,RM-54,0.5
BOM-1118,M-1277,RM-33,1.2 m
BOM-1119,M-1200,RM-76,1.2
BOM-1120,M-1112,RM-60,0.5 kg
BOM-1121,M-1196,RM-80,1.2
BOM-1122,M-1273,RM-74,500 g
BOM-1123,M-1108,RM-22,500 g
BOM-1124,M-1182,RM-22,0.5 kg
BOM-1125,M-1192,RM-5,1.2
BOM-1126,M-1290,RM-77,0.5
BOM-1127,M-1253,RM-30,0.5 kg
BOM-1128,M-1163,RM-4,0.5
BOM-1129,M-1057,RM-98,2 件
BOM-1130,M-1040,RM-87,0.5
BOM-1131,M-1031,RM-94,500 g
BOM-1132,M-1007,RM-88,0.5 kg
BOM-1133,M-1016,RM-12,0.5 kg
BOM-1134,M-1087,RM-10,500 g
BOM-1135,M-1276,RM-53,0.5
BOM-1136,M-1191,RM-86,2 件
BOM-1137,M-1179,RM-111,2 件
BOM-1138,M-1057,RM-13,1.2 m
BOM-1139,M-1057,RM-78,500 g
BOM-1140,M-1187,RM-25,1.2 m
BOM-1141,M-1196,RM-5,1.2 m
BOM-1142,M-1109,RM-62,2 件
BOM-1143,M-1186,RM-110,1.2
BOM-1144,M-1090,RM-91,2 件
BOM-1145,M-1163,RM-25,0.5
BOM-1146,M-1273,RM-102,2 件
BOM-1147,M-1081,RM-74,0.5
BOM-1148,M-1177,RM-75,1.2
BOM-1149,M-1227,RM-90,0.5 kg
BOM-1150,M-1252,RM-2,0.5 kg
BOM-1151,M-1126,RM-110,0.5 kg
BOM-1152,M-1219,RM-56,2 件
BOM-1153,M-1274,RM-72,2 件
BOM-1154,M-1241,RM-12,500 g
BOM-1155,M-1128,RM-8,0.5 kg
BOM-1156,M-1180,RM-74,0.5
BOM-1157,M-1276,RM-48,1.2 m
BOM-1158,M-1084,RM-50,500 g
BOM-1159,M-1004,RM-70,0.5 kg
BOM-1160,M-1010,RM-42,1.2
BOM-1161,M-1286,RM-84,2 件
BOM-1162,M-1292,RM-91,0.5 kg
BOM-1163,M-1137,RM-80,0.5 kg
BOM-1164,M-1086,RM-7,0.5
BOM-1165,M-1221,RM-71,1.2 m
BOM-1166,M-1005,RM-59,1.2 m
BOM-1167,M-1171,RM-118,2 件
BOM-1168,M-1066,RM-118,0.5 kg
BOM-1169,M-1059,RM-98,1.2
BOM-1170,M-1073,RM-29,1.2
BOM-1171,M-1114,RM-60,500 g
BOM-1172,M-1004,RM-12,500 g
BOM-1173,M-1290,RM-53,0.5 kg
BOM-1174,M-1081,RM-79,0.5 kg
BOM-1175,M-1111,RM-77,500 g
BOM-1176,M-1286,RM-11,500 g
BOM-1177,M-1215,RM-88,0.5 kg
BOM-1178,M-1130,RM-28,0.5 kg
BOM-1179,M-1046,RM-36,500 g
BOM-1180,M-1051,RM-55,1.2
BOM-1181,M-1107,RM-10,2 件
BOM-1182,M-1176,RM-118,2 件
BOM-1183,M-1213,RM-102,1.2
BOM-1184,M-1248,RM-21,1.2 m
BOM-1185,M-1168,RM-55,2 件
BOM-1186,M-1070,RM-82,0.5 kg
BOM-1187,M-1273,RM-70,1.2
BOM-1188,M-1296,RM-20,500 g
BOM-1189,M-1124,RM-116,0.5 kg
BOM-1190,M-1256,RM-48,500 g
BOM-1191,M-1048,RM-52,500 g
BOM-1192,M-1110,RM-33,0.5
BOM-1193,M-1118,RM-98,500 g
BOM-1194,M-1116,RM-58,0.5
BOM-1195,M-1129,RM-90,500 g
BOM-1196,M-1260,RM-1,0.5
BOM-1197,M-1258,RM-113,1.2 m
BOM-1198,M-1267,RM-30,1.2
BOM-1199,M-1118,RM-30,2 件
BOM-1200,M-1202,RM-93,500 g
BOM-1201,M-1067,RM-60,500 g
BOM-1202,M-1068,RM-39,500 g
BOM-1203,M-1237,RM-103,2 件
BOM-1204,M-1255,RM-74,500 g
BOM-1205,M-1237,RM-82,0.5
BOM-1206,M-1147,RM-7,0.5
BOM-1207,M-1054,RM-28,1.2
BOM-1208,M-1157,RM-14,1.2
BOM-1209,M-1022,RM-105,1.2
BOM-1210,M-1218,RM-72,0.5
BOM-1211,M-1038,RM-80,1.2 m
BOM-1212,M-1177,RM-2,500 g
BOM-1213,M-1015,RM-85,1.2 m
BOM-1214,M-1136,RM-39,1.2
BOM-1215,M-1109,RM-14,0.5
BOM-1216,M-1106,RM-119,0.5
BOM-1217,M-1044,RM-115,1.2 m
BOM-1218,M-1081,RM-40,500 g
BOM-1219,M-1072,RM-39,1.2
BOM-1220,M-1289,RM-29,2 件
BOM-1221,M-1044,RM-82,500 g
BOM-1222,M-1258,RM-21,2 件
BOM-1223,M-1217,RM-54,2 件
BOM-1224,M-1153,RM-120,0.5 kg
BOM-1225,M-1236,RM-110,1.2 m
BOM-1226,M-1144,RM-85,0.5
BOM-1227,M-1109,RM-61,1.2
BOM-1228,M-1257,RM-48,1.2 m
BOM-1229,M-1066,RM-8,500 g
BOM-1230,M-1146,RM-92,0.5 kg
BOM-1231,M-1197,RM-87,0.5 kg
BOM-1232,M-1256,RM-6,1.2
BOM-1233,M-1126,RM-36,0.5
BOM-1234,M-1061,RM-9,0.5
BOM-1235,M-1241,RM-78,1.2 m
BOM-1236,M-1248,RM-11,1.2
BOM-1237,M-1045,RM-114,1.2 m
BOM-1238,M-1180,RM-75,0.5 kg
BOM-1239,M-1016,RM-29,1.2 m
BOM-1240,M-1056,RM-23,500 g
BOM-1241,M-1041,RM-9,500 g
BOM-1242,M-1087,RM-50,0.5 kg
BOM-1243,M-1229,RM-12,500 g
BOM-1244,M-1136,RM-116,1.2 m
BOM-1245,M-1056,RM-62,0.5 kg
BOM-1246,M-1188,RM-56,0.5 kg
BOM-1247,M-1156,RM-69,1.2 m
BOM-1248,M-1012,RM-14,0.5
BOM-1249,M-1222,RM-3,2 件
BOM-1250,M-1162,RM-40,0.5
BOM-1251,M-1144,RM-24,0.5 kg
BOM-1252,M-1299,RM-44,1.2 m
BOM-1253,M-1010,RM-84,500 g
BOM-1254,M-1119,RM-102,0.5 kg
BOM-1255,M-1091,RM-90,500 g
BOM-1256,M-1069,RM-49,1.2
BOM-1257,M-1216,RM-97,500 g
BOM-1258,M-1031,RM-114,1.2
BOM-1259,M-1197,RM-70,500 g
BOM-1260,M-1036,RM-60,0.5 kg
BOM-1261,M-1072,RM-106,500 g
BOM-1262,M-1129,RM-38,500 g
BOM-1263,M-1260,RM-118,1.2 m
BOM-1264,M-1224,RM-98,1.2 m
BOM-1265,M-1028,RM-81,500 g
BOM-1266,M-1273,RM-108,1.2 m
BOM-1267,M-1071,RM-90,1.2
BOM-1268,M-1286,RM-43,1.2 m
BOM-1269,M-1202,RM-34,1.2 m
BOM-1270,M-1203,RM-43,1.2
BOM-1271,M-1004,RM-64,500 g
BOM-1272,M-1087,RM-3,0.5 kg
BOM-1273,M-1277,RM-99,1.2 m
BOM-1274,M-1007,RM-49,0.5 kg
BOM-1275,M-1211,RM-71,2 件
BOM-1276,M-1010,RM-116,1.2
BOM-1277,M-1101,RM-120,0.5 kg
BOM-1278,M-1174,RM-61,2 件
BOM-1279,M-1200,RM-5,1.2 m
BOM-1280,M-1091,RM-35,1.2
BOM-1281,M-1185,RM-11,0.5 kg
BOM-1282,M-1061,RM-101,2 件
BOM-1283,M-1080,RM-118,1.2
BOM-1284,M-1039,RM-15,0.5 kg
BOM-1285,M-1230,RM-48,0.5
BOM-1286,M-1054,RM-114,1.2
BOM-1287,M-1250,RM-40,2 件
BOM-1288,M-1010,RM-92,0.5 kg
BOM-1289,M-1145,RM-18,1.2
BOM-1290,M-1175,RM-15,1.2 m
BOM-1291,M-1192,RM-86,0.5
BOM-1292,M-1113,RM-87,1.2
BOM-1293,M-1086,RM-73,0.5
BOM-1294,M-1053,RM-101,1.2 m
BOM-1295,M-1298,RM-38,500 g
BOM-1296,M-1131,RM-114,0.5
BOM-1297,M-1205,RM-88,1.2 m
BOM-1298,M-1113,RM-104,1.2
BOM-1299,M-1012,RM-44,2 件
BOM-1300,M-1129,RM-108,0.5 kg
BOM-1301,M-1184,RM-12,2 件
BOM-1302,M-1231,RM-8,1.2 m
BOM-1303,M-1042,RM-2,0.5
BOM-1304,M-1116,RM-56,500 g
BOM-1305,M-1081,RM-120,2 件
BOM-1306,M-1227,RM-4,0.5
BOM-1307,M-1089,RM-97,0.5
BOM-1308,M-1053,RM-48,1.2
BOM-1309,M-1239,RM-55,1.2 m
BOM-1310,M-1129,RM-40,2 件
BOM-1311,M-1061,RM-69,2 件
BOM-1312,M-1168,RM-94,0.5 kg
BOM-1313,M-1293,RM-65,500 g
BOM-1314,M-1180,RM-47,0.5 kg
BOM-1315,M-1064,RM-59,2 件
BOM-1316,M-1159,RM-108,500 g
BOM-1317,M-1256,RM-84,500 g
BOM-1318,M-1162,RM-49,500 g
BOM-1319,M-1189,RM-2,0.5 kg
BOM-1320,M-1212,RM-8,0.5 kg
BOM-1321,M-1024,RM-109,0.5
BOM-1322,M-1263,RM-39,2 件
BOM-1323,M-1060,RM-4,1.2 m
BOM-1324,M-1137,RM-28,2 件
BOM-1325,M-1057,RM-17,1.2 m
BOM-1326,M-1083,RM-71,0.5
BOM-1327,M-1174,RM-15,1.2
BOM-1328,M-1111,RM-91,0.5
BOM-1329,M-1262,RM-109,1.2 m
BOM-1330,M-1209,RM-49,1.2
BOM-1331,M-1045,RM-84,0.5
BOM-1332,M-1090,RM-109,1.2
BOM-1333,M-1233,RM-61,500 g
BOM-1334,M-1057,RM-27,1.2 m
BOM-1335,M-1204,RM-96,0.5
BOM-1336,M-1039,RM-65,2 件
BOM-1337,M-1097,RM-23,1.2 m
BOM-1338,M-1103,RM-32,1.2 m
BOM-1339,M-1068,RM-85,1.2
BOM-1340,M-1009,RM-113,1.2
BOM-1341,M-1071,RM-29,2 件
BOM-1342,M-1018,RM-63,0.5 kg
BOM-1343,M-1057,RM-38,0.5 kg
BOM-1344,M-1123,RM-74,500 g
BOM-1345,M-1265,RM-35,0.5 kg
BOM-1346,M-1124,RM-87,2 件
BOM-1347,M-1289,RM-50,500 g
BOM-1348,M-1038,RM-1,2 件
BOM-1349,M-1233,RM-51,1.2
BOM-1350,M-1276,RM-74,2 件
BOM-1351,M-1236,RM-61,0.5 kg
BOM-1352,M-1087,RM-120,500 g
BOM-1353,M-1171,RM-92,1.2
BOM-1354,M-1121,RM-12,0.5
BOM-1355,M-1058,RM-111,500 g
BOM-1356,M-1052,RM-112,1.2
BOM-1357,M-1077,RM-70,500 g
BOM-1358,M-1253,RM-57,1.2
BOM-1359,M-1111,RM-113,500 g
BOM-1360,M-1190,RM-110,0.5
BOM-1361,M-1175,RM-86,0.5
BOM-1362,M-1278,RM-7,1.2
BOM-1363,M-1037,RM-95,1.2
BOM-1364,M-1089,RM-87,0.5 kg
BOM-1365,M-1113,RM-18,0.5 kg
BOM-1366,M-1113,RM-93,1.2
BOM-1367,M-1189,RM-48,1.2
BOM-1368,M-1125,RM-112,0.5
BOM-1369,M-1027,RM-63,1.2
BOM-1370,M-1244,RM-14,1.2
BOM-1371,M-1127,RM-103,0.5
BOM-1372,M-1289,RM-34,500 g
BOM-1373,M-1047,RM-68,1.2
BOM-1374,M-1037,RM-20,0.5
BOM-1375,M-1126,RM-65,500 g
BOM-1376,M-1282,RM-61,1.2
BOM-1377,M-1212,RM-54,1.2
BOM-1378,M-1026,RM-37,0.5
BOM-1379,M-1260,RM-114,1.2 m
BOM-1380,M-1260,RM-34,0.5 kg
BOM-1381,M-1004,RM-53,1.2
BOM-1382,M-1013,RM-77,0.5
BOM-1383,M-1160,RM-120,500 g
BOM-1384,M-1175,RM-70,500 g
BOM-1385,M-1169,RM-6,2 件
BOM-1386,M-1262,RM-15,2 件
BOM-1387,M-1169,RM-38,1.2
BOM-1388,M-1163,RM-101,1.2
BOM-1389,M-1081,RM-73,0.5 kg
BOM-1390,M-1264,RM-73,0.5
BOM-1391,M-1066,RM-50,1.2
BOM-1392,M-1079,RM-110,2 件
BOM-1393,M-1234,RM-85,500 g
BOM-1394,M-1176,RM-5,0.5 kg
BOM-1395,M-1139,RM-61,0.5
BOM-1396,M-1211,RM-12,500 g
BOM-1397,M-1102,RM-55,0.5 kg
BOM-1398,M-1259,RM-63,500 g
BOM-1399,M-1291,RM-87,0.5
BOM-1400,M-1219,RM-86,1.2 m
BOM-1401,M-1257,RM-33,2 件
BOM-1402,M-1261,RM-113,0.5 kg
BOM-1403,M-1008,RM-50,0.5
BOM-1404,M-1244,RM-20,2 件
BOM-1405,M-1197,RM-84,2 件
BOM-1406,M-1241,RM-73,0.5 kg
BOM-1407,M-1083,RM-96,0.5 kg
BOM-1408,M-1067,RM-112,2 件
BOM-1409,M-1037,RM-40,0.5
BOM-1410,M-1288,RM-11,2 件
BOM-1411,M-1013,RM-74,500 g
BOM-1412,M-1131,RM-112,1.2
BOM-1413,M-1257,RM-104,2 件
BOM-1414,M-1078,RM-82,500 g
BOM-1415,M-1072,RM-110,1.2
BOM-1416,M-1130,RM-21,1.2 m
BOM-1417,M-1284,RM-8,500 g
BOM-1418,M-1291,RM-107,2 件
BOM-1419,M-1197,RM-78,1.2 m
BOM-1420,M-1060,RM-37,0.5 kg
BOM-1421,M-1170,RM-52,500 g
BOM-1422,M-1221,RM-71,2 件
BOM-1423,M-1161,RM-23,0.5
BOM-1424,M-1119,RM-10,1.2 m
BOM-1425,M-1256,RM-16,0.5 kg
BOM-1426,M-1078,RM-91,1.2 m
BOM-1427,M-1109,RM-99,2 件
BOM-1428,M-1283,RM-90,2 件
BOM-1429,M-1090,RM-4,0.5
BOM-1430,M-1146,RM-106,1.2 m
BOM-1431,M-1001,RM-25,0.5
BOM-1432,M-1172,RM-19,0.5
BOM-1433,M-1199,RM-67,1.2 m
BOM-1434,M-1092,RM-14,0.5 kg
BOM-1435,M-1121,RM-37,2 件
BOM-1436,M-1169,RM-9,2 件
BOM-1437,M-1152,RM-47,1.2
BOM-1438,M-1292,RM-36,500 g
BOM-1439,M-1055,RM-98,0.5
BOM-1440,M-1191,RM-73,500 g
BOM-1441,M-1080,RM-47,0.5 kg
BOM-1442,M-1236,RM-46,1.2
BOM-1443,M-1150,RM-77,1.2
BOM-1444,M-1290,RM-89,0.5
BOM-1445,M-1239,RM-16,0.5
BOM-1446,M-1027,RM-97,0.5
BOM-1447,M-1184,RM-4,0.5 kg
BOM-1448,M-1275,RM-10,0.5 kg
BOM-1449,M-1219,RM-106,500 g
BOM-1450,M-1157,RM-65,0.5 kg
BOM-1451,M-1096,RM-64,1.2 m
BOM-1452,M-1037,RM-16,2 件
BOM-1453,M-1247,RM-60,1.2
BOM-1454,M-1203,RM-120,1.2 m
BOM-1455,M-1058,RM-42,2 件
BOM-1456,M-1161,RM-57,500 g
BOM-1457,M-1217,RM-81,1.2 m
BOM-1458,M-1242,RM-107,1.2 m
BOM-1459,M-1096,RM-93,1.2
BOM-1460,M-1236,RM-45,2 件
BOM-1461,M-1040,RM-99,500 g
BOM-1462,M-1250,RM-114,1.2 m
BOM-1463,M-1040,RM-118,500 g
BOM-1464,M-1186,RM-41,0.5 kg
BOM-1465,M-1192,RM-83,1.2 m
BOM-1466,M-1151,RM-38,1.2
BOM-1467,M-1268,RM-35,1.2 m
BOM-1468,M-1022,RM-21,500 g
BOM-1469,M-1296,RM-79,1.2
BOM-1470,M-1048,RM-23,0.5
BOM-1471,M-1194,RM-96,0.5 kg
BOM-1472,M-1009,RM-114,1.2 m
BOM-1473,M-1267,RM-94,500 g
BOM-1474,M-1064,RM-84,0.5
BOM-1475,M-1179,RM-53,1.2
BOM-1476,M-1192,RM-91,500 g
BOM-1477,M-1239,RM-107,1.2 m
BOM-1478,M-1257,RM-66,2 件
BOM-1479,M-1163,RM-116,0.5
BOM-1480,M-1292,RM-44,0.5
BOM-1481,M-1177,RM-53,1.2 m
BOM-1482,M-1221,RM-33,500 g
BOM-1483,M-1063,RM-34,0.5
BOM-1484,M-1033,RM-57,1.2
BOM-1485,M-1079,RM-34,1.2
BOM-1486,M-1096,RM-72,0.5 kg
BOM-1487,M-1015,RM-89,0.5 kg
BOM-1488,M-1144,RM-53,0.5
BOM-1489,M-1188,RM-23,500 g
BOM-1490,M-1162,RM-102,0.5 kg
BOM-1491,M-1229,RM-116,2 件
BOM-1492,M-1156,RM-62,0.5
BOM-1493,M-1030,RM-30,0.5 kg
BOM-1494,M-1024,RM-93,1.2
BOM-1495,M-1075,RM-25,1.2 m
BOM-1496,M-1077,RM-97,2 件
BOM-1497,M-1206,RM-50,0.5
BOM-1498,M-1271,RM-45,0.5
BOM-1499,M-1215,RM-50,1.2 m
BOM-1500,M-1023,RM-33,0.5 kg
