customer_id,company_name,email,region,credit_limit,since
MC-1,cyberdyne -100 inc,acct100@example.com,北京,500000,2018-01-01
MC-2,black mesa -101 inc,acct101@corp.net,上海,500000,2018-01-01
MC-3,oscorp -102 inc,acct102@biz.org,广州,500000,2018-01-01
MC-4,acme corp -103 inc,acct103@example.com,深圳,500000,2018-01-01
MC-5,aperture -104 inc,acct104@corp.net,杭州,500000,2018-01-01
MC-6,weyland-yutani -105 inc,acct105@biz.org,成都,500000,2018-01-01
MC-7,black mesa -106 inc,acct106@example.com,武汉,500000,2018-01-01
MC-8,initech -107 inc,acct107@corp.net,南京,500000,2018-01-01
MC-9,massive dynamic -108 inc,acct108@biz.org,西安,500000,2018-01-01
MC-10,weyland-yutani -109 inc,acct109@example.com,苏州,500000,2018-01-01
MC-11,black mesa -110 inc,acct110@corp.net,北京,500000,2018-01-01
MC-12,massive dynamic -111 inc,acct111@biz.org,上海,500000,2018-01-01
MC-13,wayne enterprises -112 inc,acct112@example.com,广州,500000,2018-01-01
MC-14,cyberdyne -113 inc,acct113@corp.net,深圳,500000,2018-01-01
MC-15,tyrell corp -114 inc,acct114@biz.org,杭州,500000,2018-01-01
MC-16,wayne enterprises -115 inc,acct115@example.com,成都,500000,2018-01-01
MC-17,wonka -116 inc,acct116@corp.net,武汉,500000,2018-01-01
MC-18,hooli -117 inc,acct117@biz.org,南京,500000,2018-01-01
MC-19,oscorp -118 inc,acct118@example.com,西安,500000,2018-01-01
MC-20,aperture -119 inc,acct119@corp.net,苏州,500000,2018-01-01
MC-21,dunder mifflin -120 inc,acct120@biz.org,北京,500000,2018-01-01
MC-22,lexcorp -121 inc,acct121@example.com,上海,500000,2018-01-01
MC-23,weyland-yutani -122 inc,acct122@corp.net,广州,500000,2018-01-01
MC-24,weyland-yutani -123 inc,acct123@biz.org,深圳,500000,2018-01-01
MC-25,vandelay -124 inc,acct124@example.com,杭州,500000,2018-01-01
MC-26,massive dynamic -125 inc,acct125@corp.net,成都,500000,2018-01-01
MC-27,wonka -126 inc,acct126@biz.org,武汉,500000,2018-01-01
MC-28,hooli -127 inc,acct127@example.com,南京,500000,2018-01-01
MC-29,blue sun -128 inc,acct128@corp.net,西安,500000,2018-01-01
MC-30,initech -129 inc,acct129@biz.org,苏州,500000,2018-01-01
MC-31,massive dynamic -130 inc,acct130@example.com,北京,500000,2018-01-01
MC-32,aperture -131 inc,acct131@corp.net,上海,500000,2018-01-01
MC-33,massive dynamic -132 inc,acct132@biz.org,广州,500000,2018-01-01
MC-34,hooli -133 inc,acct133@example.com,深圳,500000,2018-01-01
MC-35,hooli -134 inc,acct134@corp.net,杭州,500000,2018-01-01
MC-36,umbrella co -135 inc,acct135@biz.org,成都,500000,2018-01-01
MC-37,tyrell corp -136 inc,acct136@example.com,武汉,500000,2018-01-01
MC-38,globex -137 inc,acct137@corp.net,南京,500000,2018-01-01
MC-39,acme corp -138 inc,acct138@biz.org,西安,500000,2018-01-01
MC-40,stark industries -139 inc,acct139@example.com,苏州,500000,2018-01-01
MC-111,lexcorp -210 inc,acct210@biz.org,北京,500000,2018-01-01
MC-112,oscorp -211 inc,acct211@example.com,上海,500000,2018-01-01
MC-113,lexcorp -212 inc,acct212@corp.net,广州,500000,2018-01-01
MC-114,massive dynamic -213 inc,acct213@biz.org,深圳,500000,2018-01-01
MC-115,wayne enterprises -214 inc,acct214@example.com,杭州,500000,2018-01-01
MC-116,black mesa -215 inc,acct215@corp.net,成都,500000,2018-01-01
MC-117,blue sun -216 inc,acct216@biz.org,武汉,500000,2018-01-01
MC-118,initech -217 inc,acct217@example.com,南京,500000,2018-01-01
MC-119,vandelay -218 inc,acct218@corp.net,西安,500000,2018-01-01
MC-120,wayne enterprises -219 inc,acct219@biz.org,苏州,500000,2018-01-01
MC-121,acme corp -220 inc,acct220@example.com,北京,500000,2018-01-01
MC-122,wonka -221 inc,acct221@corp.net,上海,500000,2018-01-01
MC-123,globex -222 inc,acct222@biz.org,广州,500000,2018-01-01
MC-124,umbrella co -223 inc,acct223@example.com,深圳,500000,2018-01-01
MC-125,hooli -224 inc,acct224@corp.net,杭州,500000,2018-01-01
MC-126,stark industries -225 inc,acct225@biz.org,成都,500000,2018-01-01
MC-127,umbrella co -226 inc,acct226@example.com,武汉,500000,2018-01-01
MC-128,vandelay -227 inc,acct227@corp.net,南京,500000,2018-01-01
MC-129,umbrella co -228 inc,acct228@biz.org,西安,500000,2018-01-01
MC-130,pied piper -229 inc,acct229@example.com,苏州,500000,2018-01-01
MC-131,tyrell corp -230 inc,acct230@corp.net,北京,500000,2018-01-01
MC-132,stark industries -231 inc,acct231@biz.org,上海,500000,2018-01-01
MC-133,wonka -232 inc,acct232@example.com,广州,500000,2018-01-01
MC-134,black mesa -233 inc,acct233@corp.net,深圳,500000,2018-01-01
MC-135,lexcorp -234 inc,acct234@biz.org,杭州,500000,2018-01-01
MC-136,acme corp -235 inc,acct235@example.com,成都,500000,2018-01-01
MC-137,lexcorp -236 inc,acct236@corp.net,武汉,500000,2018-01-01
MC-138,aperture -237 inc,acct237@biz.org,南京,500000,2018-01-01
MC-139,stark industries -238 inc,acct238@example.com,西安,500000,2018-01-01
MC-140,lexcorp -239 inc,acct239@corp.net,苏州,500000,2018-01-01
MC-141,aperture -240 inc,acct240@biz.org,北京,500000,2018-01-01
MC-142,oscorp -241 inc,acct241@example.com,上海,500000,2018-01-01
MC-143,wonka -242 inc,acct242@corp.net,广州,500000,2018-01-01
MC-144,globex -243 inc,acct243@biz.org,深圳,500000,2018-01-01
MC-145,globex -244 inc,acct244@example.com,杭州,500000,2018-01-01
MC-146,pied piper -245 inc,acct245@corp.net,成都,500000,2018-01-01
MC-147,wonka -246 inc,acct246@biz.org,武汉,500000,2018-01-01
MC-148,oscorp -247 inc,acct247@example.com,南京,500000,2018-01-01
MC-149,cyberdyne -248 inc,acct248@corp.net,西安,500000,2018-01-01
MC-150,lexcorp -249 inc,acct249@biz.org,苏州,500000,2018-01-01
MC-281,wayne enterprises mfg#80,  mfg80@industry.com  ,上海,"$3,006,509.00",15-02-2022
MC-282,Initech MFG#81,mfg81@industry.com,北京,"$1,525,212.00",28-04-2017
MC-283,Aperture MFG#82,mfg82@industry.com,成都,1386366,2020-05-09
MC-284,Weyland-Yutani MFG#83,MFG83@FACTORY.ORG,深圳,"$3,617,576.00",02/17/2018
MC-285,weyland-yutani mfg#84,mfg84@industry.com,广州,4 950 446,12-12-2018
MC-286,black mesa mfg#85,mfg85@industry.com,西安,"$1,884,292.00",11/25/2019
MC-287,Acme Corp MFG#86,mfg86@plant.net,深圳,3 321 781,01-12-2026
MC-288,Vandelay MFG#87,mfg87@plant.net,西安,"$2,321,744.00",2015-05-21
MC-289,Umbrella Co MFG#88,mfg88@factory.org,北京,"4 952 025,00",10/07/2024
MC-290,  Black Mesa MFG#0  ,  mfg89@plant.net  ,成都,4 321 307,2020-08-14
MC-291,Globex MFG#1,mfg90@plant.net,成都,2541822,05-06-2018
MC-292,BLUE SUN MFG#2,MFG91@PLANT.NET,杭州,2519943,2020-07-23
MC-293,INITECH MFG#3,mfg92@plant.net,上海,"$3,554,070.00",2021-08-20
MC-294,Cyberdyne MFG#4,MFG93@INDUSTRY.COM,成都,"$721,962.00",06/21/2025
MC-295,Initech MFG#5,mfg94@factory.org,南京,"$1,923,805.00",2021-09-14
MC-296,  Initech MFG#6  ,mfg95@factory.org,北京,1178742,01/24/2021
MC-297,Aperture MFG#7,MFG96@PLANT.NET,上海,3238423,12/19/2016
MC-298,Aperture MFG#8,MFG97@PLANT.NET,南京,2576165,17-12-2018
MC-299,  Initech MFG#9  ,MFG98@INDUSTRY.COM,上海,"$3,439,988.00",2017-06-07
MC-300,Stark Industries MFG#10,mfg99@industry.com,南京,"4 608 009,00",12/14/2019
MC-301,BLACK MESA MFG#11,  mfg100@plant.net  ,杭州,1541768,24-10-2019
MC-302,blue sun mfg#12,mfg101@factory.org,深圳,"$874,522.00",01-11-2025
MC-303,HOOLI MFG#13,mfg102@plant.net,苏州,2565020,11/03/2024
MC-304,MASSIVE DYNAMIC MFG#14,  mfg103@industry.com  ,杭州,3 907 900,12/13/2025
MC-305,Blue Sun MFG#15,mfg104@plant.net,苏州,3982417,17-04-2019
MC-306,BLUE SUN MFG#16,mfg105@factory.org,广州,"4 987 314,00",2018-09-02
MC-307,OSCORP MFG#17,  mfg106@plant.net  ,苏州,"619 411,00",2026-07-15
MC-308,LexCorp MFG#18,mfg107@industry.com,杭州,3176124,2019-07-01
MC-309,WEYLAND-YUTANI MFG#19,  mfg108@factory.org  ,西安,2 632 251,25-08-2019
MC-310,  Tyrell Corp MFG#20  ,  mfg109@industry.com  ,南京,86141,2023-06-26
MC-311,  Vandelay MFG#21  ,mfg110@factory.org,上海,"$4,867,402.00",06/01/2016
MC-312,Initech MFG#22,mfg111@plant.net,苏州,882969,02/07/2017
MC-313,  Stark Industries MFG#23  ,  mfg112@industry.com  ,武汉,3521908,19-09-2019
MC-314,Wonka MFG#24,MFG113@INDUSTRY.COM,苏州,4 934 077,2016-04-28
MC-315,Blue Sun MFG#25,mfg114@plant.net,成都,1551929,2018-07-09
MC-316,  Cyberdyne MFG#26  ,mfg115@factory.org,杭州,"$2,488,664.00",2017-08-10
MC-317,Hooli MFG#27,  mfg116@factory.org  ,苏州,1261405,09/03/2015
MC-318,Wayne Enterprises MFG#28,  mfg117@plant.net  ,深圳,"$1,256,679.00",2015-12-16
MC-319,  Acme Corp MFG#29  ,mfg118@plant.net,南京,4 659 170,06/20/2022
MC-320,  Pied Piper MFG#30  ,mfg119@industry.com,武汉,340 780,2015-01-03
MC-321,  Umbrella Co MFG#31  ,mfg120@plant.net,西安,3982901,01/09/2021
MC-322,Hooli MFG#32,mfg121@factory.org,北京,3155873,08/15/2022
MC-323,LEXCORP MFG#33,  mfg122@factory.org  ,上海,4645253,25-05-2015
MC-324,Weyland-Yutani MFG#34,  mfg123@industry.com  ,北京,"$4,782,643.00",08/07/2019
MC-325,Initech MFG#35,mfg124@industry.com,广州,"$722,194.00",17-10-2020
MC-326,UMBRELLA CO MFG#36,MFG125@INDUSTRY.COM,杭州,"$496,081.00",2015-08-09
MC-327,Wayne Enterprises MFG#37,mfg126@factory.org,广州,"$4,078,820.00",2018-02-19
MC-328,Massive Dynamic MFG#38,mfg127@plant.net,广州,748586,2017-05-24
MC-329,Black Mesa MFG#39,  mfg128@industry.com  ,杭州,"$3,704,378.00",07-09-2020
MC-330,Acme Corp MFG#40,  mfg129@factory.org  ,深圳,1 310 003,2017-02-14
MC-331,Hooli MFG#41,  mfg130@factory.org  ,深圳,"$1,453,211.00",22-05-2018
MC-332,Aperture MFG#42,MFG131@FACTORY.ORG,武汉,4215555,2016-12-15
MC-333,  Tyrell Corp MFG#43  ,  mfg132@factory.org  ,深圳,3282759,2025-02-20
MC-334,PIED PIPER MFG#44,MFG133@INDUSTRY.COM,上海,4 219 086,2018-04-13
MC-335,Stark Industries MFG#45,MFG134@INDUSTRY.COM,深圳,2994125,05/13/2021
MC-336,  Umbrella Co MFG#46  ,mfg135@industry.com,深圳,1736929,02/06/2015
MC-337,OSCORP MFG#47,  mfg136@factory.org  ,深圳,1294193,2023-01-22
MC-338,Umbrella Co MFG#48,mfg137@factory.org,武汉,"$3,279,395.00",2021-01-07
MC-339,Blue Sun MFG#49,mfg138@factory.org,深圳,"$4,055,554.00",2016-11-01
MC-340,Initech MFG#50,mfg139@industry.com,西安,777839,2020-05-25
MC-341,Acme Corp MFG#51,mfg140@industry.com,西安,"$2,229,519.00",2015-05-05
MC-342,  Oscorp MFG#52  ,  mfg141@factory.org  ,武汉,"$2,833,343.00",02/04/2024
MC-343,WEYLAND-YUTANI MFG#53,mfg142@plant.net,深圳,"202 618,00",07-08-2024
MC-344,GLOBEX MFG#54,  mfg143@industry.com  ,西安,3757748,2017-12-15
MC-345,Blue Sun MFG#55,mfg144@industry.com,南京,1238442,2025-06-28
MC-346,Massive Dynamic MFG#56,mfg145@plant.net,西安,2837001,11/20/2017
MC-347,Globex MFG#57,mfg146@factory.org,苏州,2146992,2022-11-01
MC-348,  Acme Corp MFG#58  ,mfg147@plant.net,西安,"$3,562,084.00",2023-12-10
MC-349,INITECH MFG#59,mfg148@industry.com,武汉,1078857,12/23/2024
MC-350,Aperture MFG#60,mfg149@factory.org,苏州,2950980,10/10/2024
MC-351,Dunder Mifflin MFG#61,  mfg150@industry.com  ,广州,"212 570,00",10/19/2020
MC-352,Wayne Enterprises MFG#62,MFG151@PLANT.NET,武汉,4775268,06/20/2016
MC-353,PIED PIPER MFG#63,  mfg152@plant.net  ,深圳,2926876,2015-03-09
MC-354,BLUE SUN MFG#64,mfg153@industry.com,成都,"1 599 555,00",2023-09-24
MC-355,cyberdyne mfg#65,  mfg154@factory.org  ,上海,"$4,946,880.00",01/21/2026
MC-356,WEYLAND-YUTANI MFG#66,mfg155@industry.com,上海,4393326,24-02-2016
MC-357,UMBRELLA CO MFG#67,mfg156@industry.com,苏州,"$3,327,290.00",2021-08-28
MC-358,Globex MFG#68,mfg157@factory.org,南京,"$3,740,130.00",06/05/2023
MC-359,Vandelay MFG#69,mfg158@industry.com,南京,"4 200 198,00",08/17/2016
MC-360,MASSIVE DYNAMIC MFG#70,mfg159@industry.com,武汉,"$697,660.00",04/19/2015
MC-361,  Tyrell Corp MFG#71  ,mfg160@industry.com,深圳,707181,2020-05-14
MC-362,BLUE SUN MFG#72,mfg161@plant.net,北京,"$702,983.00",04-08-2026
MC-363,Wayne Enterprises MFG#73,mfg162@plant.net,上海,3 165 808,10-10-2025
MC-364,Blue Sun MFG#74,mfg163@plant.net,苏州,4851758,2017-06-05
MC-365,Blue Sun MFG#75,mfg164@plant.net,南京,3725644,28-05-2025
MC-366,Pied Piper MFG#76,mfg165@industry.com,上海,996574,11/15/2026
MC-367,BLUE SUN MFG#77,mfg166@industry.com,上海,"672 261,00",03/02/2015
MC-368,Cyberdyne MFG#78,MFG167@FACTORY.ORG,深圳,1 119 701,05-06-2021
MC-369,INITECH MFG#79,MFG168@PLANT.NET,北京,"$912,469.00",2018-07-21
MC-370,aperture mfg#80,MFG169@INDUSTRY.COM,南京,"$989,635.00",09/18/2021
MC-371,Umbrella Co MFG#81,mfg170@industry.com,西安,"$4,240,525.00",12/26/2019
MC-372,Wonka MFG#82,mfg171@industry.com,西安,336059,03/24/2015
MC-373,Cyberdyne MFG#83,MFG172@INDUSTRY.COM,上海,"$1,538,548.00",2015-08-10
MC-374,  Tyrell Corp MFG#84  ,  mfg173@plant.net  ,武汉,4325180,2026-04-07
MC-375,Wayne Enterprises MFG#85,  mfg174@plant.net  ,广州,"$3,926,079.00",2026-11-21
MC-376,acme corp mfg#86,mfg175@plant.net,深圳,"$4,963,486.00",2021-05-06
MC-377,Hooli MFG#87,mfg176@industry.com,北京,"$898,949.00",2018-08-27
MC-378,  Black Mesa MFG#88  ,mfg177@industry.com,成都,"$4,368,257.00",2019-11-15
MC-379,MASSIVE DYNAMIC MFG#0,  mfg178@industry.com  ,杭州,"$3,463,710.00",09/18/2021
MC-380,wayne enterprises mfg#1,mfg179@factory.org,成都,"$2,306,291.00",2020-02-17
MC-381,CYBERDYNE MFG#2,mfg180@plant.net,杭州,3514498,2015-09-13
MC-382,TYRELL CORP MFG#3,MFG181@INDUSTRY.COM,广州,682666,2022-06-09
MC-383,APERTURE MFG#4,MFG182@INDUSTRY.COM,广州,"$3,043,073.00",2026-07-12
MC-384,Massive Dynamic MFG#5,mfg183@factory.org,上海,2 889 934,26-02-2019
MC-385,Wayne Enterprises MFG#6,mfg184@factory.org,西安,504833,2016-02-04
MC-386,Wayne Enterprises MFG#7,  mfg185@industry.com  ,杭州,1746710,24-09-2025
MC-387,Umbrella Co MFG#8,mfg186@industry.com,北京,"1 706 741,00",2024-06-07
MC-388,Pied Piper MFG#9,mfg187@industry.com,武汉,4580220,2016-09-10
MC-389,lexcorp mfg#10,  mfg188@plant.net  ,成都,4144376,2016-05-11
MC-390,CYBERDYNE MFG#11,mfg189@factory.org,武汉,"$130,098.00",10/12/2015
MC-391,HOOLI MFG#12,mfg190@industry.com,苏州,4493539,2019-06-23
MC-392,  Massive Dynamic MFG#13  ,MFG191@PLANT.NET,上海,731023,2016-04-04
MC-393,massive dynamic mfg#14,mfg192@factory.org,北京,4149371,2023-05-06
MC-394,Aperture MFG#15,mfg193@plant.net,苏州,3440644,2023-01-02
MC-395,Massive Dynamic MFG#16,mfg194@plant.net,苏州,"$3,767,060.00",03/26/2016
MC-396,STARK INDUSTRIES MFG#17,mfg195@industry.com,西安,"$4,263,771.00",10/04/2025
MC-397,WONKA MFG#18,  mfg196@industry.com  ,西安,1274612,2023-06-06
MC-398,initech mfg#19,  mfg197@industry.com  ,西安,4 603 718,2020-11-02
MC-399,  Acme Corp MFG#20  ,mfg198@plant.net,杭州,4458776,2015-04-11
MC-400,Aperture MFG#21,MFG199@INDUSTRY.COM,深圳,"$738,757.00",2015-04-10
MC-401,UMBRELLA CO MFG#22,MFG200@INDUSTRY.COM,上海,1 522 950,08/13/2019
MC-402,  Stark Industries MFG#23  ,mfg201@factory.org,西安,3423226,12/15/2022
MC-403,black mesa mfg#24,mfg202@industry.com,北京,4585200,2024-09-09
MC-404,Wonka MFG#25,mfg203@factory.org,上海,4679192,05/13/2025
MC-405,APERTURE MFG#26,mfg204@plant.net,西安,"$548,176.00",10/18/2022
MC-406,Stark Industries MFG#27,mfg205@industry.com,杭州,"4 429 688,00",04-07-2021
MC-407,Pied Piper MFG#28,mfg206@plant.net,成都,2624013,04/10/2026
MC-408,Aperture MFG#29,mfg207@industry.com,成都,"4 475 940,00",11/01/2019
MC-409,  Acme Corp MFG#30  ,mfg208@factory.org,西安,721 852,07-01-2022
MC-410,PIED PIPER MFG#31,  mfg209@industry.com  ,苏州,"$3,495,621.00",15-06-2023
MC-411,Vandelay MFG#32,mfg210@factory.org,成都,2167673,2016-10-11
MC-412,Globex MFG#33,mfg211@industry.com,苏州,4732643,2023-01-09
MC-413,Weyland-Yutani MFG#34,mfg212@plant.net,广州,2064099,2022-07-21
MC-414,Acme Corp MFG#35,mfg213@industry.com,北京,"$2,253,134.00",2023-01-10
MC-415,lexcorp mfg#36,mfg214@industry.com,广州,3246634,08/16/2024
MC-416,  Umbrella Co MFG#37  ,mfg215@factory.org,杭州,"$1,744,688.00",2015-12-08
MC-417,DUNDER MIFFLIN MFG#38,  mfg216@plant.net  ,苏州,3701208,09/03/2019
MC-418,  Wonka MFG#39  ,mfg217@factory.org,杭州,"$1,655,589.00",25-04-2021
MC-419,VANDELAY MFG#40,MFG218@INDUSTRY.COM,南京,4 591 176,03/10/2020
MC-420,VANDELAY MFG#41,mfg219@industry.com,杭州,1089681,2021-07-14
MC-421,  Acme Corp MFG#42  ,mfg220@industry.com,深圳,1118963,05/04/2020
MC-422,Initech MFG#43,mfg221@industry.com,广州,2243667,2016-05-23
MC-423,Hooli MFG#44,mfg222@factory.org,成都,3274027,07/02/2024
MC-424,dunder mifflin mfg#45,  mfg223@plant.net  ,苏州,1 995 115,2015-01-23
MC-425,STARK INDUSTRIES MFG#46,MFG224@PLANT.NET,北京,1891605,2021-09-26
MC-426,Blue Sun MFG#47,  mfg225@industry.com  ,成都,1 488 304,2015-10-15
MC-427,CYBERDYNE MFG#48,mfg226@industry.com,武汉,2583831,10-09-2021
MC-428,MASSIVE DYNAMIC MFG#49,  mfg227@industry.com  ,武汉,"$1,864,736.00",02/08/2022
MC-429,  Weyland-Yutani MFG#50  ,mfg228@industry.com,深圳,4120120,11/16/2015
MC-430,Wayne Enterprises MFG#51,mfg229@factory.org,西安,4745566,2019-02-17
MC-431,Umbrella Co MFG#52,mfg230@plant.net,杭州,"$2,603,257.00",03/18/2023
MC-432,  Tyrell Corp MFG#53  ,mfg231@plant.net,苏州,"1 830 823,00",2020-04-17
MC-433,aperture mfg#54,  mfg232@factory.org  ,苏州,"2 782 636,00",03/26/2016
MC-434,UMBRELLA CO MFG#55,mfg233@plant.net,武汉,4358313,11-09-2023
MC-435,  Dunder Mifflin MFG#56  ,mfg234@industry.com,广州,"$308,156.00",05/23/2016
MC-436,LexCorp MFG#57,  mfg235@factory.org  ,深圳,2048744,01-12-2022
MC-437,Cyberdyne MFG#58,  mfg236@plant.net  ,上海,"$1,193,588.00",02/23/2018
MC-438,Tyrell Corp MFG#59,mfg237@factory.org,上海,2019155,2025-05-21
MC-439,Stark Industries MFG#60,mfg238@factory.org,南京,314583,01-09-2017
MC-440,TYRELL CORP MFG#61,mfg239@factory.org,成都,1275647,11-06-2020
MC-441,Weyland-Yutani MFG#62,  mfg240@factory.org  ,武汉,1913411,10-05-2026
MC-442,Stark Industries MFG#63,  mfg241@industry.com  ,北京,"$4,348,222.00",02-09-2019
MC-443,Weyland-Yutani MFG#64,mfg242@factory.org,成都,"$1,513,639.00",2022-05-22
MC-444,WEYLAND-YUTANI MFG#65,mfg243@factory.org,苏州,3918449,21-05-2023
MC-445,Wayne Enterprises MFG#66,mfg244@plant.net,南京,3 273 133,05/19/2016
MC-446,  Black Mesa MFG#67  ,  mfg245@industry.com  ,上海,1318022,07/20/2018
MC-447,  Umbrella Co MFG#68  ,  mfg246@industry.com  ,北京,"$4,348,759.00",12/06/2022
MC-448,Weyland-Yutani MFG#69,  mfg247@factory.org  ,杭州,1815340,09/15/2025
MC-449,Wonka MFG#70,mfg248@plant.net,广州,2566495,2018-12-12
MC-450,  Wayne Enterprises MFG#71  ,mfg249@plant.net,广州,1338408,2024-01-01
MC-451,Vandelay MFG#72,  mfg250@factory.org  ,广州,577530,26-02-2015
MC-452,  Globex MFG#73  ,mfg251@industry.com,南京,4559437,05-11-2019
MC-453,Wayne Enterprises MFG#74,mfg252@plant.net,北京,1824244,2015-01-20
MC-454,acme corp mfg#75,  mfg253@factory.org  ,西安,3210693,03-12-2026
MC-455,  Weyland-Yutani MFG#76  ,MFG254@PLANT.NET,武汉,1845171,09/07/2017
MC-456,acme corp mfg#77,MFG255@FACTORY.ORG,上海,"$1,337,432.00",11/04/2015
MC-457,  Pied Piper MFG#78  ,  mfg256@industry.com  ,成都,"$2,145,698.00",2016-06-03
MC-458,Globex MFG#79,  mfg257@plant.net  ,西安,2710907,04/09/2016
MC-459,  Umbrella Co MFG#80  ,mfg258@factory.org,南京,2728326,12/07/2021
MC-460,weyland-yutani mfg#81,MFG259@FACTORY.ORG,西安,1234702,2021-01-07
MC-461,STARK INDUSTRIES MFG#82,mfg260@plant.net,武汉,1133880,01/25/2018
MC-462,Aperture MFG#83,mfg261@factory.org,深圳,4958420,2015-06-08
MC-463,Wayne Enterprises MFG#84,mfg262@plant.net,成都,1179000,2023-04-23
MC-464,WAYNE ENTERPRISES MFG#85,mfg263@factory.org,苏州,"$1,410,748.00",2026-12-22
MC-465,Globex MFG#86,mfg264@industry.com,杭州,"4 583 446,00",2016-02-06
MC-466,Black Mesa MFG#87,mfg265@industry.com,苏州,4812069,2015-06-15
MC-467,INITECH MFG#88,MFG266@FACTORY.ORG,广州,1766746,07/03/2019
MC-468,Globex MFG#0,mfg267@factory.org,杭州,"$465,669.00",20-03-2026
MC-469,Wonka MFG#1,mfg268@factory.org,广州,4504870,11-01-2019
MC-470,Oscorp MFG#2,mfg269@plant.net,苏州,1889897,2016-06-28
MC-471,Massive Dynamic MFG#3,mfg270@plant.net,上海,"3 078 834,00",2023-05-06
MC-472,Acme Corp MFG#4,MFG271@INDUSTRY.COM,成都,3026139,2015-03-23
MC-473,wonka mfg#5,  mfg272@plant.net  ,南京,4753422,2025-12-06
MC-474,weyland-yutani mfg#6,MFG273@PLANT.NET,南京,388 457,2020-07-18
MC-475,  Umbrella Co MFG#7  ,mfg274@plant.net,北京,"$4,954,217.00",2017-10-08
MC-476,Stark Industries MFG#8,  mfg275@plant.net  ,西安,2410428,07/19/2020
MC-477,  Initech MFG#9  ,mfg276@factory.org,成都,4584447,26-09-2018
MC-478,Globex MFG#10,  mfg277@industry.com  ,广州,2639455,2021-12-26
MC-479,Aperture MFG#11,mfg278@industry.com,杭州,2 649 293,12-05-2025
MC-480,Black Mesa MFG#12,mfg279@plant.net,深圳,1323053,2015-03-04
MC-481,  Pied Piper MFG#13  ,mfg280@industry.com,上海,4150665,01/04/2017
MC-482,Oscorp MFG#14,  mfg281@factory.org  ,武汉,4472046,07-05-2021
MC-483,LexCorp MFG#15,  mfg282@plant.net  ,成都,2994821,2019-06-05
MC-484,  Oscorp MFG#16  ,mfg283@plant.net,深圳,"$1,499,752.00",2016-10-26
MC-485,Dunder Mifflin MFG#17,mfg284@factory.org,南京,"$319,367.00",06/05/2017
MC-486,vandelay mfg#18,  mfg285@plant.net  ,杭州,"$1,123,096.00",2021-07-15
MC-487,Blue Sun MFG#19,mfg286@industry.com,成都,1 638 808,01/10/2024
MC-488,Oscorp MFG#20,mfg287@plant.net,南京,4652091,02/02/2021
MC-489,Stark Industries MFG#21,mfg288@factory.org,深圳,2128753,2018-04-12
MC-490,  Globex MFG#22  ,mfg289@industry.com,北京,3811018,01-05-2022
MC-491,LexCorp MFG#23,mfg290@factory.org,武汉,1968803,04-02-2024
MC-492,tyrell corp mfg#24,  mfg291@industry.com  ,杭州,3659778,2025-04-08
MC-493,Globex MFG#25,  mfg292@plant.net  ,西安,"$880,873.00",2018-07-08
MC-494,  Oscorp MFG#26  ,mfg293@industry.com,杭州,3826360,04/02/2022
MC-495,Tyrell Corp MFG#27,mfg294@plant.net,南京,241881,2018-06-04
MC-496,PIED PIPER MFG#28,mfg295@factory.org,杭州,4342898,05/07/2025
MC-497,Wayne Enterprises MFG#29,mfg296@plant.net,广州,"$2,733,701.00",10-06-2019
MC-498,Blue Sun MFG#30,  mfg297@factory.org  ,北京,574 420,2024-10-23
MC-499,Dunder Mifflin MFG#31,mfg298@industry.com,深圳,3074588,08/17/2025
MC-500,WEYLAND-YUTANI MFG#32,MFG299@FACTORY.ORG,南京,592931,2019-12-01
MC-501,  Globex MFG#33  ,mfg300@factory.org,西安,"$3,514,779.00",2024-05-01
MC-502,LEXCORP MFG#34,  mfg301@plant.net  ,苏州,"$1,360,070.00",19-07-2018
MC-503,Weyland-Yutani MFG#35,mfg302@factory.org,成都,4206272,2025-04-19
MC-504,Dunder Mifflin MFG#36,MFG303@PLANT.NET,杭州,3039918,05/05/2021
MC-505,WAYNE ENTERPRISES MFG#37,mfg304@industry.com,深圳,"$4,171,802.00",2020-04-15
MC-506,Tyrell Corp MFG#38,MFG305@PLANT.NET,杭州,4302447,16-04-2017
MC-507,WAYNE ENTERPRISES MFG#39,MFG306@PLANT.NET,上海,"$2,105,236.00",2022-11-28
MC-508,cyberdyne mfg#40,MFG307@PLANT.NET,上海,3245084,08/09/2015
MC-509,  Acme Corp MFG#41  ,mfg308@factory.org,广州,1608277,2018-08-18
MC-510,HOOLI MFG#42,mfg309@factory.org,南京,2 536 896,2026-02-19
MC-511,Black Mesa MFG#43,mfg310@industry.com,武汉,"$177,016.00",2020-07-15
MC-512,Pied Piper MFG#44,MFG311@FACTORY.ORG,杭州,"$4,131,285.00",11/08/2015
MC-513,Dunder Mifflin MFG#45,mfg312@plant.net,成都,3344720,01/04/2020
MC-514,  Hooli MFG#46  ,mfg313@industry.com,广州,"2 151 523,00",06/24/2024
MC-515,Black Mesa MFG#47,mfg314@plant.net,成都,4368242,08/05/2015
MC-516,Cyberdyne MFG#48,mfg315@plant.net,北京,4184106,2026-10-22
MC-517,black mesa mfg#49,MFG316@PLANT.NET,北京,4 706 141,2018-06-01
MC-518,  Blue Sun MFG#50  ,mfg317@factory.org,成都,2483841,10-11-2019
MC-519,LEXCORP MFG#51,mfg318@factory.org,深圳,1 919 878,2025-08-27
MC-520,pied piper mfg#52,MFG319@INDUSTRY.COM,武汉,"$4,166,297.00",2022-03-02
MC-521,TYRELL CORP MFG#53,mfg320@industry.com,成都,4879519,2026-10-08
MC-522,BLACK MESA MFG#54,mfg321@factory.org,上海,"$1,800,971.00",2025-11-14
MC-523,Massive Dynamic MFG#55,  mfg322@industry.com  ,杭州,2 469 288,2023-03-21
MC-524,Dunder Mifflin MFG#56,mfg323@industry.com,北京,1 258 499,04/17/2020
MC-525,  Vandelay MFG#57  ,mfg324@industry.com,西安,4661832,08/11/2026
MC-526,vandelay mfg#58,mfg325@plant.net,西安,"$4,110,311.00",2017-09-19
MC-527,oscorp mfg#59,mfg326@plant.net,深圳,"$3,586,449.00",2017-09-01
MC-528,Initech MFG#60,mfg327@plant.net,深圳,"$2,897,692.00",28-04-2024
MC-529,Weyland-Yutani MFG#61,MFG328@PLANT.NET,广州,835244,01/18/2024
MC-530,Blue Sun MFG#62,mfg329@factory.org,南京,3 089 771,03/23/2017
MC-531,  Weyland-Yutani MFG#63  ,mfg330@factory.org,上海,3830007,01-11-2021
MC-532,LEXCORP MFG#64,mfg331@factory.org,深圳,4622956,09/22/2023
MC-533,  Umbrella Co MFG#65  ,  mfg332@factory.org  ,杭州,4215554,02/13/2022
MC-534,HOOLI MFG#66,mfg333@plant.net,北京,3566732,2020-02-28
MC-535,Initech MFG#67,MFG334@INDUSTRY.COM,上海,3658505,2017-08-07
MC-536,  Tyrell Corp MFG#68  ,  mfg335@factory.org  ,深圳,4158602,12-08-2015
MC-537,Umbrella Co MFG#69,mfg336@industry.com,西安,2833884,2025-03-02
MC-538,Dunder Mifflin MFG#70,mfg337@plant.net,北京,2561931,2019-03-01
MC-539,Cyberdyne MFG#71,mfg338@plant.net,深圳,920421,03/18/2025
MC-540,  Tyrell Corp MFG#72  ,  mfg339@factory.org  ,南京,"$4,363,532.00",14-11-2019
MC-541,Vandelay MFG#73,mfg340@industry.com,西安,2147895,2016-07-10
MC-542,Hooli MFG#74,  mfg341@industry.com  ,武汉,"$1,695,893.00",12/25/2023
MC-543,wonka mfg#75,mfg342@industry.com,南京,"$427,135.00",2026-02-22
MC-544,LexCorp MFG#76,  mfg343@plant.net  ,北京,3609292,2026-01-20
MC-545,  Aperture MFG#77  ,MFG344@INDUSTRY.COM,北京,"$4,001,754.00",06-10-2023
MC-546,GLOBEX MFG#78,MFG345@FACTORY.ORG,南京,"$3,972,001.00",11/12/2015
MC-547,  Acme Corp MFG#79  ,  mfg346@plant.net  ,杭州,"$4,380,565.00",11/25/2024
MC-548,Vandelay MFG#80,mfg347@plant.net,深圳,4 026 407,10-06-2019
MC-549,Globex MFG#81,  mfg348@factory.org  ,成都,1677612,2021-02-08
MC-550,Stark Industries MFG#82,MFG349@FACTORY.ORG,杭州,4451462,06/17/2016
MC-551,WAYNE ENTERPRISES MFG#83,MFG350@INDUSTRY.COM,北京,3401471,10/22/2026
MC-552,Oscorp MFG#84,mfg351@industry.com,广州,"$4,733,734.00",2017-01-28
MC-553,Cyberdyne MFG#85,mfg352@industry.com,北京,4241860,08/16/2025
MC-554,  Aperture MFG#86  ,MFG353@INDUSTRY.COM,广州,3522630,2024-11-11
MC-555,Cyberdyne MFG#87,mfg354@plant.net,杭州,"$1,992,537.00",2022-05-09
MC-556,Hooli MFG#88,mfg355@plant.net,南京,"1 131 273,00",2023-01-22
MC-557,UMBRELLA CO MFG#0,mfg356@industry.com,武汉,2981346,2021-05-25
MC-558,  Aperture MFG#1  ,  mfg357@plant.net  ,广州,"$2,830,762.00",09-09-2018
MC-559,dunder mifflin mfg#2,MFG358@PLANT.NET,深圳,"$3,697,366.00",12/22/2018
MC-560,UMBRELLA CO MFG#3,mfg359@factory.org,南京,4823281,2023-02-10
MC-561,Black Mesa MFG#4,mfg360@industry.com,北京,4662519,2015-03-14
MC-562,PIED PIPER MFG#5,mfg361@plant.net,南京,"$4,686,389.00",10/19/2026
MC-563,globex mfg#6,mfg362@industry.com,广州,883736,2015-02-25
MC-564,INITECH MFG#7,mfg363@factory.org,成都,"$3,060,239.00",2021-09-13
MC-565,Oscorp MFG#8,MFG364@INDUSTRY.COM,深圳,3936303,2021-11-19
MC-566,cyberdyne mfg#9,mfg365@plant.net,武汉,"$2,589,332.00",2020-10-27
MC-567,aperture mfg#10,mfg366@plant.net,西安,3409020,2026-11-23
MC-568,Globex MFG#11,mfg367@factory.org,西安,2961666,16-08-2021
MC-569,APERTURE MFG#12,MFG368@FACTORY.ORG,深圳,1593083,15-06-2016
MC-570,Tyrell Corp MFG#13,mfg369@industry.com,苏州,1060712,12/09/2017
MC-571,  Aperture MFG#14  ,mfg370@factory.org,杭州,3093599,11-09-2022
MC-572,wayne enterprises mfg#15,mfg371@factory.org,成都,3529425,03/06/2023
MC-573,Blue Sun MFG#16,mfg372@plant.net,杭州,"$1,580,266.00",2019-07-21
MC-574,  Aperture MFG#17  ,MFG373@INDUSTRY.COM,武汉,"$2,596,981.00",2022-07-05
MC-575,dunder mifflin mfg#18,MFG374@INDUSTRY.COM,武汉,"$3,532,373.00",10/25/2016
MC-576,MASSIVE DYNAMIC MFG#19,mfg375@plant.net,苏州,"$382,843.00",01/01/2026
MC-577,  Aperture MFG#20  ,mfg376@industry.com,北京,"$3,110,298.00",2023-03-28
MC-578,Massive Dynamic MFG#21,mfg377@factory.org,上海,57740,26-08-2016
MC-579,Cyberdyne MFG#22,mfg378@plant.net,成都,3717386,01/27/2015
MC-580,Cyberdyne MFG#23,mfg379@plant.net,西安,"201 391,00",05/19/2018
MC-581,Hooli MFG#24,MFG380@FACTORY.ORG,上海,1503498,2024-12-27
MC-582,Vandelay MFG#25,mfg381@factory.org,南京,"$491,917.00",2016-04-11
MC-583,Acme Corp MFG#26,MFG382@FACTORY.ORG,南京,4421358,07-05-2016
MC-584,tyrell corp mfg#27,MFG383@PLANT.NET,武汉,3523438,2026-12-11
MC-585,  Blue Sun MFG#28  ,MFG384@INDUSTRY.COM,广州,2928617,2018-05-25
MC-586,MASSIVE DYNAMIC MFG#29,mfg385@factory.org,北京,1376019,2017-07-06
MC-587,  Hooli MFG#30  ,mfg386@factory.org,南京,1714933,17-01-2020
MC-588,Acme Corp MFG#31,mfg387@industry.com,成都,"$4,271,377.00",12/10/2018
MC-589,  LexCorp MFG#32  ,mfg388@plant.net,杭州,2115120,24-08-2020
MC-590,  Weyland-Yutani MFG#33  ,mfg389@plant.net,成都,"4 491 229,00",2022-07-24
MC-591,WEYLAND-YUTANI MFG#34,mfg390@industry.com,苏州,"$368,899.00",08/24/2021
MC-592,CYBERDYNE MFG#35,mfg391@plant.net,杭州,1 125 091,14-12-2021
MC-593,Pied Piper MFG#36,  mfg392@industry.com  ,上海,"$3,303,555.00",2015-11-13
MC-594,  Tyrell Corp MFG#37  ,mfg393@industry.com,广州,3001768,2026-11-01
MC-595,  Acme Corp MFG#38  ,MFG394@FACTORY.ORG,上海,"1 197 178,00",2018-06-15
MC-596,APERTURE MFG#39,mfg395@plant.net,成都,4123673,2019-12-21
MC-597,Pied Piper MFG#40,MFG396@PLANT.NET,广州,2287935,09/21/2017
MC-598,dunder mifflin mfg#41,mfg397@plant.net,杭州,"$2,280,590.00",06/24/2017
MC-599,Acme Corp MFG#42,MFG398@PLANT.NET,西安,"100 859,00",11/11/2023
MC-600,Globex MFG#43,mfg399@plant.net,广州,1938746,28-01-2025
MC-601,Pied Piper MFG#44,mfg400@factory.org,深圳,4782277,2023-07-17
MC-602,Cyberdyne MFG#45,  mfg401@factory.org  ,成都,4 149 556,2023-10-12
MC-603,Hooli MFG#46,mfg402@industry.com,成都,1632005,26-05-2017
MC-604,WEYLAND-YUTANI MFG#47,mfg403@factory.org,深圳,1697640,2019-05-15
MC-605,Cyberdyne MFG#48,MFG404@PLANT.NET,成都,"$4,734,421.00",03/11/2023
MC-606,  Oscorp MFG#49  ,mfg405@industry.com,深圳,3116530,26-05-2022
MC-607,Pied Piper MFG#50,mfg406@factory.org,深圳,"$4,854,679.00",2020-03-19
MC-608,Tyrell Corp MFG#51,mfg407@factory.org,深圳,"$2,017,523.00",2025-06-17
MC-609,massive dynamic mfg#52,mfg408@industry.com,苏州,"4 498 315,00",25-09-2016
MC-610,blue sun mfg#53,  mfg409@industry.com  ,西安,2 799 036,2018-08-07
MC-611,  Tyrell Corp MFG#54  ,mfg410@industry.com,武汉,"$3,515,517.00",06/06/2025
MC-612,Dunder Mifflin MFG#55,MFG411@INDUSTRY.COM,北京,3655773,05/13/2019
MC-613,  Weyland-Yutani MFG#56  ,MFG412@PLANT.NET,深圳,2896909,2015-01-12
MC-614,  Hooli MFG#57  ,  mfg413@plant.net  ,苏州,984608,23-12-2025
MC-615,Cyberdyne MFG#58,mfg414@factory.org,南京,"$780,488.00",2015-11-05
MC-616,TYRELL CORP MFG#59,mfg415@industry.com,上海,2288701,23-08-2022
MC-617,Tyrell Corp MFG#60,mfg416@industry.com,广州,3964124,2026-10-05
MC-618,Wonka MFG#61,mfg417@plant.net,杭州,616566,12/24/2025
MC-619,OSCORP MFG#62,mfg418@industry.com,杭州,"$3,966,314.00",05-04-2022
MC-620,  LexCorp MFG#63  ,mfg419@industry.com,苏州,1455729,2026-12-05
MC-621,Umbrella Co MFG#64,MFG420@INDUSTRY.COM,成都,2527987,2018-07-28
MC-622,Black Mesa MFG#65,  mfg421@plant.net  ,深圳,2215669,05/16/2016
MC-623,GLOBEX MFG#66,mfg422@factory.org,广州,4953673,2022-03-03
MC-624,Umbrella Co MFG#67,mfg423@factory.org,北京,"3 848 173,00",2023-07-12
MC-625,Dunder Mifflin MFG#68,MFG424@FACTORY.ORG,深圳,"$3,520,129.00",2026-09-07
MC-626,VANDELAY MFG#69,mfg425@plant.net,成都,"$2,062,669.00",2026-07-17
MC-627,Massive Dynamic MFG#70,  mfg426@factory.org  ,上海,3959032,08/13/2019
MC-628,  Globex MFG#71  ,mfg427@plant.net,成都,"2 421 549,00",11/07/2020
MC-629,Globex MFG#72,  mfg428@plant.net  ,上海,"$1,005,693.00",2025-07-09
MC-630,Stark Industries MFG#73,  mfg429@plant.net  ,苏州,"$4,538,658.00",2016-09-07
MC-631,  Stark Industries MFG#74  ,mfg430@plant.net,南京,4699051,2022-06-24
MC-632,Wonka MFG#75,mfg431@factory.org,武汉,1 778 929,2018-07-23
MC-633,BLUE SUN MFG#76,MFG432@PLANT.NET,深圳,"$4,644,711.00",2026-09-01
MC-634,Massive Dynamic MFG#77,mfg433@factory.org,西安,2946183,2017-08-04
MC-635,Cyberdyne MFG#78,  mfg434@industry.com  ,苏州,"$2,932,631.00",07/25/2024
MC-636,Acme Corp MFG#79,MFG435@PLANT.NET,深圳,4 324 063,15-01-2020
MC-637,Oscorp MFG#80,mfg436@plant.net,西安,1413425,01/03/2022
MC-638,cyberdyne mfg#81,mfg437@factory.org,苏州,"$3,807,723.00",15-11-2023
MC-639,Massive Dynamic MFG#82,mfg438@plant.net,广州,484908,24-08-2019
MC-640,  Globex MFG#83  ,mfg439@factory.org,杭州,4197637,2021-06-15
MC-641,Initech MFG#84,mfg440@industry.com,南京,"$4,045,520.00",02-07-2024
MC-642,OSCORP MFG#85,mfg441@factory.org,成都,"2 457 808,00",02/27/2025
MC-643,Aperture MFG#86,mfg442@plant.net,深圳,"$3,582,485.00",2021-08-12
MC-644,  Vandelay MFG#87  ,mfg443@plant.net,苏州,"$2,656,227.00",2018-12-25
MC-645,dunder mifflin mfg#88,mfg444@factory.org,西安,1147755,2016-04-02
MC-646,Stark Industries MFG#0,  mfg445@industry.com  ,西安,4371986,2022-01-26
MC-647,umbrella co mfg#1,mfg446@factory.org,广州,"$2,512,630.00",2015-08-22
MC-648,wonka mfg#2,mfg447@industry.com,深圳,278140,07/10/2016
MC-649,Globex MFG#3,mfg448@industry.com,深圳,3 194 648,08-05-2016
MC-650,Globex MFG#4,mfg449@plant.net,南京,"$4,507,155.00",04/23/2024
MC-651,Blue Sun MFG#5,MFG450@INDUSTRY.COM,上海,957 846,2023-06-28
MC-652,ACME CORP MFG#6,mfg451@factory.org,成都,2219265,04-02-2018
MC-653,Acme Corp MFG#7,mfg452@plant.net,南京,4412807,2015-09-08
MC-654,dunder mifflin mfg#8,  mfg453@factory.org  ,上海,4 706 708,12/15/2017
MC-655,Black Mesa MFG#9,mfg454@factory.org,北京,2480792,2021-12-01
MC-656,UMBRELLA CO MFG#10,MFG455@INDUSTRY.COM,南京,"$1,987,424.00",2023-04-07
MC-657,LexCorp MFG#11,  mfg456@factory.org  ,深圳,946716,2019-01-02
MC-658,  LexCorp MFG#12  ,mfg457@plant.net,成都,4 020 089,2024-11-16
MC-659,Tyrell Corp MFG#13,mfg458@factory.org,杭州,237156,08/02/2020
MC-660,Cyberdyne MFG#14,mfg459@factory.org,西安,"$1,512,443.00",07/21/2024
MC-661,  Cyberdyne MFG#15  ,  mfg460@factory.org  ,成都,"$4,680,065.00",07-08-2024
MC-662,Blue Sun MFG#16,  mfg461@industry.com  ,西安,4 919 400,06/27/2020
MC-663,Oscorp MFG#17,mfg462@factory.org,北京,"$3,064,325.00",01/20/2023
MC-664,Weyland-Yutani MFG#18,mfg463@industry.com,上海,2009222,2026-03-11
MC-665,Cyberdyne MFG#19,  mfg464@plant.net  ,杭州,935735,2018-06-05
MC-666,  Initech MFG#20  ,MFG465@INDUSTRY.COM,成都,2549890,2016-02-22
MC-667,TYRELL CORP MFG#21,mfg466@factory.org,苏州,4992419,06-02-2023
MC-668,GLOBEX MFG#22,mfg467@plant.net,苏州,"$549,623.00",2020-05-11
MC-669,  Oscorp MFG#23  ,mfg468@industry.com,成都,833424,02/21/2015
MC-670,Hooli MFG#24,mfg469@industry.com,西安,3627298,2019-01-02
MC-671,Blue Sun MFG#25,MFG470@FACTORY.ORG,北京,"$3,191,759.00",07/21/2017
MC-672,Initech MFG#26,MFG471@PLANT.NET,广州,"$1,890,206.00",2016-09-26
MC-673,  Stark Industries MFG#27  ,mfg472@industry.com,苏州,2915743,2026-06-11
MC-674,  Dunder Mifflin MFG#28  ,mfg473@factory.org,深圳,"$159,501.00",25-12-2015
MC-675,  Tyrell Corp MFG#29  ,  mfg474@industry.com  ,杭州,"$3,711,937.00",2016-01-15
MC-676,  Wayne Enterprises MFG#30  ,mfg475@industry.com,北京,4326367,2019-03-21
MC-677,tyrell corp mfg#31,MFG476@PLANT.NET,武汉,"$207,104.00",04/01/2015
MC-678,Black Mesa MFG#32,mfg477@factory.org,深圳,4756053,2018-01-06
MC-679,TYRELL CORP MFG#33,  mfg478@factory.org  ,北京,"$3,351,715.00",2018-07-25
MC-680,Blue Sun MFG#34,mfg479@factory.org,广州,"$3,262,496.00",2017-04-22
MC-681,  Wonka MFG#35  ,mfg480@industry.com,武汉,2039180,04/10/2026
MC-682,Dunder Mifflin MFG#36,mfg481@factory.org,苏州,"$829,739.00",01/11/2017
MC-683,cyberdyne mfg#37,MFG482@INDUSTRY.COM,深圳,4092812,2023-03-25
MC-684,  LexCorp MFG#38  ,mfg483@plant.net,西安,"$2,909,183.00",28-12-2018
MC-685,massive dynamic mfg#39,mfg484@factory.org,杭州,567033,08/06/2016
MC-686,  Weyland-Yutani MFG#40  ,  mfg485@industry.com  ,杭州,"$3,321,482.00",2019-05-17
MC-687,Black Mesa MFG#41,  mfg486@plant.net  ,西安,"$1,933,510.00",05/07/2025
MC-688,Cyberdyne MFG#42,MFG487@PLANT.NET,广州,1488180,2019-05-12
MC-689,UMBRELLA CO MFG#43,mfg488@plant.net,广州,"$256,816.00",08-04-2026
MC-690,WAYNE ENTERPRISES MFG#44,  mfg489@plant.net  ,武汉,"$339,725.00",06/09/2019
MC-691,BLACK MESA MFG#45,mfg490@industry.com,杭州,4 768 030,23-05-2023
MC-692,  Wonka MFG#46  ,mfg491@plant.net,成都,2 730 526,02/17/2019
MC-693,Stark Industries MFG#47,mfg492@factory.org,广州,4475546,25-05-2022
MC-694,  Massive Dynamic MFG#48  ,MFG493@INDUSTRY.COM,深圳,4 259 831,2020-06-22
MC-695,Aperture MFG#49,mfg494@factory.org,北京,4371560,2022-03-04
MC-696,  Hooli MFG#50  ,mfg495@plant.net,北京,1038165,08/04/2021
MC-697,aperture mfg#51,mfg496@factory.org,西安,4 124 777,08/09/2017
MC-698,Massive Dynamic MFG#52,MFG497@PLANT.NET,北京,"$1,466,703.00",01/13/2024
MC-699,Globex MFG#53,mfg498@factory.org,西安,"$4,240,270.00",2017-09-18
MC-700,  LexCorp MFG#54  ,MFG499@FACTORY.ORG,成都,"853 331,00",2025-04-20
MC-701,  Wayne Enterprises MFG#55  ,mfg500@plant.net,北京,2888579,2017-08-13
MC-702,Globex MFG#56,mfg501@factory.org,杭州,3183184,10/07/2016
MC-703,  Wayne Enterprises MFG#57  ,  mfg502@plant.net  ,北京,"$3,495,563.00",01-01-2026
MC-704,Hooli MFG#58,  mfg503@plant.net  ,杭州,"$4,297,802.00",16-01-2019
MC-705,HOOLI MFG#59,MFG504@FACTORY.ORG,西安,4803374,15-09-2015
MC-706,Blue Sun MFG#60,MFG505@INDUSTRY.COM,南京,1882136,2025-01-04
MC-707,Oscorp MFG#61,mfg506@factory.org,西安,"$3,471,535.00",2026-06-26
MC-708,PIED PIPER MFG#62,mfg507@plant.net,苏州,3871321,11/16/2023
MC-709,Acme Corp MFG#63,mfg508@factory.org,成都,3 095 646,08/11/2015
MC-710,  Dunder Mifflin MFG#64  ,mfg509@factory.org,上海,3508472,2018-10-15
MC-711,Wonka MFG#65,  mfg510@industry.com  ,广州,"$4,370,337.00",2015-11-25
MC-712,Acme Corp MFG#66,mfg511@plant.net,杭州,4830979,2018-05-17
MC-713,  Wayne Enterprises MFG#67  ,mfg512@factory.org,杭州,452015,14-07-2026
MC-714,  Umbrella Co MFG#68  ,mfg513@plant.net,西安,1056106,2024-10-15
MC-715,  Pied Piper MFG#69  ,mfg514@industry.com,南京,2 514 564,2021-04-13
MC-716,pied piper mfg#70,  mfg515@industry.com  ,北京,"672 994,00",06/13/2019
MC-717,  Wonka MFG#71  ,MFG516@FACTORY.ORG,深圳,3933632,2024-03-13
MC-718,OSCORP MFG#72,mfg517@plant.net,南京,4180022,2021-06-03
MC-719,TYRELL CORP MFG#73,MFG518@PLANT.NET,南京,"$2,620,707.00",2016-06-04
MC-720,  Massive Dynamic MFG#74  ,  mfg519@factory.org  ,杭州,1440436,2024-10-19
MC-721,Dunder Mifflin MFG#75,MFG520@PLANT.NET,苏州,1 254 350,05/02/2021
MC-722,Weyland-Yutani MFG#76,  mfg521@plant.net  ,广州,1472660,01/16/2015
MC-723,  Hooli MFG#77  ,MFG522@FACTORY.ORG,上海,3206838,05/13/2022
MC-724,HOOLI MFG#78,  mfg523@plant.net  ,上海,"$1,466,919.00",02-05-2018
MC-725,MASSIVE DYNAMIC MFG#79,  mfg524@industry.com  ,苏州,2488046,2016-04-11
MC-726,DUNDER MIFFLIN MFG#80,mfg525@plant.net,西安,"$3,734,410.00",09/06/2023
MC-727,Acme Corp MFG#81,mfg526@plant.net,上海,"$4,370,656.00",2020-11-08
MC-728,Dunder Mifflin MFG#82,MFG527@INDUSTRY.COM,上海,4774071,04/13/2023
MC-729,  Wonka MFG#83  ,mfg528@factory.org,杭州,1887881,12/03/2019
MC-730,Acme Corp MFG#84,mfg529@plant.net,苏州,"$3,162,131.00",04/01/2017
MC-731,Umbrella Co MFG#85,mfg530@plant.net,南京,"103 024,00",09/18/2026
MC-732,VANDELAY MFG#86,  mfg531@plant.net  ,武汉,3706111,26-12-2022
MC-733,OSCORP MFG#87,mfg532@plant.net,杭州,3889090,05-03-2020
MC-734,UMBRELLA CO MFG#88,mfg533@factory.org,西安,"$4,200,090.00",2023-01-06
MC-735,Wayne Enterprises MFG#0,  mfg534@plant.net  ,武汉,4950834,2019-01-15
MC-736,  Black Mesa MFG#1  ,MFG535@PLANT.NET,北京,4 962 802,01-11-2024
MC-737,  Pied Piper MFG#2  ,mfg536@factory.org,苏州,"4 652 210,00",11-11-2015
MC-738,Wayne Enterprises MFG#3,mfg537@plant.net,广州,"844 617,00",19-05-2021
MC-739,STARK INDUSTRIES MFG#4,MFG538@FACTORY.ORG,上海,3579886,2022-12-18
MC-740,Hooli MFG#5,  mfg539@factory.org  ,上海,1686352,2025-11-06
MC-741,BLACK MESA MFG#6,mfg540@plant.net,武汉,"2 678 748,00",2025-01-04
MC-742,  Massive Dynamic MFG#7  ,mfg541@plant.net,广州,"$1,151,757.00",15-07-2020
MC-743,Black Mesa MFG#8,MFG542@PLANT.NET,西安,2036348,2017-06-12
MC-744,HOOLI MFG#9,mfg543@industry.com,广州,3458657,10/27/2024
MC-745,Massive Dynamic MFG#10,MFG544@PLANT.NET,北京,"1 933 010,00",2025-10-18
MC-746,MASSIVE DYNAMIC MFG#11,mfg545@factory.org,武汉,"$269,816.00",07/05/2023
MC-747,STARK INDUSTRIES MFG#12,  mfg546@industry.com  ,深圳,"$3,589,059.00",2016-12-05
MC-748,HOOLI MFG#13,mfg547@factory.org,杭州,1669394,2025-05-26
MC-749,Globex MFG#14,mfg548@industry.com,成都,"2 368 637,00",06/23/2023
MC-750,Stark Industries MFG#15,mfg549@industry.com,南京,3388358,2018-05-05
MC-751,wayne enterprises mfg#16,mfg550@factory.org,南京,2113064,06-11-2023
MC-752,Tyrell Corp MFG#17,mfg551@plant.net,深圳,1808044,2018-09-03
MC-753,Black Mesa MFG#18,  mfg552@industry.com  ,上海,2302526,2020-12-21
MC-754,Vandelay MFG#19,  mfg553@factory.org  ,广州,4152163,2015-12-15
MC-755,Blue Sun MFG#20,mfg554@industry.com,西安,718763,02/18/2022
MC-756,wayne enterprises mfg#21,mfg555@plant.net,南京,"$2,000,771.00",08/19/2015
MC-757,Tyrell Corp MFG#22,MFG556@INDUSTRY.COM,南京,4815679,2016-02-09
MC-758,Initech MFG#23,  mfg557@plant.net  ,苏州,2547906,2019-12-14
MC-759,  Globex MFG#24  ,mfg558@factory.org,苏州,"$3,617,654.00",08/23/2026
MC-760,massive dynamic mfg#25,mfg559@plant.net,北京,4337701,2026-02-19
MC-761,Cyberdyne MFG#26,  mfg560@industry.com  ,南京,"$4,203,225.00",10-09-2017
MC-762,Pied Piper MFG#27,mfg561@plant.net,上海,"$2,098,959.00",2016-01-22
MC-763,  Vandelay MFG#28  ,MFG562@FACTORY.ORG,西安,"$452,392.00",2025-09-11
MC-764,Umbrella Co MFG#29,  mfg563@plant.net  ,北京,4741654,2025-03-06
MC-765,Acme Corp MFG#30,  mfg564@plant.net  ,广州,"$2,570,559.00",14-05-2015
MC-766,  Acme Corp MFG#31  ,mfg565@factory.org,深圳,263770,08/04/2016
MC-767,Tyrell Corp MFG#32,  mfg566@plant.net  ,西安,"$1,035,063.00",16-11-2015
MC-768,Initech MFG#33,mfg567@factory.org,成都,284972,12/12/2019
MC-769,Black Mesa MFG#34,mfg568@plant.net,深圳,3663148,07/08/2023
MC-770,Weyland-Yutani MFG#35,mfg569@plant.net,西安,4118816,23-04-2026
MC-771,PIED PIPER MFG#36,mfg570@industry.com,北京,"3 845 387,00",08/02/2015
MC-772,Hooli MFG#37,mfg571@factory.org,成都,"3 193 914,00",17-04-2022
MC-773,LexCorp MFG#38,MFG572@PLANT.NET,苏州,1050694,2025-12-13
MC-774,Hooli MFG#39,mfg573@industry.com,南京,"$3,647,547.00",2025-11-22
MC-775,Wayne Enterprises MFG#40,mfg574@industry.com,深圳,"$2,243,122.00",22-12-2022
MC-776,dunder mifflin mfg#41,  mfg575@factory.org  ,武汉,2965890,06-09-2025
MC-777,LexCorp MFG#42,mfg576@industry.com,广州,4214883,2019-04-14
MC-778,Massive Dynamic MFG#43,mfg577@factory.org,西安,1704382,03/06/2025
MC-779,Globex MFG#44,mfg578@factory.org,上海,991366,2024-09-20
MC-780,Pied Piper MFG#45,  mfg579@plant.net  ,武汉,3 041 616,02/25/2020
MC-781,  Initech MFG#46  ,mfg580@factory.org,西安,"$4,541,494.00",08/07/2018
MC-782,  Cyberdyne MFG#47  ,mfg581@factory.org,北京,646447,2019-02-28
MC-783,  Acme Corp MFG#48  ,mfg582@industry.com,苏州,2092434,17-05-2016
MC-784,GLOBEX MFG#49,MFG583@PLANT.NET,苏州,480067,07/24/2026
MC-785,Weyland-Yutani MFG#50,MFG584@FACTORY.ORG,南京,"$2,584,838.00",08-01-2020
MC-786,INITECH MFG#51,mfg585@industry.com,苏州,"$367,917.00",2024-02-18
MC-787,Blue Sun MFG#52,  mfg586@plant.net  ,苏州,3263452,10-11-2023
MC-788,BLUE SUN MFG#53,mfg587@industry.com,南京,"3 009 237,00",2015-08-22
MC-789,Wayne Enterprises MFG#54,mfg588@factory.org,西安,4499405,2021-06-13
MC-790,Aperture MFG#55,MFG589@PLANT.NET,杭州,2597124,2015-01-19
MC-791,Wonka MFG#56,mfg590@plant.net,南京,4138827,15-08-2019
MC-792,  Blue Sun MFG#57  ,mfg591@industry.com,西安,2000371,01/18/2020
MC-793,HOOLI MFG#58,mfg592@plant.net,武汉,"4 985 086,00",07/03/2020
MC-794,  Cyberdyne MFG#59  ,mfg593@plant.net,杭州,"$227,592.00",2023-07-13
MC-795,LEXCORP MFG#60,  mfg594@plant.net  ,苏州,"2 705 996,00",2024-10-15
MC-796,OSCORP MFG#61,mfg595@industry.com,西安,"$633,911.00",16-03-2025
MC-797,Aperture MFG#62,  mfg596@plant.net  ,西安,3 651 898,2023-09-19
MC-798,TYRELL CORP MFG#63,mfg597@factory.org,武汉,"2 377 849,00",2017-02-13
MC-799,Blue Sun MFG#64,mfg598@factory.org,武汉,"$736,045.00",04/09/2016
MC-800,Stark Industries MFG#65,mfg599@plant.net,广州,"$1,270,556.00",08/20/2020
MC-801,Tyrell Corp MFG#66,mfg600@factory.org,成都,3728901,11-07-2020
MC-802,  Globex MFG#67  ,mfg601@factory.org,深圳,3264662,10/05/2023
MC-803,CYBERDYNE MFG#68,  mfg602@industry.com  ,南京,3735354,05/02/2020
MC-804,weyland-yutani mfg#69,mfg603@factory.org,深圳,543499,2026-05-04
MC-805,WONKA MFG#70,mfg604@factory.org,北京,3278903,2016-05-25
MC-806,  Vandelay MFG#71  ,mfg605@plant.net,苏州,886016,05/11/2021
MC-807,Weyland-Yutani MFG#72,mfg606@industry.com,上海,917134,04/02/2021
MC-808,lexcorp mfg#73,mfg607@industry.com,成都,622348,2019-03-22
MC-809,  Vandelay MFG#74  ,  mfg608@plant.net  ,武汉,1081752,2022-04-03
MC-810,Cyberdyne MFG#75,  mfg609@industry.com  ,杭州,2778036,04/14/2021
MC-811,Acme Corp MFG#76,mfg610@factory.org,成都,767309,03/02/2015
MC-812,HOOLI MFG#77,  mfg611@plant.net  ,杭州,"3 645 936,00",01-12-2017
MC-813,Aperture MFG#78,mfg612@factory.org,武汉,"2 260 101,00",2025-01-27
MC-814,tyrell corp mfg#79,mfg613@factory.org,西安,2392950,2024-07-08
MC-815,globex mfg#80,  mfg614@plant.net  ,北京,633175,2024-12-09
MC-816,cyberdyne mfg#81,MFG615@FACTORY.ORG,苏州,"$2,705,191.00",2019-03-11
MC-817,Cyberdyne MFG#82,mfg616@plant.net,南京,358036,03/06/2020
MC-818,Wayne Enterprises MFG#83,mfg617@factory.org,西安,4599203,2025-04-12
MC-819,  Black Mesa MFG#84  ,mfg618@factory.org,北京,4841403,04-10-2019
MC-820,Oscorp MFG#85,  mfg619@industry.com  ,广州,"$3,556,998.00",17-03-2024
MC-821,  Dunder Mifflin MFG#86  ,mfg620@plant.net,上海,759418,2022-12-04
MC-822,  Black Mesa MFG#87  ,mfg621@industry.com,北京,3 361 182,05/21/2015
MC-823,hooli mfg#88,MFG622@PLANT.NET,南京,2802980,2015-09-25
MC-824,Weyland-Yutani MFG#0,mfg623@factory.org,苏州,2889767,23-06-2016
MC-825,Initech MFG#1,MFG624@PLANT.NET,西安,"2 937 475,00",2019-03-09
MC-826,WAYNE ENTERPRISES MFG#2,mfg625@industry.com,上海,4235729,05/10/2018
MC-827,Aperture MFG#3,mfg626@industry.com,成都,4637033,2021-05-12
MC-828,  Stark Industries MFG#4  ,MFG627@FACTORY.ORG,深圳,"$2,702,056.00",2020-03-28
MC-829,INITECH MFG#5,  mfg628@industry.com  ,成都,3818369,2025-04-16
MC-830,Blue Sun MFG#6,mfg629@factory.org,成都,102512,2016-04-02
MC-831,  Globex MFG#7  ,  mfg630@factory.org  ,西安,1189938,28-06-2021
MC-832,tyrell corp mfg#8,  mfg631@factory.org  ,西安,"$3,808,164.00",2023-06-08
MC-833,Umbrella Co MFG#9,mfg632@industry.com,苏州,"$1,147,138.00",2026-07-16
MC-834,  Weyland-Yutani MFG#10  ,mfg633@industry.com,杭州,718157,05-05-2017
MC-835,  Wayne Enterprises MFG#11  ,  mfg634@plant.net  ,北京,4848144,2021-01-21
MC-836,  Massive Dynamic MFG#12  ,  mfg635@factory.org  ,武汉,603505,26-10-2019
MC-837,Aperture MFG#13,mfg636@factory.org,深圳,"$466,164.00",08-12-2025
MC-838,STARK INDUSTRIES MFG#14,mfg637@plant.net,北京,"693 379,00",09/10/2024
MC-839,Stark Industries MFG#15,MFG638@INDUSTRY.COM,武汉,"$2,965,394.00",24-07-2020
MC-840,Wayne Enterprises MFG#16,mfg639@industry.com,深圳,3382951,2026-01-24
MC-841,Umbrella Co MFG#17,mfg640@industry.com,北京,"$3,075,269.00",2017-07-04
MC-842,INITECH MFG#18,mfg641@industry.com,深圳,4177424,11/10/2018
MC-843,dunder mifflin mfg#19,mfg642@factory.org,广州,2377513,2015-05-15
MC-844,WEYLAND-YUTANI MFG#20,mfg643@plant.net,上海,"$2,330,928.00",2024-01-21
MC-845,massive dynamic mfg#21,mfg644@factory.org,苏州,97903,01/11/2024
MC-846,Tyrell Corp MFG#22,MFG645@INDUSTRY.COM,广州,"$1,769,658.00",01/25/2020
MC-847,Aperture MFG#23,MFG646@PLANT.NET,广州,3705371,09/13/2016
MC-848,Blue Sun MFG#24,mfg647@plant.net,苏州,956 079,09/21/2015
MC-849,  Globex MFG#25  ,MFG648@PLANT.NET,北京,"$4,567,171.00",12/13/2024
MC-850,LEXCORP MFG#26,mfg649@factory.org,杭州,"$4,995,610.00",04/13/2023
MC-851,APERTURE MFG#27,  mfg650@industry.com  ,南京,4 967 919,2020-02-13
MC-852,lexcorp mfg#28,mfg651@industry.com,北京,202545,26-11-2018
MC-853,Weyland-Yutani MFG#29,mfg652@plant.net,上海,1278015,09-03-2020
MC-854,ACME CORP MFG#30,mfg653@industry.com,杭州,1725020,10/23/2015
MC-855,Blue Sun MFG#31,mfg654@industry.com,南京,979887,2025-03-28
MC-856,Aperture MFG#32,  mfg655@factory.org  ,西安,2529178,08-05-2018
MC-857,black mesa mfg#33,mfg656@plant.net,苏州,"$1,796,462.00",01/08/2016
MC-858,  Black Mesa MFG#34  ,mfg657@plant.net,武汉,4 095 427,2018-04-10
MC-859,Tyrell Corp MFG#35,mfg658@plant.net,西安,3839103,2019-01-09
MC-860,Tyrell Corp MFG#36,MFG659@PLANT.NET,杭州,1 123 433,2017-08-25
MC-861,  Oscorp MFG#37  ,mfg660@factory.org,成都,2984238,2026-10-03
MC-862,Blue Sun MFG#38,mfg661@plant.net,广州,3684946,2019-06-14
MC-863,BLACK MESA MFG#39,  mfg662@industry.com  ,上海,2 714 035,03/13/2016
MC-864,STARK INDUSTRIES MFG#40,mfg663@industry.com,广州,"$952,449.00",10/23/2019
MC-865,Oscorp MFG#41,mfg664@factory.org,成都,1444683,2024-10-07
MC-866,Pied Piper MFG#42,mfg665@factory.org,广州,3116978,01/06/2016
MC-867,hooli mfg#43,mfg666@factory.org,杭州,"$3,978,876.00",06/04/2024
MC-868,  Dunder Mifflin MFG#44  ,mfg667@factory.org,西安,"$718,027.00",23-02-2018
MC-869,Cyberdyne MFG#45,MFG668@PLANT.NET,苏州,4793538,01/20/2023
MC-870,BLACK MESA MFG#46,  mfg669@factory.org  ,武汉,2889616,27-12-2021
MC-871,Stark Industries MFG#47,mfg670@factory.org,苏州,4882642,07/11/2018
MC-872,APERTURE MFG#48,mfg671@factory.org,杭州,"$2,891,118.00",18-01-2016
MC-873,HOOLI MFG#49,  mfg672@industry.com  ,上海,4955956,2020-07-12
MC-874,Aperture MFG#50,mfg673@industry.com,杭州,4762544,2019-12-02
MC-875,Dunder Mifflin MFG#51,MFG674@PLANT.NET,武汉,1425784,11/23/2017
MC-876,Vandelay MFG#52,  mfg675@industry.com  ,苏州,3982933,27-09-2025
MC-877,Acme Corp MFG#53,MFG676@FACTORY.ORG,广州,1985358,2016-07-26
MC-878,Pied Piper MFG#54,mfg677@industry.com,武汉,"$2,784,290.00",2020-01-16
MC-879,LexCorp MFG#55,  mfg678@factory.org  ,广州,"3 614 395,00",2016-09-05
MC-880,UMBRELLA CO MFG#56,MFG679@PLANT.NET,武汉,4656486,01/28/2026
MC-881,Wayne Enterprises MFG#57,mfg680@plant.net,广州,862 877,2021-01-07
MC-882,  Black Mesa MFG#58  ,mfg681@industry.com,武汉,193446,28-07-2025
MC-883,wonka mfg#59,mfg682@factory.org,南京,2 603 315,10/22/2023
MC-884,oscorp mfg#60,mfg683@plant.net,成都,3649452,2026-03-07
MC-885,INITECH MFG#61,  mfg684@plant.net  ,武汉,"$2,554,771.00",09/22/2025
MC-886,Cyberdyne MFG#62,mfg685@industry.com,广州,56 327,17-08-2021
MC-887,LexCorp MFG#63,mfg686@factory.org,南京,"$1,447,805.00",2016-07-18
MC-888,UMBRELLA CO MFG#64,mfg687@factory.org,北京,1001220,03/24/2024
MC-889,Massive Dynamic MFG#65,mfg688@industry.com,深圳,4473636,10/03/2018
MC-890,  Hooli MFG#66  ,mfg689@plant.net,广州,4696709,2016-03-05
MC-891,LEXCORP MFG#67,mfg690@industry.com,苏州,2443198,2016-08-10
MC-892,BLUE SUN MFG#68,MFG691@INDUSTRY.COM,武汉,"$4,751,301.00",01/07/2016
MC-893,TYRELL CORP MFG#69,mfg692@factory.org,深圳,4205557,12/09/2020
MC-894,Weyland-Yutani MFG#70,mfg693@factory.org,南京,"$4,114,469.00",2016-02-15
MC-895,LexCorp MFG#71,mfg694@plant.net,西安,3 286 608,11-02-2018
MC-896,Hooli MFG#72,  mfg695@industry.com  ,深圳,762833,2022-05-16
MC-897,Initech MFG#73,mfg696@industry.com,西安,2701898,05/01/2019
MC-898,Vandelay MFG#74,mfg697@industry.com,深圳,"2 253 545,00",2018-04-24
MC-899,LexCorp MFG#75,  mfg698@plant.net  ,上海,795287,2023-01-03
MC-900,Dunder Mifflin MFG#76,mfg699@industry.com,苏州,3 878 097,2026-07-27
MC-901,UMBRELLA CO MFG#77,mfg700@industry.com,深圳,"$911,848.00",06-08-2018
MC-902,Aperture MFG#78,mfg701@factory.org,南京,"4 549 640,00",2017-05-02
MC-903,Initech MFG#79,mfg702@factory.org,武汉,4789761,2020-03-04
MC-904,  Stark Industries MFG#80  ,mfg703@factory.org,西安,4109721,2022-09-01
MC-905,Pied Piper MFG#81,mfg704@industry.com,成都,3565817,2023-09-13
MC-906,Initech MFG#82,mfg705@factory.org,苏州,"$477,540.00",13-06-2023
MC-907,Pied Piper MFG#83,  mfg706@industry.com  ,西安,4354370,26-02-2021
MC-908,Pied Piper MFG#84,  mfg707@plant.net  ,武汉,"$4,182,747.00",04/03/2021
MC-909,  Stark Industries MFG#85  ,MFG708@FACTORY.ORG,深圳,"$1,840,669.00",2015-01-12
MC-910,  Wonka MFG#86  ,MFG709@FACTORY.ORG,苏州,"$4,095,034.00",08/10/2025
MC-911,  Black Mesa MFG#87  ,mfg710@plant.net,武汉,3978361,2023-06-01
MC-912,Stark Industries MFG#88,mfg711@plant.net,深圳,106537,26-02-2021
MC-913,LexCorp MFG#0,mfg712@industry.com,杭州,"1 564 360,00",04-07-2024
MC-914,CYBERDYNE MFG#1,  mfg713@industry.com  ,成都,4090674,2016-02-01
MC-915,STARK INDUSTRIES MFG#2,mfg714@factory.org,广州,"$1,908,781.00",2023-10-07
MC-916,Cyberdyne MFG#3,MFG715@INDUSTRY.COM,南京,132794,2026-10-01
MC-917,UMBRELLA CO MFG#4,mfg716@factory.org,上海,4167887,09/26/2015
MC-918,Aperture MFG#5,mfg717@factory.org,上海,"$3,169,127.00",2023-04-28
MC-919,  Blue Sun MFG#6  ,MFG718@FACTORY.ORG,上海,"$2,302,359.00",12/17/2024
MC-920,  Black Mesa MFG#7  ,  mfg719@industry.com  ,苏州,4324466,2018-10-02
MC-921,BLUE SUN MFG#8,mfg720@factory.org,武汉,4572086,2024-10-19
MC-922,INITECH MFG#9,mfg721@factory.org,武汉,1891890,2015-12-07
MC-923,  Umbrella Co MFG#10  ,mfg722@industry.com,苏州,2947664,07/14/2019
MC-924,blue sun mfg#11,mfg723@factory.org,广州,2 305 327,07-11-2020
MC-925,Wonka MFG#12,  mfg724@factory.org  ,北京,1490202,2026-03-08
MC-926,Wonka MFG#13,  mfg725@industry.com  ,广州,3769572,2022-08-25
MC-927,  Vandelay MFG#14  ,mfg726@factory.org,上海,3274386,2020-04-18
MC-928,APERTURE MFG#15,mfg727@factory.org,北京,"$4,648,020.00",23-09-2019
MC-929,WAYNE ENTERPRISES MFG#16,mfg728@industry.com,上海,3682262,2026-04-28
MC-930,acme corp mfg#17,mfg729@plant.net,成都,2481338,05/01/2023
MC-931,  Umbrella Co MFG#18  ,mfg730@plant.net,杭州,1331447,2018-03-16
MC-932,UMBRELLA CO MFG#19,  mfg731@industry.com  ,成都,106956,11/18/2018
MC-933,INITECH MFG#20,  mfg732@plant.net  ,深圳,"1 418 149,00",04/13/2015
MC-934,  Massive Dynamic MFG#21  ,mfg733@industry.com,苏州,4258581,21-08-2026
MC-935,  LexCorp MFG#22  ,mfg734@plant.net,杭州,2 648 746,11-02-2017
MC-936,Pied Piper MFG#23,mfg735@factory.org,广州,"2 076 062,00",2015-12-27
MC-937,Wonka MFG#24,mfg736@plant.net,上海,"$4,871,260.00",2023-07-20
MC-938,  Black Mesa MFG#25  ,mfg737@factory.org,成都,4557602,01-09-2018
MC-939,INITECH MFG#26,mfg738@factory.org,成都,1095392,05/17/2022
MC-940,dunder mifflin mfg#27,mfg739@industry.com,北京,"3 003 805,00",2022-09-25
MC-941,WEYLAND-YUTANI MFG#28,MFG740@PLANT.NET,西安,"$3,463,752.00",22-11-2016
MC-942,Wayne Enterprises MFG#29,mfg741@factory.org,武汉,"$4,986,764.00",12/18/2017
MC-943,GLOBEX MFG#30,mfg742@plant.net,南京,3170949,2025-05-11
MC-944,Wayne Enterprises MFG#31,mfg743@factory.org,西安,"1 836 490,00",2024-02-20
MC-945,Initech MFG#32,mfg744@plant.net,苏州,"$760,734.00",2022-11-15
MC-946,Dunder Mifflin MFG#33,mfg745@plant.net,深圳,143869,2021-07-24
MC-947,Dunder Mifflin MFG#34,mfg746@factory.org,深圳,"1 674 914,00",08/05/2023
MC-948,Dunder Mifflin MFG#35,mfg747@factory.org,西安,1658635,17-10-2021
MC-949,Dunder Mifflin MFG#36,mfg748@industry.com,深圳,"$2,357,437.00",01-11-2024
MC-950,PIED PIPER MFG#37,  mfg749@factory.org  ,南京,4 177 426,10-04-2018
MC-951,  Dunder Mifflin MFG#38  ,mfg750@industry.com,苏州,"$2,823,219.00",2023-05-21
MC-952,Stark Industries MFG#39,MFG751@INDUSTRY.COM,武汉,2686266,10/20/2020
MC-953,Acme Corp MFG#40,mfg752@industry.com,南京,"$940,542.00",03/28/2019
MC-954,wayne enterprises mfg#41,mfg753@industry.com,深圳,"2 660 165,00",2022-09-10
MC-955,  Globex MFG#42  ,mfg754@factory.org,深圳,599 115,2016-07-10
MC-956,hooli mfg#43,mfg755@industry.com,杭州,4 417 392,2025-01-18
MC-957,Hooli MFG#44,MFG756@PLANT.NET,上海,"$4,268,127.00",2024-01-22
MC-958,Umbrella Co MFG#45,mfg757@industry.com,北京,"2 413 508,00",2020-07-06
MC-959,  Wonka MFG#46  ,mfg758@factory.org,西安,"$2,101,309.00",2021-12-19
MC-960,umbrella co mfg#47,MFG759@FACTORY.ORG,杭州,4583152,2022-01-20
MC-961,Hooli MFG#48,mfg760@factory.org,南京,2173715,2025-02-01
MC-962,Stark Industries MFG#49,mfg761@factory.org,杭州,878 362,2018-10-19
MC-963,Initech MFG#50,  mfg762@plant.net  ,广州,"4 494 894,00",2017-12-28
MC-964,Cyberdyne MFG#51,mfg763@factory.org,上海,"1 431 418,00",19-04-2015
MC-965,INITECH MFG#52,mfg764@industry.com,北京,"3 829 512,00",03/17/2019
MC-966,Tyrell Corp MFG#53,mfg765@plant.net,北京,"$1,852,806.00",2017-01-11
MC-967,  Dunder Mifflin MFG#54  ,mfg766@industry.com,西安,"$3,580,883.00",06/14/2024
MC-968,Dunder Mifflin MFG#55,  mfg767@industry.com  ,深圳,"2 929 625,00",2017-08-23
MC-969,tyrell corp mfg#56,mfg768@industry.com,成都,"$627,698.00",2023-11-19
MC-970,umbrella co mfg#57,mfg769@industry.com,武汉,4933335,08/09/2026
MC-971,  Blue Sun MFG#58  ,mfg770@industry.com,西安,"$571,377.00",01/05/2025
MC-972,  Umbrella Co MFG#59  ,MFG771@PLANT.NET,北京,"$388,476.00",2020-06-07
MC-973,black mesa mfg#60,  mfg772@factory.org  ,南京,139886,02/08/2024
MC-974,STARK INDUSTRIES MFG#61,mfg773@factory.org,杭州,4153856,23-08-2022
MC-975,  Massive Dynamic MFG#62  ,mfg774@industry.com,北京,4783503,2021-08-24
MC-976,WONKA MFG#63,MFG775@INDUSTRY.COM,西安,"$3,820,700.00",2023-02-14
MC-977,Hooli MFG#64,MFG776@FACTORY.ORG,西安,"2 972 912,00",01/18/2026
MC-978,dunder mifflin mfg#65,MFG777@INDUSTRY.COM,武汉,"3 473 357,00",08/12/2025
MC-979,Wonka MFG#66,mfg778@industry.com,上海,"$972,313.00",2020-10-20
MC-980,  Stark Industries MFG#67  ,  mfg779@industry.com  ,北京,2 141 830,05/28/2022
MC-981,Blue Sun MFG#68,MFG780@PLANT.NET,西安,2842619,2026-07-06
MC-982,OSCORP MFG#69,MFG781@PLANT.NET,苏州,"$4,033,656.00",2016-09-13
MC-983,aperture mfg#70,mfg782@plant.net,广州,645740,2023-09-21
MC-984,Pied Piper MFG#71,  mfg783@industry.com  ,深圳,4057919,18-04-2019
MC-985,Umbrella Co MFG#72,mfg784@industry.com,苏州,"$3,710,198.00",2023-01-28
MC-986,black mesa mfg#73,mfg785@plant.net,武汉,4 461 181,2017-12-24
MC-987,  Acme Corp MFG#74  ,mfg786@plant.net,苏州,3110312,22-06-2026
MC-988,Tyrell Corp MFG#75,mfg787@industry.com,广州,4 951 381,2019-11-16
MC-989,  Cyberdyne MFG#76  ,mfg788@industry.com,杭州,1941510,07/24/2025
MC-990,Acme Corp MFG#77,mfg789@factory.org,苏州,868121,2022-08-08
MC-991,lexcorp mfg#78,  mfg790@industry.com  ,武汉,206 186,11/06/2016
MC-992,black mesa mfg#79,mfg791@factory.org,深圳,"4 408 012,00",2015-12-15
MC-993,Wonka MFG#80,mfg792@factory.org,广州,"$2,512,394.00",21-10-2018
MC-994,Massive Dynamic MFG#81,  mfg793@factory.org  ,成都,"$2,049,468.00",2022-12-09
MC-995,Initech MFG#82,mfg794@factory.org,西安,"$538,542.00",21-06-2026
MC-996,Acme Corp MFG#83,mfg795@industry.com,苏州,2604107,28-10-2022
MC-997,  Cyberdyne MFG#84  ,MFG796@FACTORY.ORG,北京,3699642,2022-05-16
MC-998,Massive Dynamic MFG#85,  mfg797@factory.org  ,深圳,4568297,12/22/2020
MC-999,APERTURE MFG#86,mfg798@plant.net,南京,2277482,08/15/2016
MC-1000,Black Mesa MFG#87,  mfg799@factory.org  ,南京,"$4,068,438.00",08/02/2024
MC-1001,  Vandelay MFG#88  ,  mfg800@plant.net  ,西安,"$2,648,707.00",05/20/2020
MC-1002,dunder mifflin mfg#0,mfg801@plant.net,杭州,"$4,663,431.00",10-10-2023
MC-1003,Wayne Enterprises MFG#1,mfg802@factory.org,杭州,"$1,279,222.00",09/08/2018
MC-1004,vandelay mfg#2,mfg803@industry.com,深圳,445 417,2019-06-09
MC-1005,  Weyland-Yutani MFG#3  ,mfg804@plant.net,北京,2 547 122,04/03/2025
MC-1006,Blue Sun MFG#4,mfg805@plant.net,上海,3480494,2015-10-12
MC-1007,wayne enterprises mfg#5,MFG806@FACTORY.ORG,广州,840052,2015-09-22
MC-1008,Wonka MFG#6,mfg807@factory.org,武汉,2944416,12/02/2019
MC-1009,  Vandelay MFG#7  ,  mfg808@plant.net  ,成都,"$4,733,206.00",12/08/2017
MC-1010,Umbrella Co MFG#8,mfg809@factory.org,杭州,"138 173,00",2024-10-23
MC-1011,  Hooli MFG#9  ,mfg810@industry.com,西安,2098119,11/22/2019
MC-1012,Stark Industries MFG#10,mfg811@plant.net,广州,"1 882 684,00",2026-03-11
MC-1013,CYBERDYNE MFG#11,MFG812@INDUSTRY.COM,杭州,4815549,05-11-2021
MC-1014,CYBERDYNE MFG#12,MFG813@FACTORY.ORG,杭州,2275788,2015-05-16
MC-1015,Blue Sun MFG#13,  mfg814@plant.net  ,西安,"$4,119,122.00",2024-08-26
MC-1016,LexCorp MFG#14,mfg815@factory.org,西安,"$2,287,693.00",2015-11-25
MC-1017,  Dunder Mifflin MFG#15  ,  mfg816@factory.org  ,广州,3388976,14-07-2015
MC-1018,  Blue Sun MFG#16  ,MFG817@INDUSTRY.COM,广州,3081167,2026-05-25
MC-1019,LexCorp MFG#17,  mfg818@factory.org  ,武汉,1 229 155,06-02-2015
MC-1020,Weyland-Yutani MFG#18,mfg819@plant.net,南京,"$3,963,327.00",2025-05-02
MC-1021,oscorp mfg#19,mfg820@industry.com,广州,4859969,2017-01-24
MC-1022,Aperture MFG#20,MFG821@INDUSTRY.COM,南京,"$2,877,330.00",2020-06-28
MC-1023,LEXCORP MFG#21,mfg822@industry.com,武汉,"$4,636,930.00",2020-04-17
MC-1024,Acme Corp MFG#22,mfg823@industry.com,北京,4724136,10/04/2020
MC-1025,  Oscorp MFG#23  ,mfg824@industry.com,武汉,"$2,423,977.00",03/04/2019
MC-1026,STARK INDUSTRIES MFG#24,  mfg825@industry.com  ,西安,1090553,2016-10-14
MC-1027,Umbrella Co MFG#25,mfg826@factory.org,苏州,4351117,04-05-2016
MC-1028,Initech MFG#26,mfg827@factory.org,武汉,"$3,330,666.00",10-02-2023
MC-1029,ACME CORP MFG#27,MFG828@INDUSTRY.COM,杭州,682704,02-08-2016
MC-1030,Hooli MFG#28,mfg829@plant.net,杭州,"$1,938,644.00",2015-05-08
MC-1031,Weyland-Yutani MFG#29,mfg830@industry.com,深圳,"$4,861,367.00",08-12-2018
MC-1032,MASSIVE DYNAMIC MFG#30,mfg831@factory.org,苏州,1 735 783,2022-09-28
MC-1033,  Aperture MFG#31  ,MFG832@FACTORY.ORG,南京,"2 758 727,00",26-09-2018
MC-1034,Oscorp MFG#32,mfg833@industry.com,成都,"$1,420,358.00",08-10-2017
MC-1035,  Cyberdyne MFG#33  ,mfg834@plant.net,杭州,"4 203 731,00",05/13/2026
MC-1036,WEYLAND-YUTANI MFG#34,  mfg835@industry.com  ,深圳,596459,2019-07-10
MC-1037,TYRELL CORP MFG#35,  mfg836@industry.com  ,杭州,2395888,09/24/2024
MC-1038,TYRELL CORP MFG#36,MFG837@FACTORY.ORG,武汉,"2 301 098,00",10/14/2015
MC-1039,Dunder Mifflin MFG#37,mfg838@factory.org,深圳,"$1,289,886.00",12-04-2021
MC-1040,globex mfg#38,  mfg839@industry.com  ,西安,4 256 551,2021-05-12
MC-1041,Stark Industries MFG#39,mfg840@factory.org,南京,"856 871,00",2026-05-26
MC-1042,ACME CORP MFG#40,MFG841@PLANT.NET,上海,"3 787 434,00",2015-09-17
MC-1043,Tyrell Corp MFG#41,mfg842@plant.net,成都,808 939,2016-11-02
MC-1044,BLACK MESA MFG#42,mfg843@factory.org,成都,"$969,471.00",2017-09-13
MC-1045,GLOBEX MFG#43,mfg844@factory.org,上海,"$176,230.00",07-11-2020
MC-1046,VANDELAY MFG#44,MFG845@FACTORY.ORG,武汉,"$1,867,090.00",2025-02-01
MC-1047,Dunder Mifflin MFG#45,mfg846@industry.com,苏州,4748991,03/25/2025
MC-1048,  Dunder Mifflin MFG#46  ,MFG847@FACTORY.ORG,北京,4377010,2021-10-15
MC-1049,  Umbrella Co MFG#47  ,MFG848@FACTORY.ORG,南京,217 680,2018-09-06
MC-1050,Initech MFG#48,mfg849@plant.net,南京,4228443,2024-06-13
MC-1051,STARK INDUSTRIES MFG#49,mfg850@factory.org,武汉,"$2,907,084.00",2017-10-03
MC-1052,Wonka MFG#50,mfg851@industry.com,深圳,2871803,10/07/2025
MC-1053,Blue Sun MFG#51,  mfg852@industry.com  ,杭州,"$1,392,889.00",01/03/2022
MC-1054,WONKA MFG#52,mfg853@factory.org,南京,"$780,298.00",2018-02-10
MC-1055,  Cyberdyne MFG#53  ,mfg854@factory.org,上海,4117131,2021-08-26
MC-1056,Cyberdyne MFG#54,  mfg855@plant.net  ,苏州,"1 290 239,00",2024-09-10
MC-1057,BLACK MESA MFG#55,  mfg856@factory.org  ,北京,2445908,2022-06-19
MC-1058,APERTURE MFG#56,mfg857@industry.com,杭州,"$2,937,804.00",2018-04-16
MC-1059,LexCorp MFG#57,  mfg858@plant.net  ,深圳,2555382,2015-02-22
MC-1060,Oscorp MFG#58,MFG859@FACTORY.ORG,成都,"$4,945,217.00",2026-12-27
MC-1061,LexCorp MFG#59,MFG860@INDUSTRY.COM,深圳,3804072,06/11/2019
MC-1062,Initech MFG#60,mfg861@factory.org,广州,4913974,2019-01-05
MC-1063,Massive Dynamic MFG#61,mfg862@plant.net,杭州,2099475,04-06-2019
MC-1064,tyrell corp mfg#62,  mfg863@industry.com  ,苏州,686159,2023-07-26
MC-1065,Acme Corp MFG#63,mfg864@plant.net,西安,1874163,01/12/2023
MC-1066,CYBERDYNE MFG#64,mfg865@plant.net,南京,1622766,26-07-2015
MC-1067,massive dynamic mfg#65,MFG866@PLANT.NET,苏州,734745,2022-04-19
MC-1068,Dunder Mifflin MFG#66,mfg867@plant.net,武汉,393 873,2020-09-10
MC-1069,wonka mfg#67,  mfg868@industry.com  ,武汉,1537315,2022-08-14
MC-1070,Wayne Enterprises MFG#68,mfg869@plant.net,北京,1666098,12-10-2023
MC-1071,weyland-yutani mfg#69,mfg870@plant.net,南京,"1 031 648,00",2024-01-19
MC-1072,Umbrella Co MFG#70,mfg871@plant.net,苏州,407426,07/11/2026
MC-1073,Aperture MFG#71,mfg872@industry.com,苏州,1876531,2026-03-12
MC-1074,Wonka MFG#72,  mfg873@industry.com  ,武汉,"$3,428,654.00",01/19/2018
MC-1075,Dunder Mifflin MFG#73,mfg874@plant.net,西安,"$2,324,338.00",03/14/2021
MC-1076,Black Mesa MFG#74,  mfg875@industry.com  ,苏州,"$1,048,067.00",2016-03-28
MC-1077,  Aperture MFG#75  ,MFG876@INDUSTRY.COM,深圳,3514034,07/03/2025
MC-1078,aperture mfg#76,mfg877@plant.net,深圳,"$3,794,733.00",2026-09-08
MC-1079,  Aperture MFG#77  ,mfg878@plant.net,杭州,"$2,133,974.00",08/26/2015
MC-1080,blue sun mfg#78,mfg879@factory.org,上海,"3 731 819,00",02-07-2023
MC-1081,BLACK MESA MFG#79,mfg880@industry.com,成都,"$1,769,561.00",16-08-2015
MC-1082,LexCorp MFG#80,mfg881@factory.org,广州,2223932,01/25/2022
MC-1083,Vandelay MFG#81,mfg882@plant.net,南京,1946496,05/21/2022
MC-1084,Blue Sun MFG#82,mfg883@factory.org,西安,"$2,707,994.00",2024-08-17
MC-1085,Stark Industries MFG#83,  mfg884@factory.org  ,广州,"1 231 346,00",01-08-2022
MC-1086,VANDELAY MFG#84,mfg885@plant.net,杭州,1177222,2015-06-09
MC-1087,Black Mesa MFG#85,mfg886@industry.com,武汉,1835119,06-07-2025
MC-1088,OSCORP MFG#86,mfg887@industry.com,南京,1179619,26-02-2017
MC-1089,Wayne Enterprises MFG#87,mfg888@industry.com,南京,"$3,072,853.00",11/05/2020
MC-1090,WONKA MFG#88,mfg889@industry.com,北京,"1 963 993,00",01/20/2026
MC-1091,BLACK MESA MFG#0,mfg890@industry.com,成都,1 514 991,2026-12-04
MC-1092,  Dunder Mifflin MFG#1  ,mfg891@plant.net,西安,"$1,229,825.00",02/06/2019
MC-1093,Globex MFG#2,mfg892@plant.net,武汉,4221039,01/24/2024
MC-1094,  Dunder Mifflin MFG#3  ,mfg893@plant.net,苏州,271265,2020-09-12
MC-1095,Black Mesa MFG#4,mfg894@plant.net,广州,4628315,01-07-2020
MC-1096,pied piper mfg#5,MFG895@FACTORY.ORG,北京,"$3,367,675.00",2023-12-05
MC-1097,LexCorp MFG#6,mfg896@plant.net,北京,"$1,453,319.00",2017-09-15
MC-1098,  Tyrell Corp MFG#7  ,MFG897@INDUSTRY.COM,武汉,4 253 815,10/27/2016
MC-1099,Wonka MFG#8,  mfg898@industry.com  ,西安,2599101,2016-03-16
MC-1100,  Globex MFG#9  ,mfg899@industry.com,上海,342916,11/15/2015
MC-1101,BLUE SUN MFG#10,mfg900@industry.com,西安,1888675,2022-01-17
MC-1102,VANDELAY MFG#11,mfg901@plant.net,深圳,1 650 176,2024-04-22
MC-1103,wonka mfg#12,MFG902@PLANT.NET,成都,4771248,2015-09-17
MC-1104,Stark Industries MFG#13,mfg903@factory.org,广州,3401903,2019-06-26
MC-1105,wayne enterprises mfg#14,  mfg904@factory.org  ,上海,1769457,2019-11-22
MC-1106,Wayne Enterprises MFG#15,mfg905@factory.org,南京,"$3,665,415.00",11/03/2016
MC-1107,MASSIVE DYNAMIC MFG#16,  mfg906@industry.com  ,深圳,646676,2019-06-15
MC-1108,  Wayne Enterprises MFG#17  ,mfg907@plant.net,武汉,3206459,2021-11-12
MC-1109,Umbrella Co MFG#18,MFG908@INDUSTRY.COM,深圳,"1 306 128,00",2026-03-28
MC-1110,Tyrell Corp MFG#19,MFG909@INDUSTRY.COM,杭州,662844,13-10-2016
MC-1111,INITECH MFG#20,mfg910@industry.com,北京,"$2,814,231.00",2021-08-06
MC-1112,STARK INDUSTRIES MFG#21,mfg911@factory.org,苏州,"$1,558,215.00",2018-05-21
MC-1113,  Stark Industries MFG#22  ,mfg912@industry.com,广州,730744,2021-10-07
MC-1114,Cyberdyne MFG#23,  mfg913@industry.com  ,广州,1 304 636,10-04-2015
MC-1115,wonka mfg#24,mfg914@plant.net,南京,"$1,336,743.00",2022-03-08
MC-1116,pied piper mfg#25,  mfg915@plant.net  ,杭州,"$1,141,755.00",2026-03-23
MC-1117,wayne enterprises mfg#26,MFG916@FACTORY.ORG,苏州,3047854,10-10-2019
MC-1118,Stark Industries MFG#27,mfg917@industry.com,杭州,1272812,16-06-2021
MC-1119,Oscorp MFG#28,mfg918@plant.net,南京,"$4,092,702.00",17-08-2026
MC-1120,Cyberdyne MFG#29,mfg919@industry.com,上海,3981618,28-10-2026
MC-1121,STARK INDUSTRIES MFG#30,mfg920@industry.com,成都,"$2,134,641.00",07/24/2022
MC-1122,Umbrella Co MFG#31,  mfg921@plant.net  ,西安,"$2,301,281.00",03/27/2017
MC-1123,WAYNE ENTERPRISES MFG#32,mfg922@factory.org,上海,3359066,2018-06-18
MC-1124,GLOBEX MFG#33,MFG923@FACTORY.ORG,北京,730392,08/16/2026
MC-1125,Tyrell Corp MFG#34,  mfg924@industry.com  ,苏州,4245187,2022-08-15
MC-1126,globex mfg#35,MFG925@INDUSTRY.COM,北京,"$4,386,885.00",2024-02-14
MC-1127,  Massive Dynamic MFG#36  ,  mfg926@factory.org  ,南京,"2 413 975,00",2021-05-15
MC-1128,Blue Sun MFG#37,mfg927@factory.org,南京,1924463,2016-10-22
MC-1129,WAYNE ENTERPRISES MFG#38,mfg928@plant.net,南京,1168599,09-07-2017
MC-1130,LexCorp MFG#39,  mfg929@factory.org  ,杭州,"3 180 448,00",05/27/2020
MC-1131,LexCorp MFG#40,mfg930@industry.com,苏州,"4 186 680,00",2015-01-16
MC-1132,  Massive Dynamic MFG#41  ,  mfg931@industry.com  ,苏州,3885493,19-09-2024
MC-1133,Stark Industries MFG#42,MFG932@PLANT.NET,南京,4578828,08/21/2021
MC-1134,Vandelay MFG#43,mfg933@industry.com,南京,2641410,2021-04-03
MC-1135,Hooli MFG#44,  mfg934@industry.com  ,上海,"$4,468,866.00",11/11/2017
MC-1136,  Massive Dynamic MFG#45  ,MFG935@FACTORY.ORG,深圳,246190,04/22/2017
MC-1137,Acme Corp MFG#46,mfg936@plant.net,成都,"$723,446.00",04/17/2017
MC-1138,tyrell corp mfg#47,mfg937@plant.net,西安,3423985,2017-08-24
MC-1139,APERTURE MFG#48,  mfg938@factory.org  ,上海,"$2,986,346.00",2023-04-13
MC-1140,WAYNE ENTERPRISES MFG#49,mfg939@industry.com,成都,"$3,185,162.00",2018-07-04
MC-1141,BLACK MESA MFG#50,mfg940@factory.org,广州,"$2,046,475.00",03/08/2017
MC-1142,Tyrell Corp MFG#51,mfg941@factory.org,武汉,4246358,2023-03-01
MC-1143,APERTURE MFG#52,mfg942@factory.org,苏州,2006612,10/19/2025
MC-1144,  Blue Sun MFG#53  ,mfg943@industry.com,广州,3 555 763,2020-07-23
MC-1145,VANDELAY MFG#54,  mfg944@plant.net  ,上海,"$3,748,203.00",2024-04-21
MC-1146,DUNDER MIFFLIN MFG#55,mfg945@industry.com,武汉,328529,2025-04-01
MC-1147,TYRELL CORP MFG#56,mfg946@industry.com,杭州,"2 626 827,00",04/09/2018
MC-1148,aperture mfg#57,mfg947@industry.com,深圳,1931884,04-11-2016
MC-1149,  Acme Corp MFG#58  ,  mfg948@factory.org  ,杭州,3856706,2023-10-19
MC-1150,Cyberdyne MFG#59,  mfg949@factory.org  ,成都,2402306,2023-06-12
MC-1151,Oscorp MFG#60,mfg950@factory.org,杭州,"1 324 983,00",05/02/2023
MC-1152,Wonka MFG#61,mfg951@factory.org,杭州,"$258,744.00",2017-09-03
MC-1153,LexCorp MFG#62,mfg952@factory.org,广州,"$1,848,888.00",10/19/2020
MC-1154,Black Mesa MFG#63,  mfg953@plant.net  ,武汉,4 666 736,11-10-2017
MC-1155,  Wayne Enterprises MFG#64  ,  mfg954@factory.org  ,杭州,"3 342 401,00",2025-11-28
MC-1156,LexCorp MFG#65,  mfg955@industry.com  ,西安,4971172,2024-04-20
MC-1157,Hooli MFG#66,mfg956@factory.org,深圳,"3 078 771,00",09/11/2018
MC-1158,LexCorp MFG#67,mfg957@industry.com,西安,"$2,609,446.00",05/21/2019
MC-1159,vandelay mfg#68,mfg958@factory.org,广州,"$776,460.00",2024-06-09
MC-1160,LexCorp MFG#69,mfg959@plant.net,杭州,"$4,335,515.00",2021-09-05
MC-1161,  Wonka MFG#70  ,mfg960@factory.org,南京,314280,07/08/2015
MC-1162,  Dunder Mifflin MFG#71  ,  mfg961@factory.org  ,南京,1917849,2021-05-15
MC-1163,Stark Industries MFG#72,MFG962@INDUSTRY.COM,西安,"397 929,00",09/28/2016
MC-1164,  Tyrell Corp MFG#73  ,mfg963@industry.com,苏州,"2 545 769,00",03/08/2023
MC-1165,lexcorp mfg#74,  mfg964@industry.com  ,深圳,872334,11/05/2022
MC-1166,  Umbrella Co MFG#75  ,mfg965@factory.org,深圳,"$3,060,690.00",2026-05-21
MC-1167,Initech MFG#76,mfg966@factory.org,杭州,1 759 380,2024-10-26
MC-1168,WAYNE ENTERPRISES MFG#77,MFG967@PLANT.NET,杭州,"$69,082.00",2016-03-12
MC-1169,OSCORP MFG#78,mfg968@industry.com,南京,3190148,2022-11-25
MC-1170,Wayne Enterprises MFG#79,mfg969@factory.org,苏州,3992902,2019-11-19
MC-1171,  Cyberdyne MFG#80  ,MFG970@INDUSTRY.COM,西安,4 694 752,2018-03-14
MC-1172,Stark Industries MFG#81,mfg971@plant.net,北京,4331690,07/17/2021
MC-1173,Dunder Mifflin MFG#82,mfg972@industry.com,苏州,3873074,12/27/2023
MC-1174,Vandelay MFG#83,MFG973@FACTORY.ORG,深圳,4802215,05-11-2019
MC-1175,UMBRELLA CO MFG#84,mfg974@plant.net,北京,4329039,19-10-2021
MC-1176,wonka mfg#85,  mfg975@factory.org  ,武汉,4998155,11/27/2024
MC-1177,  Black Mesa MFG#86  ,mfg976@plant.net,北京,3338680,2021-05-04
MC-1178,Globex MFG#87,mfg977@industry.com,深圳,3 619 356,10/24/2015
MC-1179,Pied Piper MFG#88,MFG978@FACTORY.ORG,杭州,4911767,21-02-2026
MC-1180,Weyland-Yutani MFG#0,mfg979@factory.org,西安,"$3,043,960.00",01/19/2022
MC-1181,Aperture MFG#1,mfg980@industry.com,广州,976 249,2023-07-18
MC-1182,Globex MFG#2,mfg981@industry.com,西安,"2 666 431,00",2017-08-03
MC-1183,BLUE SUN MFG#3,  mfg982@industry.com  ,深圳,"$684,897.00",01/21/2025
MC-1184,LexCorp MFG#4,MFG983@INDUSTRY.COM,杭州,"$1,802,714.00",2020-02-15
MC-1185,  Acme Corp MFG#5  ,  mfg984@industry.com  ,成都,3434683,2025-01-04
MC-1186,Oscorp MFG#6,MFG985@INDUSTRY.COM,杭州,"4 018 551,00",2020-05-05
MC-1187,Hooli MFG#7,  mfg986@industry.com  ,西安,2 282 904,2015-02-25
MC-1188,MASSIVE DYNAMIC MFG#8,  mfg987@factory.org  ,南京,1418413,10/20/2015
MC-1189,PIED PIPER MFG#9,  mfg988@plant.net  ,武汉,4983034,07-04-2020
MC-1190,Acme Corp MFG#10,MFG989@FACTORY.ORG,南京,"$4,419,174.00",2015-08-03
MC-1191,WONKA MFG#11,mfg990@factory.org,成都,4 583 686,05/04/2015
MC-1192,dunder mifflin mfg#12,mfg991@industry.com,北京,1561878,2018-12-26
MC-1193,  Cyberdyne MFG#13  ,mfg992@factory.org,成都,802704,06-05-2024
MC-1194,  Stark Industries MFG#14  ,mfg993@industry.com,上海,"$1,607,816.00",2020-11-06
MC-1195,  Vandelay MFG#15  ,  mfg994@factory.org  ,苏州,"$4,261,455.00",2022-02-20
MC-1196,ACME CORP MFG#16,  mfg995@industry.com  ,北京,102197,2015-06-02
MC-1197,  Hooli MFG#17  ,mfg996@plant.net,北京,"$2,040,564.00",2021-08-23
MC-1198,LexCorp MFG#18,mfg997@industry.com,上海,"1 574 644,00",2026-06-07
MC-1199,  Vandelay MFG#19  ,mfg998@plant.net,深圳,424339,02/02/2017
MC-1200,Wayne Enterprises MFG#20,  mfg999@plant.net  ,广州,1102320,2016-03-16
MC-1201,Wonka MFG#21,  mfg1000@factory.org  ,广州,"$1,639,408.00",2020-08-12
MC-1202,Stark Industries MFG#22,mfg1001@plant.net,成都,418974,03-07-2018
MC-1203,Globex MFG#23,  mfg1002@plant.net  ,杭州,4390290,2020-05-10
MC-1204,WAYNE ENTERPRISES MFG#24,  mfg1003@industry.com  ,广州,"$1,676,602.00",02-07-2023
MC-1205,Stark Industries MFG#25,mfg1004@industry.com,南京,525 903,2020-11-07
MC-1206,Black Mesa MFG#26,  mfg1005@factory.org  ,杭州,"$496,757.00",2017-07-01
MC-1207,Blue Sun MFG#27,mfg1006@plant.net,苏州,"$4,739,578.00",04/07/2025
MC-1208,Cyberdyne MFG#28,mfg1007@factory.org,广州,"1 537 272,00",2017-11-08
MC-1209,Aperture MFG#29,mfg1008@industry.com,苏州,4183468,2015-02-10
MC-1210,GLOBEX MFG#30,mfg1009@industry.com,北京,"$89,666.00",2023-11-18
MC-1211,  Dunder Mifflin MFG#31  ,MFG1010@PLANT.NET,武汉,"2 585 210,00",2018-05-17
MC-1212,  Initech MFG#32  ,mfg1011@factory.org,广州,4815958,2015-05-21
MC-1213,  Black Mesa MFG#33  ,MFG1012@INDUSTRY.COM,上海,3521744,2021-11-21
MC-1214,LexCorp MFG#34,mfg1013@factory.org,北京,4179139,2019-06-18
MC-1215,Tyrell Corp MFG#35,mfg1014@plant.net,杭州,4213139,2017-11-26
MC-1216,Weyland-Yutani MFG#36,mfg1015@industry.com,苏州,4 581 842,2017-03-18
MC-1217,Pied Piper MFG#37,MFG1016@INDUSTRY.COM,南京,526820,2020-01-07
MC-1218,weyland-yutani mfg#38,mfg1017@factory.org,成都,"$345,167.00",2022-02-25
MC-1219,  Weyland-Yutani MFG#39  ,mfg1018@plant.net,杭州,1 053 604,2026-06-04
MC-1220,UMBRELLA CO MFG#40,mfg1019@plant.net,武汉,1303815,03/15/2026
MC-1221,LexCorp MFG#41,MFG1020@FACTORY.ORG,南京,393699,17-02-2019
MC-1222,Oscorp MFG#42,mfg1021@factory.org,深圳,"$2,305,130.00",07-05-2026
MC-1223,BLACK MESA MFG#43,mfg1022@factory.org,北京,880740,2018-06-20
MC-1224,  Hooli MFG#44  ,MFG1023@PLANT.NET,成都,1197861,26-10-2020
MC-1225,Vandelay MFG#45,  mfg1024@plant.net  ,南京,2849126,17-02-2015
MC-1226,  Dunder Mifflin MFG#46  ,mfg1025@industry.com,西安,4977988,2026-09-19
MC-1227,  Black Mesa MFG#47  ,MFG1026@INDUSTRY.COM,苏州,1591073,03/18/2025
MC-1228,  Vandelay MFG#48  ,mfg1027@factory.org,南京,1827281,2026-07-05
MC-1229,Oscorp MFG#49,mfg1028@plant.net,成都,3 073 880,2021-03-11
MC-1230,Tyrell Corp MFG#50,  mfg1029@factory.org  ,成都,"4 240 452,00",2024-09-14
MC-1231,  Pied Piper MFG#51  ,mfg1030@plant.net,深圳,2162109,2017-11-19
MC-1232,Tyrell Corp MFG#52,MFG1031@INDUSTRY.COM,武汉,"$1,557,990.00",2023-01-02
MC-1233,Aperture MFG#53,  mfg1032@plant.net  ,北京,1822988,11/11/2017
MC-1234,wonka mfg#54,mfg1033@plant.net,广州,2561790,2021-07-11
MC-1235,Oscorp MFG#55,mfg1034@plant.net,苏州,4053232,2024-04-23
MC-1236,PIED PIPER MFG#56,mfg1035@plant.net,武汉,1222634,03/24/2017
MC-1237,  Globex MFG#57  ,  mfg1036@industry.com  ,深圳,"$2,325,290.00",2024-08-20
MC-1238,Dunder Mifflin MFG#58,  mfg1037@factory.org  ,北京,"$4,893,615.00",08/28/2021
MC-1239,UMBRELLA CO MFG#59,mfg1038@plant.net,上海,4410507,2022-01-23
MC-1240,WEYLAND-YUTANI MFG#60,mfg1039@industry.com,苏州,2850612,2019-05-22
MC-1241,Weyland-Yutani MFG#61,MFG1040@FACTORY.ORG,武汉,4 157 407,2024-06-16
MC-1242,UMBRELLA CO MFG#62,MFG1041@PLANT.NET,苏州,2452777,08-02-2020
MC-1243,Weyland-Yutani MFG#63,mfg1042@industry.com,南京,"$1,801,109.00",04/11/2026
MC-1244,VANDELAY MFG#64,mfg1043@plant.net,杭州,3790587,2026-03-08
MC-1245,  Initech MFG#65  ,mfg1044@plant.net,深圳,598248,09/24/2017
MC-1246,Weyland-Yutani MFG#66,MFG1045@FACTORY.ORG,深圳,"3 912 327,00",12/09/2022
MC-1247,Aperture MFG#67,MFG1046@PLANT.NET,南京,2288838,12/26/2015
MC-1248,VANDELAY MFG#68,mfg1047@plant.net,北京,"$3,975,759.00",2017-11-12
MC-1249,LexCorp MFG#69,mfg1048@industry.com,武汉,"$179,758.00",2024-11-28
MC-1250,PIED PIPER MFG#70,  mfg1049@plant.net  ,成都,"$4,901,710.00",2021-08-22
MC-1251,Hooli MFG#71,mfg1050@factory.org,广州,3526603,04/07/2021
MC-1252,Wayne Enterprises MFG#72,  mfg1051@factory.org  ,武汉,"$1,224,472.00",17-01-2020
MC-1253,CYBERDYNE MFG#73,mfg1052@industry.com,武汉,1 994 829,04/07/2022
MC-1254,Massive Dynamic MFG#74,mfg1053@factory.org,杭州,803384,2019-06-15
MC-1255,Aperture MFG#75,mfg1054@industry.com,西安,"$3,749,814.00",04/11/2018
MC-1256,  Hooli MFG#76  ,mfg1055@industry.com,武汉,2099157,2019-03-13
MC-1257,Massive Dynamic MFG#77,mfg1056@factory.org,南京,"$3,697,836.00",2025-10-04
MC-1258,Massive Dynamic MFG#78,mfg1057@factory.org,北京,4064293,2019-04-24
MC-1259,Pied Piper MFG#79,mfg1058@plant.net,苏州,"$1,152,164.00",10/15/2023
MC-1260,lexcorp mfg#80,mfg1059@factory.org,北京,4 810 263,02/03/2015
MC-1261,Acme Corp MFG#81,MFG1060@FACTORY.ORG,广州,1840041,01/15/2018
MC-1262,Aperture MFG#82,mfg1061@industry.com,南京,3295697,17-08-2018
MC-1263,vandelay mfg#83,mfg1062@industry.com,广州,735 878,09/05/2019
MC-1264,BLACK MESA MFG#84,mfg1063@factory.org,武汉,3336746,2024-08-27
MC-1265,Blue Sun MFG#85,mfg1064@plant.net,西安,2520115,2026-05-27
MC-1266,Stark Industries MFG#86,MFG1065@PLANT.NET,深圳,"$99,586.00",13-11-2015
MC-1267,  Umbrella Co MFG#87  ,MFG1066@FACTORY.ORG,苏州,"$2,223,287.00",2023-12-04
MC-1268,WEYLAND-YUTANI MFG#88,mfg1067@industry.com,杭州,"$4,378,878.00",19-07-2026
MC-1269,Tyrell Corp MFG#0,mfg1068@factory.org,广州,233839,2026-01-01
MC-1270,  Black Mesa MFG#1  ,mfg1069@plant.net,南京,2291896,04/20/2026
MC-1271,Globex MFG#2,MFG1070@INDUSTRY.COM,西安,3122073,2016-05-20
MC-1272,cyberdyne mfg#3,MFG1071@PLANT.NET,武汉,3132466,2026-04-03
MC-1273,PIED PIPER MFG#4,mfg1072@industry.com,西安,3118670,18-06-2021
MC-1274,wonka mfg#5,  mfg1073@factory.org  ,西安,"$907,080.00",04-12-2025
MC-1275,Initech MFG#6,MFG1074@PLANT.NET,北京,"$1,166,508.00",2024-10-07
MC-1276,  Umbrella Co MFG#7  ,mfg1075@factory.org,杭州,"$1,289,419.00",2021-11-16
MC-1277,Globex MFG#8,mfg1076@factory.org,西安,1 788 934,2024-04-04
MC-1278,  Weyland-Yutani MFG#9  ,mfg1077@factory.org,上海,"$3,969,744.00",05/03/2025
MC-1279,LexCorp MFG#10,MFG1078@FACTORY.ORG,西安,3213938,2021-06-07
MC-1280,Acme Corp MFG#11,mfg1079@plant.net,北京,"434 708,00",02/23/2017
MC-1281,Blue Sun MFG#12,  mfg1080@industry.com  ,上海,"$1,128,649.00",02/21/2018
MC-1282,massive dynamic mfg#13,  mfg1081@plant.net  ,广州,4842730,2020-06-04
MC-1283,LEXCORP MFG#14,mfg1082@factory.org,北京,"$4,758,064.00",2018-05-21
MC-1284,Vandelay MFG#15,mfg1083@factory.org,广州,1269328,2015-04-20
MC-1285,LEXCORP MFG#16,  mfg1084@factory.org  ,成都,785217,01/15/2018
MC-1286,BLUE SUN MFG#17,mfg1085@industry.com,南京,"$4,851,601.00",2025-07-20
MC-1287,LexCorp MFG#18,mfg1086@plant.net,西安,"$2,204,924.00",2016-03-21
MC-1288,APERTURE MFG#19,mfg1087@plant.net,武汉,4123856,2016-03-18
MC-1289,Aperture MFG#20,mfg1088@industry.com,苏州,4 200 513,2020-03-05
MC-1290,PIED PIPER MFG#21,mfg1089@plant.net,武汉,3544423,2024-02-05
MC-1291,Cyberdyne MFG#22,mfg1090@factory.org,杭州,2797644,28-01-2021
MC-1292,Cyberdyne MFG#23,mfg1091@plant.net,上海,"1 753 548,00",2021-01-17
MC-1293,Vandelay MFG#24,  mfg1092@industry.com  ,南京,1310629,2017-06-22
MC-1294,  Wayne Enterprises MFG#25  ,  mfg1093@factory.org  ,北京,170444,2023-10-22
MC-1295,Pied Piper MFG#26,mfg1094@factory.org,北京,"$4,995,944.00",07-07-2018
MC-1296,  Initech MFG#27  ,  mfg1095@industry.com  ,上海,1 670 638,12/13/2015
MC-1297,Wonka MFG#28,mfg1096@factory.org,武汉,"$248,831.00",18-04-2015
MC-1298,DUNDER MIFFLIN MFG#29,  mfg1097@factory.org  ,深圳,4210746,2025-12-19
MC-1299,  Umbrella Co MFG#30  ,mfg1098@factory.org,深圳,4760309,2015-11-13
MC-1300,Stark Industries MFG#31,  mfg1099@industry.com  ,苏州,1002166,01/08/2018
MC-1301,  Black Mesa MFG#32  ,mfg1100@plant.net,武汉,"989 044,00",2017-11-19
MC-1302,Vandelay MFG#33,mfg1101@industry.com,苏州,3058599,2026-12-15
MC-1303,Wayne Enterprises MFG#34,mfg1102@plant.net,深圳,3851461,03/19/2024
MC-1304,LexCorp MFG#35,MFG1103@PLANT.NET,武汉,1386285,2018-03-26
MC-1305,Wayne Enterprises MFG#36,MFG1104@INDUSTRY.COM,深圳,1582127,05/19/2015
MC-1306,Pied Piper MFG#37,mfg1105@plant.net,南京,3629190,2020-06-13
MC-1307,Black Mesa MFG#38,mfg1106@industry.com,南京,"$2,278,645.00",2024-06-15
MC-1308,Wonka MFG#39,mfg1107@plant.net,苏州,"$1,473,581.00",2021-12-16
MC-1309,Wonka MFG#40,mfg1108@plant.net,广州,4383108,27-06-2026
MC-1310,Oscorp MFG#41,mfg1109@plant.net,南京,"$2,354,130.00",2024-04-10
MC-1311,Initech MFG#42,  mfg1110@factory.org  ,北京,1166388,2021-09-26
MC-1312,Vandelay MFG#43,mfg1111@factory.org,苏州,2633870,2026-09-25
MC-1313,Massive Dynamic MFG#44,mfg1112@factory.org,武汉,"$3,288,355.00",2022-02-22
MC-1314,  Hooli MFG#45  ,MFG1113@FACTORY.ORG,苏州,"$4,126,026.00",2021-05-28
MC-1315,Initech MFG#46,mfg1114@factory.org,深圳,3464343,02/10/2020
MC-1316,  Initech MFG#47  ,  mfg1115@plant.net  ,武汉,4526869,04/17/2023
MC-1317,Initech MFG#48,mfg1116@factory.org,深圳,4044158,2016-01-07
MC-1318,Wonka MFG#49,mfg1117@plant.net,南京,"$3,206,585.00",07-02-2021
MC-1319,Hooli MFG#50,  mfg1118@plant.net  ,武汉,2 320 638,27-06-2025
MC-1320,  Black Mesa MFG#51  ,mfg1119@factory.org,成都,4 008 201,01/17/2026
MC-1321,LEXCORP MFG#52,mfg1120@plant.net,苏州,1 151 542,2025-09-18
MC-1322,Wayne Enterprises MFG#53,  mfg1121@industry.com  ,深圳,1256818,07-12-2026
MC-1323,Dunder Mifflin MFG#54,mfg1122@plant.net,成都,"$3,296,881.00",2020-10-16
MC-1324,Massive Dynamic MFG#55,mfg1123@plant.net,上海,"$2,428,225.00",24-05-2024
MC-1325,  Acme Corp MFG#56  ,MFG1124@PLANT.NET,北京,4467035,2024-04-16
MC-1326,  Cyberdyne MFG#57  ,  mfg1125@factory.org  ,上海,3057814,02/21/2020
MC-1327,Vandelay MFG#58,mfg1126@plant.net,北京,"$4,263,509.00",2015-11-25
MC-1328,  Stark Industries MFG#59  ,mfg1127@industry.com,苏州,2 001 359,07/05/2022
MC-1329,Umbrella Co MFG#60,mfg1128@plant.net,广州,"$2,018,162.00",2016-06-02
MC-1330,Globex MFG#61,mfg1129@plant.net,深圳,"$4,659,294.00",2026-07-27
MC-1331,Initech MFG#62,mfg1130@factory.org,苏州,2 460 388,22-06-2024
MC-1332,Globex MFG#63,mfg1131@industry.com,深圳,1271236,2018-11-22
MC-1333,  Umbrella Co MFG#64  ,mfg1132@industry.com,西安,108038,03/28/2021
MC-1334,  Wonka MFG#65  ,MFG1133@INDUSTRY.COM,西安,4936560,11/05/2015
MC-1335,Oscorp MFG#66,  mfg1134@plant.net  ,杭州,"$1,510,854.00",02/11/2017
MC-1336,Acme Corp MFG#67,mfg1135@plant.net,杭州,3913994,2025-08-19
MC-1337,STARK INDUSTRIES MFG#68,mfg1136@factory.org,深圳,"3 112 679,00",03/02/2025
MC-1338,Aperture MFG#69,mfg1137@industry.com,成都,"2 370 364,00",09/17/2017
MC-1339,ACME CORP MFG#70,mfg1138@plant.net,成都,4967479,2016-01-26
MC-1340,STARK INDUSTRIES MFG#71,  mfg1139@industry.com  ,苏州,3747494,09/11/2017
MC-1341,Oscorp MFG#72,mfg1140@plant.net,北京,"$806,330.00",2025-09-23
MC-1342,Hooli MFG#73,MFG1141@PLANT.NET,西安,3415847,03-11-2015
MC-1343,Acme Corp MFG#74,  mfg1142@factory.org  ,成都,"$3,774,848.00",2022-11-15
MC-1344,Vandelay MFG#75,mfg1143@industry.com,武汉,"$1,097,795.00",11-07-2021
MC-1345,Weyland-Yutani MFG#76,mfg1144@plant.net,北京,"$4,159,950.00",16-03-2026
MC-1346,OSCORP MFG#77,mfg1145@factory.org,苏州,2 934 545,21-06-2021
MC-1347,HOOLI MFG#78,mfg1146@plant.net,北京,2988571,05/05/2022
MC-1348,Wayne Enterprises MFG#79,mfg1147@industry.com,南京,1812170,04/23/2020
MC-1349,Globex MFG#80,  mfg1148@plant.net  ,西安,"$4,544,130.00",2021-12-21
MC-1350,Massive Dynamic MFG#81,mfg1149@plant.net,杭州,2837064,22-05-2017
MC-1351,wonka mfg#82,mfg1150@industry.com,深圳,"$4,861,728.00",2018-01-26
MC-1352,Acme Corp MFG#83,mfg1151@factory.org,北京,3 274 934,01/24/2023
MC-1353,Acme Corp MFG#84,MFG1152@INDUSTRY.COM,深圳,"1 718 131,00",08/10/2019
MC-1354,  Stark Industries MFG#85  ,  mfg1153@plant.net  ,广州,4369647,2020-04-22
MC-1355,  Initech MFG#86  ,mfg1154@factory.org,上海,68697,16-01-2021
MC-1356,  Stark Industries MFG#87  ,mfg1155@plant.net,苏州,"475 559,00",2019-10-18
MC-1357,Dunder Mifflin MFG#88,mfg1156@plant.net,成都,4807802,07/24/2015
MC-1358,Cyberdyne MFG#0,mfg1157@industry.com,杭州,"$1,079,961.00",01/22/2015
MC-1359,Hooli MFG#1,mfg1158@industry.com,成都,"$1,044,657.00",2026-07-08
MC-1360,Vandelay MFG#2,mfg1159@plant.net,杭州,"$147,844.00",2022-10-10
MC-1361,  Massive Dynamic MFG#3  ,mfg1160@factory.org,武汉,1318416,2020-05-16
MC-1362,Massive Dynamic MFG#4,  mfg1161@plant.net  ,苏州,"$3,881,095.00",14-01-2025
MC-1363,pied piper mfg#5,mfg1162@factory.org,南京,"$4,853,573.00",2015-09-01
MC-1364,Umbrella Co MFG#6,mfg1163@factory.org,南京,"$2,757,983.00",2026-04-16
MC-1365,Stark Industries MFG#7,mfg1164@industry.com,广州,4 396 802,2015-09-14
MC-1366,  Globex MFG#8  ,  mfg1165@factory.org  ,南京,"2 283 442,00",2019-04-23
MC-1367,OSCORP MFG#9,  mfg1166@plant.net  ,杭州,3006677,2016-07-17
MC-1368,WAYNE ENTERPRISES MFG#10,MFG1167@INDUSTRY.COM,武汉,2573836,2025-09-15
MC-1369,tyrell corp mfg#11,mfg1168@plant.net,西安,2316937,20-03-2023
MC-1370,Umbrella Co MFG#12,mfg1169@industry.com,成都,2454440,02-02-2022
MC-1371,INITECH MFG#13,mfg1170@plant.net,苏州,"$880,612.00",2023-04-22
MC-1372,Acme Corp MFG#14,  mfg1171@industry.com  ,成都,1379485,18-03-2018
MC-1373,wayne enterprises mfg#15,mfg1172@factory.org,成都,74783,18-07-2024
MC-1374,  Pied Piper MFG#16  ,mfg1173@plant.net,深圳,"$1,225,392.00",23-09-2026
MC-1375,APERTURE MFG#17,mfg1174@factory.org,上海,"$3,726,484.00",2023-11-19
MC-1376,vandelay mfg#18,mfg1175@industry.com,杭州,"$3,988,089.00",28-01-2022
MC-1377,Acme Corp MFG#19,mfg1176@industry.com,杭州,1324020,2015-06-15
MC-1378,OSCORP MFG#20,mfg1177@factory.org,西安,3251307,04-06-2019
MC-1379,Vandelay MFG#21,MFG1178@PLANT.NET,杭州,"$1,496,840.00",2026-02-19
MC-1380,  Cyberdyne MFG#22  ,  mfg1179@industry.com  ,成都,"$1,003,914.00",11/08/2018
MC-1381,Black Mesa MFG#23,mfg1180@industry.com,西安,"$1,082,510.00",2018-04-11
MC-1382,Blue Sun MFG#24,MFG1181@PLANT.NET,武汉,1685882,2023-10-10
MC-1383,Wonka MFG#25,mfg1182@industry.com,深圳,1397840,03/23/2024
MC-1384,Initech MFG#26,mfg1183@plant.net,苏州,887555,10/01/2019
MC-1385,Acme Corp MFG#27,MFG1184@INDUSTRY.COM,深圳,"$4,520,259.00",2018-06-02
MC-1386,Wayne Enterprises MFG#28,mfg1185@plant.net,杭州,"$2,005,727.00",2026-05-04
MC-1387,Aperture MFG#29,mfg1186@factory.org,南京,404030,01/25/2017
MC-1388,Hooli MFG#30,  mfg1187@factory.org  ,南京,4234311,07/03/2015
MC-1389,Wayne Enterprises MFG#31,mfg1188@industry.com,苏州,"$685,201.00",2022-06-21
MC-1390,APERTURE MFG#32,mfg1189@factory.org,苏州,4757499,2025-08-10
MC-1391,  Massive Dynamic MFG#33  ,MFG1190@PLANT.NET,武汉,3 176 624,2015-08-19
MC-1392,WONKA MFG#34,  mfg1191@plant.net  ,深圳,3463057,2021-09-27
MC-1393,Cyberdyne MFG#35,MFG1192@PLANT.NET,广州,721818,25-10-2023
MC-1394,LEXCORP MFG#36,mfg1193@plant.net,南京,3848753,02/09/2020
MC-1395,Weyland-Yutani MFG#37,mfg1194@factory.org,上海,510742,10/16/2017
MC-1396,  Acme Corp MFG#38  ,mfg1195@plant.net,南京,1384756,05/15/2023
MC-1397,HOOLI MFG#39,mfg1196@plant.net,西安,"$2,274,551.00",10/22/2017
MC-1398,  Aperture MFG#40  ,MFG1197@INDUSTRY.COM,苏州,"1 214 696,00",2020-09-03
MC-1399,WAYNE ENTERPRISES MFG#41,mfg1198@industry.com,南京,2783607,02/27/2025
MC-1400,Tyrell Corp MFG#42,mfg1199@factory.org,上海,2419763,2018-11-27
