defect_id,check_id,batch_id,defect_code,quantity
DF-1,QC-1526,BATCH-7477,DENT,27
DF-2,QC-7509,BATCH-1449,DENT,11
DF-3,QC-6852,BATCH-6697,THREAD-BAD,34
DF-4,QC-6137,BATCH-4466,SCRATCH,17
DF-5,QC-4953,BATCH-1698,未定义,29
DF-6,QC-3661,BATCH-3395,THREAD-BAD,1
DF-7,QC-7102,BATCH-5161,DENT,40
DF-8,QC-4482,BATCH-7534,SCRATCH,38
DF-9,QC-7081,BATCH-5114,THREAD-BAD,21
DF-10,QC-5943,BATCH-5819,COLOR-MISMATCH,2
DF-11,QC-4335,BATCH-1782,DIM-ERR,3
DF-12,QC-3844,BATCH-3152,DIM-ERR,26
DF-13,QC-3226,BATCH-4652,DIM-ERR,44
DF-14,QC-291,BATCH-5544,DENT,11
DF-15,QC-6282,BATCH-7587,DENT,16
DF-16,QC-5305,BATCH-2644,未定义,4
DF-17,QC-2863,BATCH-2416,未定义,37
DF-18,QC-1115,BATCH-5656,SCRATCH,11
DF-19,QC-5305,BATCH-4556,DENT,10
DF-20,QC-37,BATCH-959,DIM-ERR,1
DF-21,QC-6278,BATCH-7947,THREAD-BAD,7
DF-22,QC-993,BATCH-4395,未定义,40
DF-23,QC-7555,BATCH-1882,THREAD-BAD,46
DF-24,QC-2483,BATCH-1931,DENT,44
DF-25,QC-1471,BATCH-3307,DIM-ERR,49
DF-26,QC-5656,BATCH-5380,SCRATCH,44
DF-27,QC-3669,BATCH-3412,DIM-ERR,31
DF-28,QC-1713,BATCH-1138,DIM-ERR,6
DF-29,QC-6957,BATCH-7191,DENT,20
DF-30,QC-5760,BATCH-7932,THREAD-BAD,16
DF-31,QC-69,BATCH-2719,COLOR-MISMATCH,16
DF-32,QC-5459,BATCH-1273,SCRATCH,37
DF-33,QC-1640,BATCH-429,COLOR-MISMATCH,40
DF-34,QC-5332,BATCH-4047,未定义,17
DF-35,QC-7308,BATCH-4987,DENT,2
DF-36,QC-7020,BATCH-4694,COLOR-MISMATCH,35
DF-37,QC-3226,BATCH-1592,DENT,48
DF-38,QC-1395,BATCH-1384,DIM-ERR,18
DF-39,QC-4868,BATCH-4812,DIM-ERR,12
DF-40,QC-1316,BATCH-71,未定义,14
DF-41,QC-1186,BATCH-2406,DENT,11
DF-42,QC-1944,BATCH-5519,未定义,38
DF-43,QC-7405,BATCH-5281,DENT,35
DF-44,QC-6852,BATCH-5507,THREAD-BAD,29
DF-45,QC-869,BATCH-7729,DENT,13
DF-46,QC-5629,BATCH-319,未定义,46
DF-47,QC-1552,BATCH-447,DIM-ERR,49
DF-48,QC-2981,BATCH-2605,SCRATCH,1
DF-49,QC-4493,BATCH-5297,DENT,15
DF-50,QC-7081,BATCH-7905,THREAD-BAD,19
DF-51,QC-1932,BATCH-1317,COLOR-MISMATCH,11
DF-52,QC-3590,BATCH-2662,DIM-ERR,25
DF-53,QC-5143,BATCH-1537,SCRATCH,21
DF-54,QC-5641,BATCH-5061,DENT,30
DF-55,QC-4125,BATCH-6347,COLOR-MISMATCH,7
DF-56,QC-2081,BATCH-610,SCRATCH,1
DF-57,QC-7338,BATCH-3816,COLOR-MISMATCH,17
DF-58,QC-7988,BATCH-2126,THREAD-BAD,27
DF-59,QC-4928,BATCH-57,DENT,46
DF-60,QC-6997,BATCH-5899,DIM-ERR,2
DF-61,QC-1072,BATCH-5361,DIM-ERR,46
DF-62,QC-3431,BATCH-6601,THREAD-BAD,47
DF-63,QC-3155,BATCH-6775,SCRATCH,10
DF-64,QC-4137,BATCH-4624,DENT,8
DF-65,QC-3691,BATCH-6703,未定义,24
DF-66,QC-184,BATCH-7360,COLOR-MISMATCH,19
DF-67,QC-6572,BATCH-5972,未定义,39
DF-68,QC-4120,BATCH-583,DENT,22
DF-69,QC-6949,BATCH-4116,未定义,43
DF-70,QC-4821,BATCH-1044,COLOR-MISMATCH,49
DF-71,QC-3333,BATCH-650,SCRATCH,29
DF-72,QC-1196,BATCH-4894,THREAD-BAD,8
DF-73,QC-686,BATCH-2986,SCRATCH,48
DF-74,QC-4173,BATCH-6682,COLOR-MISMATCH,12
DF-75,QC-5294,BATCH-4198,DENT,34
DF-76,QC-2442,BATCH-7253,DIM-ERR,34
DF-77,QC-4332,BATCH-5319,SCRATCH,22
DF-78,QC-297,BATCH-4439,COLOR-MISMATCH,48
DF-79,QC-4849,BATCH-3919,SCRATCH,1
DF-80,QC-6941,BATCH-6234,未定义,27
DF-81,QC-1072,BATCH-5039,SCRATCH,42
DF-82,QC-7936,BATCH-3970,SCRATCH,50
DF-83,QC-1307,BATCH-4302,THREAD-BAD,21
DF-84,QC-4325,BATCH-4127,DIM-ERR,42
DF-85,QC-2845,BATCH-6418,DENT,39
DF-86,QC-7984,BATCH-568,DIM-ERR,25
DF-87,QC-537,BATCH-3078,COLOR-MISMATCH,8
DF-88,QC-6091,BATCH-3898,DENT,46
DF-89,QC-6282,BATCH-1158,COLOR-MISMATCH,26
DF-90,QC-4325,BATCH-6862,DIM-ERR,21
DF-91,QC-6547,BATCH-1974,未定义,30
DF-92,QC-741,BATCH-5100,未定义,7
DF-93,QC-674,BATCH-6861,SCRATCH,34
DF-94,QC-284,BATCH-2015,COLOR-MISMATCH,32
DF-95,QC-2995,BATCH-2766,未定义,40
DF-96,QC-5115,BATCH-940,未定义,1
DF-97,QC-6137,BATCH-1501,DIM-ERR,23
DF-98,QC-7984,BATCH-1802,COLOR-MISMATCH,39
DF-99,QC-6147,BATCH-7681,SCRATCH,36
DF-100,QC-2424,BATCH-6069,THREAD-BAD,17
DF-101,QC-4486,BATCH-3013,DENT,41
DF-102,QC-3431,BATCH-6286,SCRATCH,25
DF-103,QC-7782,BATCH-1272,DENT,21
DF-104,QC-484,BATCH-1997,THREAD-BAD,43
DF-105,QC-7675,BATCH-1412,DENT,18
DF-106,QC-686,BATCH-2090,SCRATCH,36
DF-107,QC-2731,BATCH-4152,THREAD-BAD,15
DF-108,QC-5723,BATCH-6840,THREAD-BAD,45
DF-109,QC-869,BATCH-1414,DENT,17
DF-110,QC-1752,BATCH-2358,DIM-ERR,50
DF-111,QC-6496,BATCH-7997,DIM-ERR,47
DF-112,QC-5294,BATCH-1087,DIM-ERR,20
DF-113,QC-4147,BATCH-5265,DIM-ERR,22
DF-114,QC-7555,BATCH-2556,未定义,48
DF-115,QC-1838,BATCH-140,COLOR-MISMATCH,31
DF-116,QC-5205,BATCH-600,COLOR-MISMATCH,5
DF-117,QC-6634,BATCH-5035,DIM-ERR,1
DF-118,QC-5633,BATCH-6531,DENT,31
DF-119,QC-4917,BATCH-3594,COLOR-MISMATCH,38
DF-120,QC-7364,BATCH-6090,SCRATCH,32
DF-121,QC-3719,BATCH-6594,DIM-ERR,7
DF-122,QC-7364,BATCH-340,SCRATCH,47
DF-123,QC-7066,BATCH-5664,SCRATCH,26
DF-124,QC-537,BATCH-16,未定义,19
DF-125,QC-2905,BATCH-5223,DENT,17
DF-126,QC-7741,BATCH-7254,DIM-ERR,4
DF-127,QC-995,BATCH-3609,未定义,1
DF-128,QC-6634,BATCH-2420,THREAD-BAD,24
DF-129,QC-4173,BATCH-7675,COLOR-MISMATCH,23
DF-130,QC-7535,BATCH-1552,COLOR-MISMATCH,41
DF-131,QC-7933,BATCH-5110,SCRATCH,35
DF-132,QC-6036,BATCH-2172,SCRATCH,22
DF-133,QC-4770,BATCH-5833,DENT,12
DF-134,QC-7884,BATCH-512,SCRATCH,23
DF-135,QC-7732,BATCH-717,COLOR-MISMATCH,43
DF-136,QC-2879,BATCH-2568,SCRATCH,35
DF-137,QC-537,BATCH-6496,DIM-ERR,39
DF-138,QC-841,BATCH-1691,THREAD-BAD,44
DF-139,QC-1029,BATCH-6526,DENT,23
DF-140,QC-7988,BATCH-1970,DIM-ERR,16
DF-141,QC-4486,BATCH-7490,COLOR-MISMATCH,45
DF-142,QC-7459,BATCH-2264,COLOR-MISMATCH,20
DF-143,QC-1838,BATCH-7930,THREAD-BAD,18
DF-144,QC-6380,BATCH-6771,未定义,48
DF-145,QC-5765,BATCH-6392,THREAD-BAD,50
DF-146,QC-5741,BATCH-3427,THREAD-BAD,8
DF-147,QC-5688,BATCH-5095,DENT,2
DF-148,QC-5332,BATCH-4073,THREAD-BAD,7
DF-149,QC-1988,BATCH-6194,THREAD-BAD,13
DF-150,QC-7009,BATCH-2676,SCRATCH,2
DF-151,QC-5294,BATCH-7879,SCRATCH,21
DF-152,QC-291,BATCH-2247,SCRATCH,45
DF-153,QC-5745,BATCH-172,SCRATCH,10
DF-154,QC-3155,BATCH-2319,THREAD-BAD,14
DF-155,QC-6223,BATCH-7281,DIM-ERR,39
DF-156,QC-3862,BATCH-5579,未定义,44
DF-157,QC-5672,BATCH-3500,THREAD-BAD,1
DF-158,QC-5294,BATCH-7077,DENT,20
DF-159,QC-2483,BATCH-6397,SCRATCH,49
DF-160,QC-5242,BATCH-7192,DIM-ERR,36
DF-161,QC-7535,BATCH-1143,DIM-ERR,3
DF-162,QC-7364,BATCH-5311,DIM-ERR,21
DF-163,QC-4686,BATCH-1219,SCRATCH,12
DF-164,QC-5641,BATCH-5641,DENT,11
DF-165,QC-6732,BATCH-109,SCRATCH,29
DF-166,QC-5672,BATCH-4122,未定义,17
DF-167,QC-4391,BATCH-6916,DENT,1
DF-168,QC-7732,BATCH-5939,DIM-ERR,36
DF-169,QC-6282,BATCH-5072,DENT,16
DF-170,QC-3263,BATCH-4414,COLOR-MISMATCH,27
DF-171,QC-68,BATCH-1819,DENT,35
DF-172,QC-5796,BATCH-3257,SCRATCH,38
DF-173,QC-272,BATCH-4982,THREAD-BAD,47
DF-174,QC-5688,BATCH-2392,COLOR-MISMATCH,7
DF-175,QC-301,BATCH-4793,COLOR-MISMATCH,49
DF-176,QC-5445,BATCH-1447,DENT,15
DF-177,QC-5633,BATCH-3877,THREAD-BAD,47
DF-178,QC-2083,BATCH-6379,DENT,16
DF-179,QC-1932,BATCH-1657,DENT,41
DF-180,QC-7654,BATCH-2553,未定义,6
DF-181,QC-3420,BATCH-5780,DENT,9
DF-182,QC-686,BATCH-7766,THREAD-BAD,6
DF-183,QC-4128,BATCH-3249,未定义,13
DF-184,QC-1137,BATCH-6809,DENT,32
DF-185,QC-652,BATCH-3326,THREAD-BAD,32
DF-186,QC-7413,BATCH-7732,未定义,20
DF-187,QC-271,BATCH-3839,COLOR-MISMATCH,16
DF-188,QC-6171,BATCH-7654,COLOR-MISMATCH,20
DF-189,QC-7095,BATCH-7547,未定义,34
DF-190,QC-5835,BATCH-4434,SCRATCH,32
DF-191,QC-6732,BATCH-1106,COLOR-MISMATCH,4
DF-192,QC-5049,BATCH-5749,DIM-ERR,2
DF-193,QC-6496,BATCH-972,DIM-ERR,24
DF-194,QC-1196,BATCH-3619,未定义,38
DF-195,QC-7288,BATCH-7688,THREAD-BAD,27
DF-196,QC-279,BATCH-2194,未定义,39
DF-197,QC-2321,BATCH-1379,未定义,18
DF-198,QC-6833,BATCH-5906,未定义,27
DF-199,QC-5647,BATCH-1252,未定义,2
DF-200,QC-5001,BATCH-2026,SCRATCH,19
DF-201,QC-7800,BATCH-5354,COLOR-MISMATCH,44
DF-202,QC-3972,BATCH-5947,DENT,9
DF-203,QC-2081,BATCH-3466,SCRATCH,31
DF-204,QC-176,BATCH-7843,未定义,15
DF-205,QC-1480,BATCH-6009,COLOR-MISMATCH,25
DF-206,QC-6050,BATCH-3588,DENT,36
DF-207,QC-7413,BATCH-5370,SCRATCH,32
DF-208,QC-4018,BATCH-4095,DIM-ERR,2
DF-209,QC-1713,BATCH-6333,未定义,41
DF-210,QC-7688,BATCH-2682,THREAD-BAD,2
DF-211,QC-5940,BATCH-3765,THREAD-BAD,14
DF-212,QC-4849,BATCH-7303,THREAD-BAD,1
DF-213,QC-6035,BATCH-4941,未定义,29
DF-214,QC-3420,BATCH-3124,未定义,49
DF-215,QC-6840,BATCH-3042,SCRATCH,8
DF-216,QC-4653,BATCH-6114,DENT,17
DF-217,QC-271,BATCH-5503,未定义,50
DF-218,QC-4037,BATCH-337,SCRATCH,2
DF-219,QC-5120,BATCH-1217,DENT,18
DF-220,QC-2011,BATCH-2393,未定义,47
DF-221,QC-6,BATCH-5476,DIM-ERR,5
DF-222,QC-6673,BATCH-1675,THREAD-BAD,47
DF-223,QC-6177,BATCH-4793,COLOR-MISMATCH,31
DF-224,QC-6997,BATCH-3701,DENT,40
DF-225,QC-674,BATCH-443,未定义,50
DF-226,QC-6165,BATCH-7008,DIM-ERR,21
DF-227,QC-6267,BATCH-734,COLOR-MISMATCH,29
DF-228,QC-5760,BATCH-3505,THREAD-BAD,17
DF-229,QC-2772,BATCH-7104,DENT,37
DF-230,QC-2828,BATCH-6159,未定义,12
DF-231,QC-4128,BATCH-4271,COLOR-MISMATCH,17
DF-232,QC-6668,BATCH-6426,COLOR-MISMATCH,8
DF-233,QC-963,BATCH-3376,DIM-ERR,37
DF-234,QC-6263,BATCH-7972,THREAD-BAD,29
DF-235,QC-3001,BATCH-3519,DENT,9
DF-236,QC-1391,BATCH-1772,DIM-ERR,21
DF-237,QC-4958,BATCH-6971,THREAD-BAD,26
DF-238,QC-6949,BATCH-1973,THREAD-BAD,1
DF-239,QC-7933,BATCH-5089,DENT,32
DF-240,QC-1907,BATCH-3790,SCRATCH,16
DF-241,QC-7933,BATCH-5591,DIM-ERR,32
DF-242,QC-2592,BATCH-428,THREAD-BAD,17
DF-243,QC-3333,BATCH-3276,未定义,16
DF-244,QC-3263,BATCH-3644,COLOR-MISMATCH,32
DF-245,QC-7334,BATCH-7615,COLOR-MISMATCH,13
DF-246,QC-5760,BATCH-3668,THREAD-BAD,13
DF-247,QC-3334,BATCH-1641,DENT,13
DF-248,QC-7364,BATCH-5015,SCRATCH,44
DF-249,QC-4612,BATCH-3775,DENT,20
DF-250,QC-6035,BATCH-5530,DIM-ERR,25
DF-251,QC-4018,BATCH-6515,DENT,42
DF-252,QC-537,BATCH-4724,DENT,33
DF-253,QC-995,BATCH-749,DIM-ERR,44
DF-254,QC-5526,BATCH-1796,COLOR-MISMATCH,31
DF-255,QC-4147,BATCH-871,COLOR-MISMATCH,39
DF-256,QC-4825,BATCH-3494,未定义,31
DF-257,QC-5527,BATCH-1377,SCRATCH,38
DF-258,QC-6727,BATCH-4657,未定义,29
DF-259,QC-3826,BATCH-7260,SCRATCH,40
DF-260,QC-6380,BATCH-6711,未定义,39
DF-261,QC-5520,BATCH-4394,SCRATCH,27
DF-262,QC-4929,BATCH-4980,DIM-ERR,23
DF-263,QC-6001,BATCH-7781,DENT,43
DF-264,QC-2193,BATCH-2547,COLOR-MISMATCH,41
DF-265,QC-6409,BATCH-2077,THREAD-BAD,29
DF-266,QC-2932,BATCH-5874,未定义,38
DF-267,QC-5318,BATCH-6346,COLOR-MISMATCH,27
DF-268,QC-271,BATCH-7841,DENT,49
DF-269,QC-4821,BATCH-1565,DIM-ERR,28
DF-270,QC-362,BATCH-4518,未定义,2
DF-271,QC-7669,BATCH-7088,DIM-ERR,1
DF-272,QC-4391,BATCH-1560,未定义,24
DF-273,QC-6263,BATCH-4303,THREAD-BAD,46
DF-274,QC-993,BATCH-3735,未定义,31
DF-275,QC-5783,BATCH-5455,SCRATCH,43
DF-276,QC-3786,BATCH-1866,COLOR-MISMATCH,20
DF-277,QC-2828,BATCH-1731,DIM-ERR,8
DF-278,QC-5056,BATCH-1868,DIM-ERR,39
DF-279,QC-3061,BATCH-7739,未定义,8
DF-280,QC-7213,BATCH-5965,SCRATCH,36
DF-281,QC-2957,BATCH-2034,未定义,6
DF-282,QC-299,BATCH-5474,DIM-ERR,18
DF-283,QC-7675,BATCH-7870,DENT,3
DF-284,QC-7791,BATCH-1265,DENT,13
DF-285,QC-7020,BATCH-2261,DIM-ERR,26
DF-286,QC-2442,BATCH-6476,COLOR-MISMATCH,32
DF-287,QC-4396,BATCH-5491,THREAD-BAD,41
DF-288,QC-7969,BATCH-5528,COLOR-MISMATCH,44
DF-289,QC-297,BATCH-6336,COLOR-MISMATCH,16
DF-290,QC-4446,BATCH-4628,未定义,42
DF-291,QC-3461,BATCH-4994,COLOR-MISMATCH,19
DF-292,QC-6504,BATCH-2237,SCRATCH,50
DF-293,QC-6547,BATCH-4525,未定义,7
DF-294,QC-5003,BATCH-3191,THREAD-BAD,34
DF-295,QC-3382,BATCH-1296,THREAD-BAD,45
DF-296,QC-1009,BATCH-7900,未定义,49
DF-297,QC-1391,BATCH-4734,SCRATCH,6
DF-298,QC-1480,BATCH-161,未定义,43
DF-299,QC-2081,BATCH-1291,DIM-ERR,8
DF-300,QC-6513,BATCH-4241,DENT,43
DF-301,QC-7782,BATCH-1013,DENT,17
DF-302,QC-2264,BATCH-6225,未定义,7
DF-303,QC-7102,BATCH-7128,DIM-ERR,43
DF-304,QC-7308,BATCH-979,DENT,42
DF-305,QC-4782,BATCH-5447,COLOR-MISMATCH,40
DF-306,QC-6833,BATCH-1242,THREAD-BAD,38
DF-307,QC-7741,BATCH-75,未定义,5
DF-308,QC-5765,BATCH-887,未定义,40
DF-309,QC-7393,BATCH-5781,DIM-ERR,43
DF-310,QC-2483,BATCH-5173,SCRATCH,46
DF-311,QC-2687,BATCH-5292,SCRATCH,40
DF-312,QC-2483,BATCH-2693,THREAD-BAD,18
DF-313,QC-1471,BATCH-181,DIM-ERR,45
DF-314,QC-1251,BATCH-822,DENT,38
DF-315,QC-7188,BATCH-5457,DENT,45
DF-316,QC-6819,BATCH-1396,COLOR-MISMATCH,43
DF-317,QC-931,BATCH-1876,COLOR-MISMATCH,50
DF-318,QC-3420,BATCH-3835,DENT,3
DF-319,QC-2845,BATCH-4112,THREAD-BAD,11
DF-320,QC-7213,BATCH-7447,SCRATCH,20
DF-321,QC-220,BATCH-4404,DENT,27
DF-322,QC-3719,BATCH-5524,DENT,31
DF-323,QC-7308,BATCH-6427,DIM-ERR,45
DF-324,QC-7413,BATCH-5950,THREAD-BAD,40
DF-325,QC-740,BATCH-1493,DENT,1
DF-326,QC-4271,BATCH-4302,DIM-ERR,44
DF-327,QC-4125,BATCH-6825,DENT,3
DF-328,QC-7243,BATCH-4834,未定义,3
DF-329,QC-3041,BATCH-4162,DENT,33
DF-330,QC-971,BATCH-7163,未定义,3
DF-331,QC-1552,BATCH-6531,SCRATCH,7
DF-332,QC-2483,BATCH-3848,DENT,41
DF-333,QC-6378,BATCH-6479,DIM-ERR,10
DF-334,QC-1251,BATCH-5385,未定义,27
DF-335,QC-3575,BATCH-7739,COLOR-MISMATCH,36
DF-336,QC-3786,BATCH-6319,DENT,24
DF-337,QC-4825,BATCH-2928,DENT,18
DF-338,QC-3001,BATCH-2435,THREAD-BAD,39
DF-339,QC-4943,BATCH-3794,未定义,34
DF-340,QC-7503,BATCH-402,THREAD-BAD,49
DF-341,QC-284,BATCH-2310,未定义,6
DF-342,QC-6467,BATCH-1556,SCRATCH,36
DF-343,QC-1738,BATCH-4185,DENT,34
DF-344,QC-6263,BATCH-5566,未定义,9
DF-345,QC-3962,BATCH-5952,SCRATCH,6
DF-346,QC-1009,BATCH-6911,THREAD-BAD,15
DF-347,QC-6496,BATCH-4907,COLOR-MISMATCH,27
DF-348,QC-4536,BATCH-4004,DENT,3
DF-349,QC-2361,BATCH-862,THREAD-BAD,1
DF-350,QC-7800,BATCH-2340,DIM-ERR,38
DF-351,QC-5120,BATCH-2951,COLOR-MISMATCH,44
DF-352,QC-5003,BATCH-203,DIM-ERR,17
DF-353,QC-3382,BATCH-3321,未定义,30
DF-354,QC-1932,BATCH-4601,THREAD-BAD,43
DF-355,QC-6655,BATCH-6454,THREAD-BAD,44
DF-356,QC-7459,BATCH-4484,DENT,22
DF-357,QC-1150,BATCH-3446,SCRATCH,26
DF-358,QC-7405,BATCH-5237,未定义,44
DF-359,QC-2731,BATCH-177,DIM-ERR,14
DF-360,QC-2295,BATCH-3686,COLOR-MISMATCH,31
DF-361,QC-4415,BATCH-654,COLOR-MISMATCH,49
DF-362,QC-5672,BATCH-1876,COLOR-MISMATCH,41
DF-363,QC-6570,BATCH-1947,THREAD-BAD,33
DF-364,QC-3962,BATCH-5872,THREAD-BAD,39
DF-365,QC-5242,BATCH-5584,COLOR-MISMATCH,3
DF-366,QC-3719,BATCH-1672,DIM-ERR,18
DF-367,QC-6833,BATCH-2391,SCRATCH,3
DF-368,QC-4847,BATCH-4831,THREAD-BAD,36
DF-369,QC-5115,BATCH-7581,SCRATCH,11
DF-370,QC-3759,BATCH-62,THREAD-BAD,21
DF-371,QC-5798,BATCH-3187,COLOR-MISMATCH,16
DF-372,QC-263,BATCH-2008,DENT,41
DF-373,QC-5294,BATCH-2039,DENT,35
DF-374,QC-2845,BATCH-6706,DIM-ERR,37
DF-375,QC-754,BATCH-1154,未定义,41
DF-376,QC-3111,BATCH-2289,DENT,35
DF-377,QC-4415,BATCH-4518,DENT,39
DF-378,QC-2592,BATCH-7008,DENT,8
DF-379,QC-1196,BATCH-3652,THREAD-BAD,23
DF-380,QC-4523,BATCH-5286,DIM-ERR,31
DF-381,QC-220,BATCH-3531,COLOR-MISMATCH,43
DF-382,QC-1509,BATCH-6954,THREAD-BAD,2
DF-383,QC-971,BATCH-6283,THREAD-BAD,42
DF-384,QC-176,BATCH-5037,SCRATCH,23
DF-385,QC-184,BATCH-2696,未定义,32
DF-386,QC-362,BATCH-7335,THREAD-BAD,29
DF-387,QC-7503,BATCH-4328,DENT,16
DF-388,QC-6165,BATCH-5408,未定义,44
DF-389,QC-68,BATCH-1821,DENT,18
DF-390,QC-6548,BATCH-5209,THREAD-BAD,39
DF-391,QC-7081,BATCH-7891,THREAD-BAD,47
DF-392,QC-374,BATCH-7172,DIM-ERR,36
DF-393,QC-69,BATCH-2890,THREAD-BAD,33
DF-394,QC-5424,BATCH-7469,THREAD-BAD,1
DF-395,QC-4686,BATCH-5145,COLOR-MISMATCH,4
DF-396,QC-6835,BATCH-6423,COLOR-MISMATCH,26
DF-397,QC-4597,BATCH-3494,DIM-ERR,33
DF-398,QC-4482,BATCH-1148,SCRATCH,44
DF-399,QC-4131,BATCH-6455,未定义,9
DF-400,QC-7810,BATCH-5225,COLOR-MISMATCH,8
DF-401,QC-5004,BATCH-4573,SCRATCH,49
DF-402,QC-5520,BATCH-5635,THREAD-BAD,42
DF-403,QC-5139,BATCH-6782,DENT,1
DF-404,QC-4413,BATCH-4814,THREAD-BAD,29
DF-405,QC-5798,BATCH-6697,未定义,32
DF-406,QC-6270,BATCH-836,DENT,40
DF-407,QC-2037,BATCH-1334,SCRATCH,5
DF-408,QC-3962,BATCH-2147,THREAD-BAD,30
DF-409,QC-6270,BATCH-6715,COLOR-MISMATCH,49
DF-410,QC-5760,BATCH-5455,SCRATCH,3
DF-411,QC-297,BATCH-4960,DENT,21
DF-412,QC-4653,BATCH-1004,DENT,40
DF-413,QC-5520,BATCH-2720,THREAD-BAD,20
DF-414,QC-7555,BATCH-3470,未定义,44
DF-415,QC-7810,BATCH-1845,DENT,33
DF-416,QC-7988,BATCH-4254,THREAD-BAD,45
DF-417,QC-869,BATCH-2038,DENT,21
DF-418,QC-7020,BATCH-4815,DIM-ERR,21
DF-419,QC-963,BATCH-6215,COLOR-MISMATCH,37
DF-420,QC-184,BATCH-7740,COLOR-MISMATCH,21
DF-421,QC-5072,BATCH-7414,THREAD-BAD,29
DF-422,QC-7095,BATCH-6601,SCRATCH,2
DF-423,QC-4413,BATCH-5377,COLOR-MISMATCH,23
DF-424,QC-1559,BATCH-2211,THREAD-BAD,9
DF-425,QC-2273,BATCH-4804,DIM-ERR,22
DF-426,QC-7405,BATCH-6626,COLOR-MISMATCH,43
DF-427,QC-1154,BATCH-4381,SCRATCH,29
DF-428,QC-2935,BATCH-3693,DIM-ERR,41
DF-429,QC-2226,BATCH-6999,COLOR-MISMATCH,44
DF-430,QC-6237,BATCH-3862,未定义,45
DF-431,QC-5305,BATCH-511,SCRATCH,7
DF-432,QC-4125,BATCH-231,SCRATCH,32
DF-433,QC-3791,BATCH-254,SCRATCH,45
DF-434,QC-1391,BATCH-7545,DIM-ERR,35
DF-435,QC-2981,BATCH-2187,COLOR-MISMATCH,48
DF-436,QC-1815,BATCH-2258,DENT,40
DF-437,QC-3934,BATCH-1341,DIM-ERR,18
DF-438,QC-7393,BATCH-4179,未定义,6
DF-439,QC-284,BATCH-1998,未定义,22
DF-440,QC-100,BATCH-1821,未定义,19
DF-441,QC-7164,BATCH-6568,未定义,39
DF-442,QC-4137,BATCH-15,THREAD-BAD,22
DF-443,QC-1395,BATCH-1790,DENT,35
DF-444,QC-5242,BATCH-2126,THREAD-BAD,44
DF-445,QC-7509,BATCH-1964,COLOR-MISMATCH,4
DF-446,QC-1454,BATCH-360,DENT,6
DF-447,QC-6816,BATCH-7131,SCRATCH,31
DF-448,QC-6621,BATCH-6755,THREAD-BAD,22
DF-449,QC-694,BATCH-4589,DENT,1
DF-450,QC-2072,BATCH-198,DIM-ERR,11
DF-451,QC-1196,BATCH-3391,未定义,45
DF-452,QC-6001,BATCH-1435,DENT,12
DF-453,QC-7884,BATCH-659,COLOR-MISMATCH,35
DF-454,QC-1239,BATCH-3612,DENT,5
DF-455,QC-6278,BATCH-2275,SCRATCH,1
DF-456,QC-7231,BATCH-7506,COLOR-MISMATCH,34
DF-457,QC-694,BATCH-4464,THREAD-BAD,43
DF-458,QC-7800,BATCH-5285,SCRATCH,44
DF-459,QC-963,BATCH-2770,未定义,23
DF-460,QC-3111,BATCH-5006,SCRATCH,12
DF-461,QC-93,BATCH-4373,未定义,33
DF-462,QC-5003,BATCH-7528,DIM-ERR,10
DF-463,QC-3425,BATCH-6763,DENT,11
DF-464,QC-6307,BATCH-5239,SCRATCH,33
DF-465,QC-2462,BATCH-2197,SCRATCH,33
DF-466,QC-6655,BATCH-6132,SCRATCH,29
DF-467,QC-100,BATCH-7191,DIM-ERR,40
DF-468,QC-856,BATCH-4120,COLOR-MISMATCH,18
DF-469,QC-5760,BATCH-2211,COLOR-MISMATCH,2
DF-470,QC-2177,BATCH-6867,DIM-ERR,35
DF-471,QC-1226,BATCH-5100,SCRATCH,12
DF-472,QC-2981,BATCH-7792,SCRATCH,25
DF-473,QC-5623,BATCH-7449,DENT,35
DF-474,QC-6496,BATCH-1407,SCRATCH,14
DF-475,QC-3935,BATCH-686,未定义,20
DF-476,QC-3489,BATCH-6774,THREAD-BAD,20
DF-477,QC-3590,BATCH-7321,DENT,50
DF-478,QC-4917,BATCH-117,DENT,37
DF-479,QC-4103,BATCH-1657,COLOR-MISMATCH,17
DF-480,QC-5596,BATCH-3667,DIM-ERR,3
DF-481,QC-2592,BATCH-5237,DENT,1
DF-482,QC-290,BATCH-946,DENT,41
DF-483,QC-6625,BATCH-81,DENT,27
DF-484,QC-7364,BATCH-7588,COLOR-MISMATCH,45
DF-485,QC-1150,BATCH-6591,SCRATCH,28
DF-486,QC-1740,BATCH-4311,未定义,25
DF-487,QC-4391,BATCH-4061,未定义,46
DF-488,QC-2177,BATCH-7028,未定义,14
DF-489,QC-7383,BATCH-3173,SCRATCH,6
DF-490,QC-7404,BATCH-5141,DENT,31
DF-491,QC-963,BATCH-91,DENT,27
DF-492,QC-297,BATCH-6385,DENT,20
DF-493,QC-4744,BATCH-7624,DIM-ERR,33
DF-494,QC-2361,BATCH-6356,SCRATCH,40
DF-495,QC-2731,BATCH-3815,THREAD-BAD,43
DF-496,QC-5267,BATCH-171,COLOR-MISMATCH,31
DF-497,QC-5633,BATCH-2004,未定义,42
DF-498,QC-4536,BATCH-5698,THREAD-BAD,44
DF-499,QC-5940,BATCH-6634,DENT,41
DF-500,QC-2264,BATCH-2304,DENT,50
DF-501,QC-6409,BATCH-6822,DIM-ERR,36
DF-502,QC-2143,BATCH-4418,DENT,41
DF-503,QC-2321,BATCH-6716,THREAD-BAD,9
DF-504,QC-2845,BATCH-1473,COLOR-MISMATCH,21
DF-505,QC-1307,BATCH-4600,SCRATCH,48
DF-506,QC-1339,BATCH-6170,DIM-ERR,28
DF-507,QC-6177,BATCH-7969,DENT,44
DF-508,QC-68,BATCH-5774,THREAD-BAD,23
DF-509,QC-614,BATCH-7038,SCRATCH,32
DF-510,QC-4597,BATCH-224,COLOR-MISMATCH,2
DF-511,QC-931,BATCH-1399,THREAD-BAD,25
DF-512,QC-7984,BATCH-2934,DENT,26
DF-513,QC-5943,BATCH-6002,DENT,19
DF-514,QC-5564,BATCH-6856,THREAD-BAD,37
DF-515,QC-2081,BATCH-4450,DENT,30
DF-516,QC-314,BATCH-4741,SCRATCH,33
DF-517,QC-3236,BATCH-3174,COLOR-MISMATCH,1
DF-518,QC-4704,BATCH-572,THREAD-BAD,18
DF-519,QC-3334,BATCH-5050,未定义,8
DF-520,QC-4623,BATCH-2641,COLOR-MISMATCH,14
DF-521,QC-6001,BATCH-1790,COLOR-MISMATCH,15
DF-522,QC-2923,BATCH-6785,SCRATCH,47
DF-523,QC-669,BATCH-3874,DIM-ERR,29
DF-524,QC-1752,BATCH-1942,未定义,13
DF-525,QC-1727,BATCH-3279,DIM-ERR,6
DF-526,QC-2081,BATCH-7783,COLOR-MISMATCH,23
DF-527,QC-5505,BATCH-565,SCRATCH,29
DF-528,QC-4037,BATCH-5322,DIM-ERR,28
DF-529,QC-6816,BATCH-7107,THREAD-BAD,18
DF-530,QC-669,BATCH-1173,DIM-ERR,49
DF-531,QC-7405,BATCH-5374,COLOR-MISMATCH,32
DF-532,QC-2828,BATCH-2567,COLOR-MISMATCH,3
DF-533,QC-4493,BATCH-729,未定义,28
DF-534,QC-5628,BATCH-2071,DENT,33
DF-535,QC-1454,BATCH-5733,SCRATCH,50
DF-536,QC-5520,BATCH-3343,DIM-ERR,14
DF-537,QC-5506,BATCH-1024,DENT,13
DF-538,QC-4125,BATCH-1757,THREAD-BAD,25
DF-539,QC-1391,BATCH-7056,THREAD-BAD,18
DF-540,QC-7367,BATCH-7856,未定义,15
DF-541,QC-4943,BATCH-6607,COLOR-MISMATCH,4
DF-542,QC-7188,BATCH-2136,THREAD-BAD,3
DF-543,QC-291,BATCH-1711,COLOR-MISMATCH,40
DF-544,QC-2321,BATCH-3963,COLOR-MISMATCH,17
DF-545,QC-7931,BATCH-1529,DENT,32
DF-546,QC-7405,BATCH-25,未定义,49
DF-547,QC-740,BATCH-7084,THREAD-BAD,43
DF-548,QC-1029,BATCH-5429,DIM-ERR,19
DF-549,QC-358,BATCH-5891,DIM-ERR,12
DF-550,QC-740,BATCH-3381,DIM-ERR,48
DF-551,QC-2731,BATCH-4870,未定义,10
DF-552,QC-5294,BATCH-556,THREAD-BAD,2
DF-553,QC-1009,BATCH-6922,DENT,19
DF-554,QC-1339,BATCH-1235,DENT,5
DF-555,QC-993,BATCH-3844,DIM-ERR,24
DF-556,QC-220,BATCH-875,SCRATCH,33
DF-557,QC-6634,BATCH-7180,COLOR-MISMATCH,44
DF-558,QC-7288,BATCH-3748,THREAD-BAD,1
DF-559,QC-1932,BATCH-7211,DIM-ERR,50
DF-560,QC-6001,BATCH-2828,COLOR-MISMATCH,32
DF-561,QC-3748,BATCH-2030,DIM-ERR,12
DF-562,QC-5139,BATCH-2695,未定义,3
DF-563,QC-2935,BATCH-5572,COLOR-MISMATCH,16
DF-564,QC-6774,BATCH-846,COLOR-MISMATCH,3
DF-565,QC-5810,BATCH-1540,COLOR-MISMATCH,30
DF-566,QC-299,BATCH-7083,DIM-ERR,25
DF-567,QC-6572,BATCH-3717,THREAD-BAD,5
DF-568,QC-5656,BATCH-2480,COLOR-MISMATCH,46
DF-569,QC-4450,BATCH-3575,COLOR-MISMATCH,38
DF-570,QC-4049,BATCH-4959,DENT,7
DF-571,QC-5445,BATCH-3199,THREAD-BAD,47
DF-572,QC-1740,BATCH-710,DIM-ERR,44
DF-573,QC-1838,BATCH-1081,COLOR-MISMATCH,25
DF-574,QC-591,BATCH-7421,未定义,46
DF-575,QC-7555,BATCH-2500,SCRATCH,46
DF-576,QC-279,BATCH-5518,DIM-ERR,34
DF-577,QC-4623,BATCH-1663,DIM-ERR,32
DF-578,QC-3031,BATCH-1263,DIM-ERR,24
DF-579,QC-4744,BATCH-1752,COLOR-MISMATCH,20
DF-580,QC-7555,BATCH-2854,DENT,47
DF-581,QC-3031,BATCH-6612,SCRATCH,17
DF-582,QC-2539,BATCH-1050,DIM-ERR,30
DF-583,QC-4482,BATCH-2935,SCRATCH,31
DF-584,QC-7034,BATCH-1620,THREAD-BAD,41
DF-585,QC-3842,BATCH-1406,未定义,42
DF-586,QC-1196,BATCH-1084,DENT,37
DF-587,QC-7791,BATCH-3797,SCRATCH,14
DF-588,QC-148,BATCH-5052,COLOR-MISMATCH,46
DF-589,QC-5526,BATCH-6986,COLOR-MISMATCH,29
DF-590,QC-1230,BATCH-7127,SCRATCH,15
DF-591,QC-3759,BATCH-1626,DENT,22
DF-592,QC-3505,BATCH-2593,未定义,24
DF-593,QC-7333,BATCH-5759,THREAD-BAD,14
DF-594,QC-2072,BATCH-7467,DENT,12
DF-595,QC-307,BATCH-7954,SCRATCH,37
DF-596,QC-7969,BATCH-346,SCRATCH,47
DF-597,QC-3111,BATCH-231,COLOR-MISMATCH,19
DF-598,QC-5778,BATCH-3510,THREAD-BAD,21
DF-599,QC-1738,BATCH-6026,未定义,12
DF-600,QC-6050,BATCH-5190,DIM-ERR,2
DF-601,QC-653,BATCH-2689,SCRATCH,33
DF-602,QC-4037,BATCH-3134,DIM-ERR,5
DF-603,QC-2037,BATCH-6745,COLOR-MISMATCH,5
DF-604,QC-993,BATCH-6384,THREAD-BAD,50
DF-605,QC-6634,BATCH-1573,COLOR-MISMATCH,42
DF-606,QC-1006,BATCH-7178,SCRATCH,18
DF-607,QC-5656,BATCH-669,DIM-ERR,45
DF-608,QC-7364,BATCH-1255,DENT,37
DF-609,QC-220,BATCH-1550,THREAD-BAD,42
DF-610,QC-3489,BATCH-2957,COLOR-MISMATCH,39
DF-611,QC-4868,BATCH-4299,DENT,23
DF-612,QC-301,BATCH-7068,DENT,32
DF-613,QC-6050,BATCH-4121,COLOR-MISMATCH,3
DF-614,QC-7213,BATCH-7538,DIM-ERR,46
DF-615,QC-7555,BATCH-1049,THREAD-BAD,2
DF-616,QC-349,BATCH-2069,THREAD-BAD,30
DF-617,QC-3723,BATCH-4611,未定义,39
DF-618,QC-4173,BATCH-2916,DIM-ERR,39
DF-619,QC-4917,BATCH-3843,COLOR-MISMATCH,10
DF-620,QC-741,BATCH-4214,SCRATCH,43
DF-621,QC-3795,BATCH-2582,DENT,41
DF-622,QC-6194,BATCH-3857,SCRATCH,15
DF-623,QC-4594,BATCH-1123,COLOR-MISMATCH,1
DF-624,QC-4450,BATCH-1394,SCRATCH,11
DF-625,QC-2772,BATCH-1730,COLOR-MISMATCH,37
DF-626,QC-869,BATCH-2251,DENT,14
DF-627,QC-4318,BATCH-9,THREAD-BAD,9
DF-628,QC-5647,BATCH-3403,THREAD-BAD,7
DF-629,QC-5003,BATCH-729,DENT,11
DF-630,QC-1907,BATCH-1569,DIM-ERR,18
DF-631,QC-7107,BATCH-3842,THREAD-BAD,4
DF-632,QC-4037,BATCH-7521,THREAD-BAD,36
DF-633,QC-3177,BATCH-234,DIM-ERR,26
DF-634,QC-7790,BATCH-2669,DIM-ERR,8
DF-635,QC-6056,BATCH-4576,DENT,34
DF-636,QC-4536,BATCH-240,SCRATCH,32
DF-637,QC-6496,BATCH-5522,COLOR-MISMATCH,24
DF-638,QC-5835,BATCH-504,未定义,42
DF-639,QC-2143,BATCH-4020,THREAD-BAD,20
DF-640,QC-4744,BATCH-7386,DENT,26
DF-641,QC-4821,BATCH-750,DENT,30
DF-642,QC-2685,BATCH-2582,COLOR-MISMATCH,6
DF-643,QC-5185,BATCH-6427,THREAD-BAD,20
DF-644,QC-5778,BATCH-1506,DENT,40
DF-645,QC-3263,BATCH-4630,未定义,46
DF-646,QC-4173,BATCH-5783,DIM-ERR,36
DF-647,QC-652,BATCH-5119,DIM-ERR,39
DF-648,QC-1888,BATCH-2570,DENT,9
DF-649,QC-2879,BATCH-3039,SCRATCH,31
DF-650,QC-5520,BATCH-2677,THREAD-BAD,26
DF-651,QC-184,BATCH-6283,COLOR-MISMATCH,3
DF-652,QC-4594,BATCH-2364,DIM-ERR,30
DF-653,QC-6549,BATCH-457,THREAD-BAD,5
DF-654,QC-5527,BATCH-1972,COLOR-MISMATCH,26
DF-655,QC-6137,BATCH-4928,SCRATCH,37
DF-656,QC-6668,BATCH-4775,未定义,33
DF-657,QC-1552,BATCH-2011,DIM-ERR,30
DF-658,QC-6456,BATCH-182,THREAD-BAD,39
DF-659,QC-299,BATCH-1372,SCRATCH,23
DF-660,QC-1096,BATCH-4959,SCRATCH,30
DF-661,QC-1552,BATCH-3315,未定义,2
DF-662,QC-3035,BATCH-5943,未定义,36
DF-663,QC-7791,BATCH-2669,SCRATCH,7
DF-664,QC-841,BATCH-7318,THREAD-BAD,6
DF-665,QC-4744,BATCH-4170,未定义,5
DF-666,QC-5798,BATCH-1313,SCRATCH,13
DF-667,QC-5649,BATCH-4286,THREAD-BAD,11
DF-668,QC-4128,BATCH-1665,DENT,47
DF-669,QC-4815,BATCH-4727,COLOR-MISMATCH,21
DF-670,QC-5641,BATCH-4774,THREAD-BAD,50
DF-671,QC-6409,BATCH-4490,THREAD-BAD,33
DF-672,QC-2957,BATCH-2300,DENT,34
DF-673,QC-6270,BATCH-5750,THREAD-BAD,17
DF-674,QC-1765,BATCH-3276,DIM-ERR,37
DF-675,QC-5531,BATCH-4569,DENT,10
DF-676,QC-3821,BATCH-4197,DIM-ERR,13
DF-677,QC-6874,BATCH-5281,未定义,6
DF-678,QC-2623,BATCH-4682,SCRATCH,17
DF-679,QC-4868,BATCH-3982,SCRATCH,16
DF-680,QC-7107,BATCH-7404,COLOR-MISMATCH,1
DF-681,QC-7922,BATCH-4145,COLOR-MISMATCH,25
DF-682,QC-3431,BATCH-7780,COLOR-MISMATCH,4
DF-683,QC-3719,BATCH-3020,COLOR-MISMATCH,5
DF-684,QC-4953,BATCH-5689,SCRATCH,49
DF-685,QC-4450,BATCH-7897,SCRATCH,6
DF-686,QC-4081,BATCH-4569,THREAD-BAD,9
DF-687,QC-5506,BATCH-7037,未定义,3
DF-688,QC-2321,BATCH-3514,COLOR-MISMATCH,18
DF-689,QC-3001,BATCH-3339,THREAD-BAD,26
DF-690,QC-4752,BATCH-1435,SCRATCH,4
DF-691,QC-1230,BATCH-4339,THREAD-BAD,16
DF-692,QC-5049,BATCH-3644,COLOR-MISMATCH,14
DF-693,QC-4042,BATCH-2160,DIM-ERR,49
DF-694,QC-2644,BATCH-6593,DIM-ERR,37
DF-695,QC-4396,BATCH-6965,未定义,25
DF-696,QC-6710,BATCH-1370,THREAD-BAD,49
DF-697,QC-7931,BATCH-2109,SCRATCH,19
DF-698,QC-931,BATCH-3130,DENT,5
DF-699,QC-1210,BATCH-6195,COLOR-MISMATCH,43
DF-700,QC-1988,BATCH-361,SCRATCH,35
DF-701,QC-5574,BATCH-7240,SCRATCH,26
DF-702,QC-68,BATCH-5358,DENT,21
DF-703,QC-6137,BATCH-5889,未定义,3
DF-704,QC-5527,BATCH-6824,DIM-ERR,21
DF-705,QC-7984,BATCH-396,DIM-ERR,28
DF-706,QC-6997,BATCH-4819,未定义,3
DF-707,QC-291,BATCH-545,未定义,8
DF-708,QC-7164,BATCH-3060,SCRATCH,25
DF-709,QC-3935,BATCH-5804,DIM-ERR,12
DF-710,QC-263,BATCH-3003,DENT,9
DF-711,QC-4131,BATCH-5958,THREAD-BAD,21
DF-712,QC-2442,BATCH-6865,COLOR-MISMATCH,17
DF-713,QC-93,BATCH-736,未定义,19
DF-714,QC-4446,BATCH-6118,COLOR-MISMATCH,36
DF-715,QC-4120,BATCH-3245,SCRATCH,40
DF-716,QC-1509,BATCH-7074,SCRATCH,31
DF-717,QC-4612,BATCH-5990,未定义,21
DF-718,QC-4825,BATCH-4940,SCRATCH,29
DF-719,QC-4137,BATCH-6916,DENT,1
DF-720,QC-1640,BATCH-1988,THREAD-BAD,16
DF-721,QC-6194,BATCH-6176,未定义,13
DF-722,QC-7810,BATCH-6044,COLOR-MISMATCH,18
DF-723,QC-5056,BATCH-4656,DIM-ERR,25
DF-724,QC-4523,BATCH-2352,THREAD-BAD,14
DF-725,QC-2539,BATCH-360,DENT,35
DF-726,QC-6736,BATCH-217,THREAD-BAD,33
DF-727,QC-7364,BATCH-3589,DIM-ERR,32
DF-728,QC-6732,BATCH-4733,未定义,24
DF-729,QC-2879,BATCH-2124,SCRATCH,40
DF-730,QC-4825,BATCH-4844,SCRATCH,5
DF-731,QC-2539,BATCH-4544,SCRATCH,6
DF-732,QC-814,BATCH-6195,COLOR-MISMATCH,47
DF-733,QC-2143,BATCH-3001,THREAD-BAD,41
DF-734,QC-3786,BATCH-5493,THREAD-BAD,32
DF-735,QC-307,BATCH-1367,DIM-ERR,47
DF-736,QC-6504,BATCH-2541,THREAD-BAD,49
DF-737,QC-1936,BATCH-3575,COLOR-MISMATCH,46
DF-738,QC-2462,BATCH-854,THREAD-BAD,45
DF-739,QC-669,BATCH-3013,SCRATCH,35
DF-740,QC-349,BATCH-5327,DENT,44
DF-741,QC-4653,BATCH-3887,DENT,31
DF-742,QC-1150,BATCH-2013,DENT,9
DF-743,QC-3879,BATCH-1975,THREAD-BAD,11
DF-744,QC-5798,BATCH-4228,THREAD-BAD,27
DF-745,QC-7669,BATCH-1230,DIM-ERR,24
DF-746,QC-2226,BATCH-775,THREAD-BAD,22
DF-747,QC-6572,BATCH-4131,THREAD-BAD,34
DF-748,QC-7853,BATCH-7371,THREAD-BAD,12
DF-749,QC-3862,BATCH-4536,DENT,36
DF-750,QC-2293,BATCH-167,DIM-ERR,48
DF-751,QC-4128,BATCH-7373,未定义,37
DF-752,QC-2143,BATCH-3303,DENT,19
DF-753,QC-5001,BATCH-7409,COLOR-MISMATCH,25
DF-754,QC-1815,BATCH-818,DENT,33
DF-755,QC-5189,BATCH-7637,DIM-ERR,4
DF-756,QC-3786,BATCH-4981,THREAD-BAD,25
DF-757,QC-1239,BATCH-5206,DENT,21
DF-758,QC-2264,BATCH-5960,DENT,9
DF-759,QC-9,BATCH-1355,DIM-ERR,38
DF-760,QC-1543,BATCH-7918,THREAD-BAD,37
DF-761,QC-235,BATCH-2588,SCRATCH,27
DF-762,QC-7364,BATCH-7567,DIM-ERR,19
DF-763,QC-5505,BATCH-3811,DENT,49
DF-764,QC-3575,BATCH-2034,DENT,50
DF-765,QC-7404,BATCH-5588,THREAD-BAD,46
DF-766,QC-6570,BATCH-6873,DENT,3
DF-767,QC-4536,BATCH-1351,SCRATCH,2
DF-768,QC-2845,BATCH-5722,DIM-ERR,38
DF-769,QC-3808,BATCH-732,未定义,11
DF-770,QC-3826,BATCH-6186,THREAD-BAD,48
DF-771,QC-2772,BATCH-6618,THREAD-BAD,16
DF-772,QC-6710,BATCH-45,DIM-ERR,38
DF-773,QC-7034,BATCH-7410,DIM-ERR,17
DF-774,QC-4536,BATCH-1347,THREAD-BAD,23
DF-775,QC-3759,BATCH-4260,DIM-ERR,35
DF-776,QC-7081,BATCH-2819,COLOR-MISMATCH,4
DF-777,QC-3669,BATCH-5072,DIM-ERR,37
DF-778,QC-5072,BATCH-733,THREAD-BAD,11
DF-779,QC-6845,BATCH-1219,未定义,49
DF-780,QC-5774,BATCH-3649,DENT,2
DF-781,QC-2772,BATCH-2035,THREAD-BAD,20
DF-782,QC-7081,BATCH-2426,THREAD-BAD,23
DF-783,QC-6511,BATCH-5946,未定义,46
DF-784,QC-7393,BATCH-3448,DIM-ERR,25
DF-785,QC-2361,BATCH-5860,DENT,25
DF-786,QC-7367,BATCH-4116,THREAD-BAD,18
DF-787,QC-4686,BATCH-3359,COLOR-MISMATCH,39
DF-788,QC-6819,BATCH-244,SCRATCH,40
DF-789,QC-5294,BATCH-7130,DENT,14
DF-790,QC-1552,BATCH-2919,未定义,16
DF-791,QC-5760,BATCH-6615,THREAD-BAD,25
DF-792,QC-5459,BATCH-7220,DIM-ERR,10
DF-793,QC-6237,BATCH-5888,THREAD-BAD,19
DF-794,QC-4653,BATCH-3748,THREAD-BAD,45
DF-795,QC-3879,BATCH-7132,DENT,21
DF-796,QC-2091,BATCH-3299,COLOR-MISMATCH,27
DF-797,QC-5246,BATCH-1334,SCRATCH,11
DF-798,QC-5185,BATCH-2611,DENT,47
DF-799,QC-1738,BATCH-2212,THREAD-BAD,33
DF-800,QC-1600,BATCH-3681,SCRATCH,23
DF-801,QC-4686,BATCH-1780,THREAD-BAD,42
DF-802,QC-814,BATCH-6938,DIM-ERR,34
DF-803,QC-2177,BATCH-3185,COLOR-MISMATCH,40
DF-804,QC-69,BATCH-2664,未定义,23
DF-805,QC-7081,BATCH-320,DENT,45
DF-806,QC-48,BATCH-55,COLOR-MISMATCH,45
DF-807,QC-6840,BATCH-1640,DIM-ERR,14
DF-808,QC-4782,BATCH-2169,THREAD-BAD,31
DF-809,QC-9,BATCH-3886,DENT,1
DF-810,QC-374,BATCH-6227,DIM-ERR,41
DF-811,QC-7791,BATCH-6900,SCRATCH,48
DF-812,QC-8,BATCH-1464,DENT,45
DF-813,QC-2567,BATCH-1788,SCRATCH,35
DF-814,QC-4144,BATCH-448,SCRATCH,14
DF-815,QC-1559,BATCH-5059,THREAD-BAD,31
DF-816,QC-6547,BATCH-5649,DIM-ERR,6
DF-817,QC-7098,BATCH-4989,COLOR-MISMATCH,46
DF-818,QC-3691,BATCH-7758,未定义,11
DF-819,QC-5806,BATCH-6718,COLOR-MISMATCH,30
DF-820,QC-1577,BATCH-3625,COLOR-MISMATCH,34
DF-821,QC-2981,BATCH-205,DIM-ERR,18
DF-822,QC-5806,BATCH-5968,COLOR-MISMATCH,2
DF-823,QC-196,BATCH-1284,未定义,21
DF-824,QC-8,BATCH-5590,COLOR-MISMATCH,49
DF-825,QC-5798,BATCH-6874,DIM-ERR,46
DF-826,QC-895,BATCH-7469,DIM-ERR,20
DF-827,QC-6511,BATCH-3307,DIM-ERR,26
DF-828,QC-4815,BATCH-3132,COLOR-MISMATCH,35
DF-829,QC-3226,BATCH-2294,SCRATCH,23
DF-830,QC-3590,BATCH-7677,未定义,5
DF-831,QC-2293,BATCH-3974,未定义,20
DF-832,QC-1509,BATCH-5529,未定义,42
DF-833,QC-5672,BATCH-6145,DENT,18
DF-834,QC-4653,BATCH-1768,DENT,3
DF-835,QC-4933,BATCH-3514,THREAD-BAD,22
DF-836,QC-3590,BATCH-3166,DENT,3
DF-837,QC-4482,BATCH-3548,COLOR-MISMATCH,10
DF-838,QC-3661,BATCH-2158,DIM-ERR,48
DF-839,QC-7164,BATCH-14,SCRATCH,48
DF-840,QC-5806,BATCH-1743,SCRATCH,13
DF-841,QC-2731,BATCH-7347,DIM-ERR,16
DF-842,QC-184,BATCH-4107,SCRATCH,46
DF-843,QC-5115,BATCH-1243,SCRATCH,46
DF-844,QC-5531,BATCH-1685,DENT,39
DF-845,QC-3489,BATCH-5431,COLOR-MISMATCH,8
DF-846,QC-3795,BATCH-4358,DENT,17
DF-847,QC-2981,BATCH-4226,COLOR-MISMATCH,50
DF-848,QC-4637,BATCH-6040,COLOR-MISMATCH,19
DF-849,QC-1072,BATCH-6746,DIM-ERR,45
DF-850,QC-4809,BATCH-7293,DENT,8
DF-851,QC-2616,BATCH-112,COLOR-MISMATCH,19
DF-852,QC-7095,BATCH-6600,THREAD-BAD,30
DF-853,QC-1196,BATCH-3445,DENT,1
DF-854,QC-6957,BATCH-6679,THREAD-BAD,27
DF-855,QC-1559,BATCH-2720,未定义,16
DF-856,QC-4486,BATCH-843,SCRATCH,39
DF-857,QC-1096,BATCH-2563,DIM-ERR,43
DF-858,QC-2277,BATCH-265,未定义,33
DF-859,QC-6548,BATCH-7206,COLOR-MISMATCH,17
DF-860,QC-1600,BATCH-3550,未定义,31
DF-861,QC-6484,BATCH-2994,DIM-ERR,45
DF-862,QC-740,BATCH-1224,未定义,32
DF-863,QC-4637,BATCH-3773,SCRATCH,48
DF-864,QC-841,BATCH-6000,SCRATCH,21
DF-865,QC-1765,BATCH-7733,DIM-ERR,9
DF-866,QC-1727,BATCH-2474,DENT,44
DF-867,QC-314,BATCH-2690,COLOR-MISMATCH,30
DF-868,QC-2273,BATCH-7093,THREAD-BAD,19
DF-869,QC-7383,BATCH-4776,未定义,7
DF-870,QC-6036,BATCH-4786,未定义,43
DF-871,QC-6585,BATCH-1728,SCRATCH,11
DF-872,QC-1251,BATCH-6948,未定义,36
DF-873,QC-3934,BATCH-2606,未定义,6
DF-874,QC-1196,BATCH-53,COLOR-MISMATCH,11
DF-875,QC-6036,BATCH-4804,SCRATCH,13
DF-876,QC-3489,BATCH-1969,COLOR-MISMATCH,5
DF-877,QC-6056,BATCH-2497,COLOR-MISMATCH,45
DF-878,QC-4594,BATCH-2563,DIM-ERR,7
DF-879,QC-4396,BATCH-2384,THREAD-BAD,27
DF-880,QC-4523,BATCH-3775,THREAD-BAD,17
DF-881,QC-2995,BATCH-1158,DENT,36
DF-882,QC-1559,BATCH-1241,SCRATCH,8
DF-883,QC-4493,BATCH-5358,THREAD-BAD,50
DF-884,QC-7790,BATCH-3517,DIM-ERR,40
DF-885,QC-4396,BATCH-7863,DENT,28
DF-886,QC-3590,BATCH-4029,DIM-ERR,24
DF-887,QC-2037,BATCH-7317,DENT,25
DF-888,QC-6833,BATCH-7852,DIM-ERR,20
DF-889,QC-4958,BATCH-7234,THREAD-BAD,14
DF-890,QC-6171,BATCH-2639,DENT,8
DF-891,QC-4042,BATCH-2544,SCRATCH,48
DF-892,QC-5205,BATCH-3874,THREAD-BAD,48
DF-893,QC-591,BATCH-7385,DENT,42
DF-894,QC-6001,BATCH-2876,COLOR-MISMATCH,5
DF-895,QC-3263,BATCH-1607,未定义,22
DF-896,QC-2879,BATCH-6332,SCRATCH,32
DF-897,QC-7393,BATCH-3907,DENT,19
DF-898,QC-2567,BATCH-4082,COLOR-MISMATCH,23
DF-899,QC-537,BATCH-7595,DIM-ERR,24
DF-900,QC-7333,BATCH-4720,未定义,36
DF-901,QC-5741,BATCH-3026,DIM-ERR,42
DF-902,QC-6710,BATCH-5909,DIM-ERR,1
DF-903,QC-279,BATCH-3726,DIM-ERR,45
DF-904,QC-6056,BATCH-3176,SCRATCH,15
DF-905,QC-809,BATCH-5953,THREAD-BAD,10
DF-906,QC-6655,BATCH-1559,未定义,22
DF-907,QC-5267,BATCH-4712,SCRATCH,29
DF-908,QC-6682,BATCH-5683,未定义,49
DF-909,QC-6819,BATCH-3169,COLOR-MISMATCH,32
DF-910,QC-263,BATCH-6026,未定义,11
DF-911,QC-2562,BATCH-3312,未定义,29
DF-912,QC-3333,BATCH-3150,COLOR-MISMATCH,23
DF-913,QC-1316,BATCH-6962,SCRATCH,43
DF-914,QC-290,BATCH-4740,DENT,42
DF-915,QC-4037,BATCH-1116,DENT,15
DF-916,QC-3031,BATCH-1269,未定义,6
DF-917,QC-7853,BATCH-1109,未定义,18
DF-918,QC-6570,BATCH-111,未定义,9
DF-919,QC-1307,BATCH-7721,COLOR-MISMATCH,43
DF-920,QC-537,BATCH-230,DENT,33
DF-921,QC-1072,BATCH-5454,未定义,13
DF-922,QC-5072,BATCH-2613,SCRATCH,37
DF-923,QC-5246,BATCH-6617,COLOR-MISMATCH,2
DF-924,QC-6816,BATCH-2659,DIM-ERR,18
DF-925,QC-2685,BATCH-4114,SCRATCH,29
DF-926,QC-4391,BATCH-2826,COLOR-MISMATCH,29
DF-927,QC-4137,BATCH-2420,THREAD-BAD,25
DF-928,QC-6969,BATCH-1003,DENT,5
DF-929,QC-2193,BATCH-1321,THREAD-BAD,34
DF-930,QC-2424,BATCH-6583,COLOR-MISMATCH,46
DF-931,QC-6437,BATCH-4416,DENT,13
DF-932,QC-5672,BATCH-1281,DIM-ERR,37
DF-933,QC-1239,BATCH-147,COLOR-MISMATCH,32
DF-934,QC-6177,BATCH-7304,SCRATCH,8
DF-935,QC-6549,BATCH-602,COLOR-MISMATCH,36
DF-936,QC-7669,BATCH-7322,SCRATCH,45
DF-937,QC-256,BATCH-424,DIM-ERR,25
DF-938,QC-4482,BATCH-5618,THREAD-BAD,9
DF-939,QC-6874,BATCH-4584,SCRATCH,26
DF-940,QC-5189,BATCH-4047,DIM-ERR,41
DF-941,QC-1006,BATCH-124,THREAD-BAD,38
DF-942,QC-6710,BATCH-4625,DENT,21
DF-943,QC-3420,BATCH-1613,DIM-ERR,50
DF-944,QC-5505,BATCH-4941,SCRATCH,41
DF-945,QC-3111,BATCH-4725,DENT,2
DF-946,QC-2272,BATCH-6582,DENT,4
DF-947,QC-2462,BATCH-5877,SCRATCH,44
DF-948,QC-5778,BATCH-4416,DIM-ERR,23
DF-949,QC-7527,BATCH-398,DENT,8
DF-950,QC-7535,BATCH-7253,DIM-ERR,38
DF-951,QC-6949,BATCH-2397,DENT,11
DF-952,QC-271,BATCH-7961,DIM-ERR,22
DF-953,QC-7922,BATCH-3340,DENT,37
DF-954,QC-6586,BATCH-6887,DENT,14
DF-955,QC-5267,BATCH-6704,未定义,50
DF-956,QC-5942,BATCH-1403,DIM-ERR,10
DF-957,QC-2932,BATCH-3306,DIM-ERR,12
DF-958,QC-6625,BATCH-3515,SCRATCH,32
DF-959,QC-3701,BATCH-462,COLOR-MISMATCH,32
DF-960,QC-1944,BATCH-1655,未定义,24
DF-961,QC-48,BATCH-7046,DIM-ERR,31
DF-962,QC-6494,BATCH-3872,DENT,26
DF-963,QC-4508,BATCH-7525,DENT,24
DF-964,QC-6682,BATCH-4414,THREAD-BAD,10
DF-965,QC-7906,BATCH-4066,DIM-ERR,26
DF-966,QC-3263,BATCH-4197,THREAD-BAD,45
DF-967,QC-7020,BATCH-6495,DENT,39
DF-968,QC-3504,BATCH-6175,未定义,22
DF-969,QC-5001,BATCH-3081,未定义,19
DF-970,QC-4184,BATCH-6591,THREAD-BAD,46
DF-971,QC-3031,BATCH-7786,SCRATCH,34
DF-972,QC-6845,BATCH-5997,SCRATCH,14
DF-973,QC-7527,BATCH-839,未定义,7
DF-974,QC-4173,BATCH-1682,SCRATCH,42
DF-975,QC-7853,BATCH-4595,SCRATCH,32
DF-976,QC-4042,BATCH-5707,SCRATCH,12
DF-977,QC-1804,BATCH-406,COLOR-MISMATCH,40
DF-978,QC-1230,BATCH-7917,COLOR-MISMATCH,43
DF-979,QC-5987,BATCH-6078,DIM-ERR,3
DF-980,QC-2592,BATCH-3717,DIM-ERR,31
DF-981,QC-6835,BATCH-4080,DENT,25
DF-982,QC-5628,BATCH-6431,未定义,5
DF-983,QC-5049,BATCH-1344,未定义,4
DF-984,QC-3719,BATCH-7803,SCRATCH,37
DF-985,QC-1339,BATCH-4854,未定义,40
DF-986,QC-7810,BATCH-3336,未定义,32
DF-987,QC-7903,BATCH-1307,COLOR-MISMATCH,30
DF-988,QC-4131,BATCH-2150,未定义,38
DF-989,QC-3461,BATCH-3966,未定义,4
DF-990,QC-5158,BATCH-3114,THREAD-BAD,43
DF-991,QC-2687,BATCH-3773,COLOR-MISMATCH,40
DF-992,QC-184,BATCH-7341,DENT,1
DF-993,QC-694,BATCH-4506,DENT,16
DF-994,QC-4929,BATCH-7536,未定义,6
DF-995,QC-3759,BATCH-49,COLOR-MISMATCH,21
DF-996,QC-349,BATCH-6877,DENT,32
DF-997,QC-7095,BATCH-520,SCRATCH,11
DF-998,QC-2273,BATCH-1526,DENT,49
DF-999,QC-2539,BATCH-2991,DENT,22
DF-1000,QC-4318,BATCH-7691,DENT,2
DF-1001,QC-4637,BATCH-7184,DIM-ERR,37
DF-1002,QC-235,BATCH-5435,COLOR-MISMATCH,23
DF-1003,QC-6137,BATCH-2161,THREAD-BAD,4
DF-1004,QC-291,BATCH-372,THREAD-BAD,38
DF-1005,QC-284,BATCH-4628,未定义,40
DF-1006,QC-5185,BATCH-7637,DENT,39
DF-1007,QC-5305,BATCH-5588,DENT,14
DF-1008,QC-1815,BATCH-3045,SCRATCH,26
DF-1009,QC-4933,BATCH-4740,DENT,7
DF-1010,QC-1210,BATCH-962,未定义,21
DF-1011,QC-2685,BATCH-7703,SCRATCH,50
DF-1012,QC-4933,BATCH-1605,COLOR-MISMATCH,23
DF-1013,QC-5596,BATCH-2084,SCRATCH,43
DF-1014,QC-5745,BATCH-2891,SCRATCH,14
DF-1015,QC-1855,BATCH-2750,COLOR-MISMATCH,14
DF-1016,QC-5940,BATCH-1253,DIM-ERR,28
DF-1017,QC-4792,BATCH-6840,未定义,33
DF-1018,QC-4582,BATCH-435,SCRATCH,8
DF-1019,QC-1829,BATCH-5591,DIM-ERR,46
DF-1020,QC-2361,BATCH-6618,THREAD-BAD,10
DF-1021,QC-4953,BATCH-6641,未定义,25
DF-1022,QC-4018,BATCH-2650,DIM-ERR,50
DF-1023,QC-196,BATCH-7903,未定义,19
DF-1024,QC-6513,BATCH-7307,COLOR-MISMATCH,15
DF-1025,QC-1471,BATCH-860,DENT,37
DF-1026,QC-3934,BATCH-3340,SCRATCH,39
DF-1027,QC-5943,BATCH-6594,SCRATCH,14
DF-1028,QC-591,BATCH-2262,DENT,32
DF-1029,QC-5531,BATCH-1808,SCRATCH,42
DF-1030,QC-1765,BATCH-3106,THREAD-BAD,44
DF-1031,QC-5596,BATCH-2316,DENT,12
DF-1032,QC-7688,BATCH-5110,DIM-ERR,27
DF-1033,QC-2957,BATCH-263,SCRATCH,2
DF-1034,QC-4825,BATCH-215,SCRATCH,7
DF-1035,QC-6997,BATCH-752,COLOR-MISMATCH,30
DF-1036,QC-7831,BATCH-2054,COLOR-MISMATCH,26
DF-1037,QC-2295,BATCH-2613,COLOR-MISMATCH,31
DF-1038,QC-1154,BATCH-2406,DIM-ERR,17
DF-1039,QC-3227,BATCH-1829,DIM-ERR,50
DF-1040,QC-1552,BATCH-3720,未定义,22
DF-1041,QC-1640,BATCH-6694,THREAD-BAD,8
DF-1042,QC-6798,BATCH-7901,COLOR-MISMATCH,38
DF-1043,QC-7922,BATCH-1104,COLOR-MISMATCH,27
DF-1044,QC-2273,BATCH-5953,DENT,19
DF-1045,QC-3041,BATCH-6100,THREAD-BAD,1
DF-1046,QC-1277,BATCH-4463,未定义,1
DF-1047,QC-5185,BATCH-2252,COLOR-MISMATCH,47
DF-1048,QC-7555,BATCH-6524,SCRATCH,16
DF-1049,QC-1072,BATCH-7784,未定义,12
DF-1050,QC-4849,BATCH-7707,DIM-ERR,30
DF-1051,QC-5765,BATCH-5431,未定义,5
DF-1052,QC-841,BATCH-1868,未定义,39
DF-1053,QC-5628,BATCH-2156,COLOR-MISMATCH,30
DF-1054,QC-6549,BATCH-3911,DENT,22
DF-1055,QC-4482,BATCH-1713,未定义,48
DF-1056,QC-5741,BATCH-2677,COLOR-MISMATCH,26
DF-1057,QC-297,BATCH-7072,DIM-ERR,36
DF-1058,QC-1096,BATCH-3514,THREAD-BAD,32
DF-1059,QC-7334,BATCH-1090,未定义,42
DF-1060,QC-5725,BATCH-5162,THREAD-BAD,2
DF-1061,QC-3236,BATCH-1984,THREAD-BAD,38
DF-1062,QC-1552,BATCH-1866,未定义,9
DF-1063,QC-5185,BATCH-3581,THREAD-BAD,42
DF-1064,QC-6586,BATCH-7904,COLOR-MISMATCH,17
DF-1065,QC-7675,BATCH-226,DENT,1
DF-1066,QC-4849,BATCH-6183,THREAD-BAD,31
DF-1067,QC-2981,BATCH-3673,未定义,16
DF-1068,QC-5656,BATCH-7072,THREAD-BAD,14
DF-1069,QC-6437,BATCH-4993,DIM-ERR,36
DF-1070,QC-3504,BATCH-1680,DENT,44
DF-1071,QC-6547,BATCH-3631,DIM-ERR,16
DF-1072,QC-7009,BATCH-4231,COLOR-MISMATCH,19
DF-1073,QC-7791,BATCH-7775,COLOR-MISMATCH,42
DF-1074,QC-1480,BATCH-6981,COLOR-MISMATCH,45
DF-1075,QC-5783,BATCH-7376,DENT,1
DF-1076,QC-4103,BATCH-7427,DENT,46
DF-1077,QC-5246,BATCH-1075,未定义,26
DF-1078,QC-4821,BATCH-6870,DENT,35
DF-1079,QC-6263,BATCH-2346,未定义,5
DF-1080,QC-5647,BATCH-1806,THREAD-BAD,35
DF-1081,QC-2226,BATCH-5452,SCRATCH,48
DF-1082,QC-5120,BATCH-294,COLOR-MISMATCH,16
DF-1083,QC-4436,BATCH-7311,DIM-ERR,41
DF-1084,QC-7081,BATCH-4796,DENT,36
DF-1085,QC-1339,BATCH-812,THREAD-BAD,8
DF-1086,QC-6672,BATCH-4244,未定义,22
DF-1087,QC-235,BATCH-5773,THREAD-BAD,5
DF-1088,QC-5623,BATCH-2704,THREAD-BAD,4
DF-1089,QC-4870,BATCH-5669,THREAD-BAD,37
DF-1090,QC-148,BATCH-1693,DIM-ERR,4
DF-1091,QC-614,BATCH-1216,DENT,35
DF-1092,QC-4807,BATCH-6964,DENT,25
DF-1093,QC-4821,BATCH-5487,未定义,38
DF-1094,QC-5003,BATCH-2638,COLOR-MISMATCH,25
DF-1095,QC-5656,BATCH-5519,SCRATCH,9
DF-1096,QC-7164,BATCH-250,SCRATCH,15
DF-1097,QC-2321,BATCH-5398,未定义,42
DF-1098,QC-5107,BATCH-3123,SCRATCH,25
DF-1099,QC-4594,BATCH-1400,未定义,19
DF-1100,QC-6137,BATCH-5470,DENT,5
DF-1101,QC-3719,BATCH-7265,COLOR-MISMATCH,47
DF-1102,QC-2277,BATCH-1924,COLOR-MISMATCH,34
DF-1103,QC-297,BATCH-5467,COLOR-MISMATCH,11
DF-1104,QC-6798,BATCH-7149,未定义,15
DF-1105,QC-5564,BATCH-6066,未定义,44
DF-1106,QC-4147,BATCH-4895,未定义,27
DF-1107,QC-6816,BATCH-3493,COLOR-MISMATCH,9
DF-1108,QC-6585,BATCH-6400,COLOR-MISMATCH,14
DF-1109,QC-4868,BATCH-5779,DIM-ERR,45
DF-1110,QC-3223,BATCH-359,SCRATCH,37
DF-1111,QC-3934,BATCH-1949,DIM-ERR,45
DF-1112,QC-7555,BATCH-844,DIM-ERR,12
DF-1113,QC-2037,BATCH-4393,未定义,31
DF-1114,QC-3333,BATCH-458,DENT,3
DF-1115,QC-5649,BATCH-3812,THREAD-BAD,28
DF-1116,QC-1391,BATCH-4131,DIM-ERR,33
DF-1117,QC-4144,BATCH-6696,SCRATCH,38
DF-1118,QC-3808,BATCH-1720,SCRATCH,20
DF-1119,QC-3821,BATCH-39,THREAD-BAD,4
DF-1120,QC-1339,BATCH-1956,未定义,27
DF-1121,QC-196,BATCH-4976,SCRATCH,39
DF-1122,QC-7853,BATCH-3845,未定义,8
DF-1123,QC-2424,BATCH-7473,COLOR-MISMATCH,3
DF-1124,QC-5526,BATCH-7351,COLOR-MISMATCH,14
DF-1125,QC-931,BATCH-91,DIM-ERR,20
DF-1126,QC-7810,BATCH-2174,DIM-ERR,46
DF-1127,QC-3669,BATCH-3402,DIM-ERR,43
DF-1128,QC-1509,BATCH-256,DIM-ERR,37
DF-1129,QC-4391,BATCH-3687,DIM-ERR,8
DF-1130,QC-1577,BATCH-5152,DENT,20
DF-1131,QC-1727,BATCH-3816,COLOR-MISMATCH,23
DF-1132,QC-7782,BATCH-1752,THREAD-BAD,21
DF-1133,QC-2099,BATCH-7954,SCRATCH,29
DF-1134,QC-6833,BATCH-7339,SCRATCH,11
DF-1135,QC-4128,BATCH-3180,SCRATCH,15
DF-1136,QC-3425,BATCH-5885,SCRATCH,6
DF-1137,QC-1154,BATCH-7520,COLOR-MISMATCH,41
DF-1138,QC-869,BATCH-769,DENT,38
DF-1139,QC-6732,BATCH-7731,THREAD-BAD,1
DF-1140,QC-3791,BATCH-7189,SCRATCH,6
DF-1141,QC-674,BATCH-2877,SCRATCH,17
DF-1142,QC-2914,BATCH-4181,COLOR-MISMATCH,18
DF-1143,QC-6845,BATCH-722,THREAD-BAD,26
DF-1144,QC-7527,BATCH-3679,THREAD-BAD,10
DF-1145,QC-6378,BATCH-6643,COLOR-MISMATCH,37
DF-1146,QC-6756,BATCH-7073,SCRATCH,30
DF-1147,QC-220,BATCH-767,DIM-ERR,47
DF-1148,QC-6997,BATCH-2899,未定义,22
DF-1149,QC-6941,BATCH-4260,THREAD-BAD,7
DF-1150,QC-1727,BATCH-6984,未定义,48
DF-1151,QC-7634,BATCH-5720,COLOR-MISMATCH,49
DF-1152,QC-3759,BATCH-463,COLOR-MISMATCH,27
DF-1153,QC-1907,BATCH-176,DENT,27
DF-1154,QC-7782,BATCH-1648,COLOR-MISMATCH,29
DF-1155,QC-4446,BATCH-7539,DIM-ERR,15
DF-1156,QC-5459,BATCH-6977,DIM-ERR,6
DF-1157,QC-4037,BATCH-5329,THREAD-BAD,4
DF-1158,QC-5574,BATCH-3156,COLOR-MISMATCH,16
DF-1159,QC-754,BATCH-568,未定义,36
DF-1160,QC-9,BATCH-5784,SCRATCH,30
DF-1161,QC-1118,BATCH-7606,未定义,23
DF-1162,QC-4536,BATCH-3601,THREAD-BAD,16
DF-1163,QC-6710,BATCH-5785,DIM-ERR,42
DF-1164,QC-4825,BATCH-128,COLOR-MISMATCH,20
DF-1165,QC-5267,BATCH-1377,DIM-ERR,7
DF-1166,QC-3223,BATCH-2802,DIM-ERR,20
DF-1167,QC-7936,BATCH-517,未定义,20
DF-1168,QC-7675,BATCH-1618,DENT,45
DF-1169,QC-7030,BATCH-2265,THREAD-BAD,34
DF-1170,QC-3808,BATCH-6694,THREAD-BAD,43
DF-1171,QC-5004,BATCH-7339,SCRATCH,35
DF-1172,QC-1277,BATCH-1492,COLOR-MISMATCH,33
DF-1173,QC-3431,BATCH-2932,SCRATCH,26
DF-1174,QC-4415,BATCH-323,DIM-ERR,14
DF-1175,QC-2483,BATCH-2209,COLOR-MISMATCH,5
DF-1176,QC-148,BATCH-639,SCRATCH,36
DF-1177,QC-68,BATCH-7394,THREAD-BAD,19
DF-1178,QC-7922,BATCH-2887,未定义,30
DF-1179,QC-220,BATCH-7257,DIM-ERR,18
DF-1180,QC-1226,BATCH-4729,未定义,22
DF-1181,QC-1239,BATCH-4386,DENT,31
DF-1182,QC-931,BATCH-2985,SCRATCH,48
DF-1183,QC-7333,BATCH-720,未定义,20
DF-1184,QC-741,BATCH-1490,DENT,13
DF-1185,QC-2424,BATCH-5566,SCRATCH,45
DF-1186,QC-2091,BATCH-1601,未定义,22
DF-1187,QC-2293,BATCH-5469,COLOR-MISMATCH,21
DF-1188,QC-2277,BATCH-924,COLOR-MISMATCH,26
DF-1189,QC-2177,BATCH-2584,未定义,4
DF-1190,QC-7107,BATCH-5213,未定义,32
DF-1191,QC-4128,BATCH-6496,THREAD-BAD,27
DF-1192,QC-4436,BATCH-5057,SCRATCH,26
DF-1193,QC-1137,BATCH-428,SCRATCH,9
DF-1194,QC-7422,BATCH-3974,DENT,18
DF-1195,QC-6634,BATCH-7396,THREAD-BAD,14
DF-1196,QC-1239,BATCH-5409,未定义,28
DF-1197,QC-7243,BATCH-752,COLOR-MISMATCH,41
DF-1198,QC-5741,BATCH-3763,SCRATCH,42
DF-1199,QC-1226,BATCH-695,未定义,30
DF-1200,QC-5294,BATCH-6238,DIM-ERR,9
DF-1201,QC-1239,BATCH-1812,未定义,8
DF-1202,QC-3795,BATCH-223,DENT,22
DF-1203,QC-741,BATCH-1699,SCRATCH,14
DF-1204,QC-4103,BATCH-7844,SCRATCH,16
DF-1205,QC-809,BATCH-1580,THREAD-BAD,40
DF-1206,QC-5633,BATCH-5136,COLOR-MISMATCH,17
DF-1207,QC-362,BATCH-2227,未定义,40
DF-1208,QC-6941,BATCH-4567,COLOR-MISMATCH,12
DF-1209,QC-1480,BATCH-2959,未定义,18
DF-1210,QC-4436,BATCH-3032,SCRATCH,49
DF-1211,QC-971,BATCH-7701,DENT,40
DF-1212,QC-694,BATCH-1311,COLOR-MISMATCH,41
DF-1213,QC-2914,BATCH-2968,THREAD-BAD,33
DF-1214,QC-4335,BATCH-191,DENT,36
DF-1215,QC-1944,BATCH-7596,THREAD-BAD,9
DF-1216,QC-4325,BATCH-7369,THREAD-BAD,6
DF-1217,QC-740,BATCH-383,未定义,36
DF-1218,QC-7933,BATCH-704,SCRATCH,14
DF-1219,QC-301,BATCH-3594,未定义,19
DF-1220,QC-6874,BATCH-1998,未定义,15
DF-1221,QC-3719,BATCH-5480,DIM-ERR,41
DF-1222,QC-1154,BATCH-1436,COLOR-MISMATCH,15
DF-1223,QC-2272,BATCH-660,DIM-ERR,25
DF-1224,QC-7367,BATCH-4383,SCRATCH,42
DF-1225,QC-8,BATCH-6862,COLOR-MISMATCH,43
DF-1226,QC-6504,BATCH-5819,COLOR-MISMATCH,7
DF-1227,QC-48,BATCH-1894,DIM-ERR,49
DF-1228,QC-5760,BATCH-6127,DIM-ERR,6
DF-1229,QC-362,BATCH-2223,DENT,20
DF-1230,QC-895,BATCH-5619,THREAD-BAD,20
DF-1231,QC-2772,BATCH-6838,COLOR-MISMATCH,14
DF-1232,QC-7535,BATCH-1848,DENT,37
DF-1233,QC-1888,BATCH-533,THREAD-BAD,33
DF-1234,QC-6467,BATCH-6678,COLOR-MISMATCH,33
DF-1235,QC-7791,BATCH-1492,DENT,47
DF-1236,QC-6278,BATCH-3164,DENT,22
DF-1237,QC-1307,BATCH-1145,THREAD-BAD,47
DF-1238,QC-1395,BATCH-5272,COLOR-MISMATCH,41
DF-1239,QC-3420,BATCH-3893,DENT,28
DF-1240,QC-5143,BATCH-7727,DENT,41
DF-1241,QC-7509,BATCH-5488,DIM-ERR,36
DF-1242,QC-4770,BATCH-7002,未定义,36
DF-1243,QC-2923,BATCH-1243,未定义,30
DF-1244,QC-1815,BATCH-487,COLOR-MISMATCH,27
DF-1245,QC-374,BATCH-4989,DIM-ERR,1
DF-1246,QC-349,BATCH-2053,COLOR-MISMATCH,6
DF-1247,QC-9,BATCH-6040,DENT,40
DF-1248,QC-3489,BATCH-5516,THREAD-BAD,5
DF-1249,QC-4870,BATCH-3575,THREAD-BAD,36
DF-1250,QC-5424,BATCH-2387,THREAD-BAD,10
DF-1251,QC-6488,BATCH-3646,COLOR-MISMATCH,31
DF-1252,QC-6547,BATCH-5714,SCRATCH,43
DF-1253,QC-686,BATCH-6148,THREAD-BAD,3
DF-1254,QC-6672,BATCH-2619,DENT,48
DF-1255,QC-5564,BATCH-7280,COLOR-MISMATCH,34
DF-1256,QC-3879,BATCH-2762,SCRATCH,10
DF-1257,QC-5424,BATCH-954,COLOR-MISMATCH,17
DF-1258,QC-4928,BATCH-5218,THREAD-BAD,7
DF-1259,QC-5049,BATCH-5397,未定义,14
DF-1260,QC-6147,BATCH-6384,THREAD-BAD,17
DF-1261,QC-7791,BATCH-2258,THREAD-BAD,21
DF-1262,QC-6091,BATCH-6434,未定义,10
DF-1263,QC-2932,BATCH-1675,DIM-ERR,37
DF-1264,QC-3575,BATCH-6009,THREAD-BAD,6
DF-1265,QC-3590,BATCH-5086,DIM-ERR,47
DF-1266,QC-2957,BATCH-7197,DENT,14
DF-1267,QC-6223,BATCH-1378,未定义,8
DF-1268,QC-1944,BATCH-1959,DIM-ERR,23
DF-1269,QC-6549,BATCH-3159,SCRATCH,7
DF-1270,QC-4318,BATCH-7317,未定义,27
DF-1271,QC-2981,BATCH-7818,DIM-ERR,29
DF-1272,QC-7020,BATCH-7082,THREAD-BAD,49
DF-1273,QC-6380,BATCH-5231,COLOR-MISMATCH,7
DF-1274,QC-5158,BATCH-7623,DIM-ERR,9
DF-1275,QC-5745,BATCH-773,COLOR-MISMATCH,36
DF-1276,QC-6833,BATCH-5063,COLOR-MISMATCH,3
DF-1277,QC-7066,BATCH-2431,SCRATCH,41
DF-1278,QC-2424,BATCH-368,COLOR-MISMATCH,47
DF-1279,QC-6050,BATCH-1772,THREAD-BAD,41
DF-1280,QC-4821,BATCH-4234,SCRATCH,47
DF-1281,QC-4943,BATCH-1080,未定义,16
DF-1282,QC-5672,BATCH-1133,DIM-ERR,42
DF-1283,QC-279,BATCH-7511,SCRATCH,50
DF-1284,QC-5143,BATCH-7326,COLOR-MISMATCH,37
DF-1285,QC-6409,BATCH-6352,COLOR-MISMATCH,9
DF-1286,QC-4391,BATCH-7159,未定义,37
DF-1287,QC-5242,BATCH-5239,SCRATCH,1
DF-1288,QC-3420,BATCH-4015,DIM-ERR,9
DF-1289,QC-3972,BATCH-5421,DIM-ERR,13
DF-1290,QC-69,BATCH-6039,SCRATCH,22
DF-1291,QC-5305,BATCH-3121,DENT,27
DF-1292,QC-6035,BATCH-1386,COLOR-MISMATCH,32
DF-1293,QC-4809,BATCH-1957,DENT,39
DF-1294,QC-4184,BATCH-7330,DENT,21
DF-1295,QC-374,BATCH-21,DENT,34
DF-1296,QC-297,BATCH-3943,DENT,1
DF-1297,QC-3842,BATCH-51,THREAD-BAD,3
DF-1298,QC-3382,BATCH-3179,DIM-ERR,49
DF-1299,QC-4493,BATCH-852,DIM-ERR,9
DF-1300,QC-7213,BATCH-6576,COLOR-MISMATCH,38
DF-1301,QC-1740,BATCH-4177,THREAD-BAD,13
DF-1302,QC-5107,BATCH-5120,COLOR-MISMATCH,1
DF-1303,QC-3791,BATCH-6013,未定义,6
DF-1304,QC-7231,BATCH-1563,DENT,39
DF-1305,QC-5741,BATCH-2966,THREAD-BAD,20
DF-1306,QC-591,BATCH-1441,THREAD-BAD,37
DF-1307,QC-6656,BATCH-6093,未定义,12
DF-1308,QC-307,BATCH-5542,SCRATCH,11
DF-1309,QC-5294,BATCH-4306,DIM-ERR,27
DF-1310,QC-7818,BATCH-2146,SCRATCH,12
DF-1311,QC-6035,BATCH-1753,未定义,18
DF-1312,QC-7634,BATCH-4359,DENT,43
DF-1313,QC-2037,BATCH-4614,未定义,45
DF-1314,QC-1944,BATCH-4966,SCRATCH,48
DF-1315,QC-5242,BATCH-773,SCRATCH,22
DF-1316,QC-6572,BATCH-4668,COLOR-MISMATCH,14
DF-1317,QC-5629,BATCH-5457,DENT,18
DF-1318,QC-2623,BATCH-7503,SCRATCH,32
DF-1319,QC-1251,BATCH-3526,SCRATCH,10
DF-1320,QC-6056,BATCH-3957,SCRATCH,6
DF-1321,QC-5505,BATCH-1682,COLOR-MISMATCH,20
DF-1322,QC-3263,BATCH-1623,DENT,16
DF-1323,QC-4958,BATCH-1928,SCRATCH,32
DF-1324,QC-7243,BATCH-3454,THREAD-BAD,1
DF-1325,QC-3748,BATCH-7678,THREAD-BAD,27
DF-1326,QC-4849,BATCH-4,DENT,27
DF-1327,QC-6655,BATCH-2324,THREAD-BAD,20
DF-1328,QC-2442,BATCH-6746,SCRATCH,7
DF-1329,QC-3786,BATCH-4114,THREAD-BAD,49
DF-1330,QC-6194,BATCH-6332,DIM-ERR,21
DF-1331,QC-6147,BATCH-2980,SCRATCH,30
DF-1332,QC-7654,BATCH-373,SCRATCH,46
DF-1333,QC-3236,BATCH-7861,未定义,17
DF-1334,QC-963,BATCH-6447,SCRATCH,33
DF-1335,QC-5267,BATCH-7082,未定义,9
DF-1336,QC-1072,BATCH-2542,SCRATCH,49
DF-1337,QC-7831,BATCH-7517,COLOR-MISMATCH,27
DF-1338,QC-4943,BATCH-1819,未定义,27
DF-1339,QC-5628,BATCH-85,SCRATCH,5
DF-1340,QC-5641,BATCH-4057,DIM-ERR,43
DF-1341,QC-2995,BATCH-3833,SCRATCH,47
DF-1342,QC-5459,BATCH-4739,THREAD-BAD,34
DF-1343,QC-1888,BATCH-6285,未定义,25
DF-1344,QC-5526,BATCH-5136,COLOR-MISMATCH,35
DF-1345,QC-299,BATCH-6683,COLOR-MISMATCH,3
DF-1346,QC-6586,BATCH-2159,DIM-ERR,17
DF-1347,QC-2321,BATCH-4452,DENT,16
DF-1348,QC-5672,BATCH-1571,DENT,45
DF-1349,QC-4318,BATCH-1324,DIM-ERR,38
DF-1350,QC-4325,BATCH-2953,SCRATCH,18
DF-1351,QC-4744,BATCH-2741,COLOR-MISMATCH,4
DF-1352,QC-6488,BATCH-5100,SCRATCH,43
DF-1353,QC-2462,BATCH-2607,COLOR-MISMATCH,41
DF-1354,QC-6091,BATCH-7078,COLOR-MISMATCH,36
DF-1355,QC-5001,BATCH-6289,DIM-ERR,25
DF-1356,QC-4391,BATCH-2063,DENT,42
DF-1357,QC-4958,BATCH-5882,DENT,20
DF-1358,QC-3661,BATCH-1537,COLOR-MISMATCH,26
DF-1359,QC-4929,BATCH-3907,未定义,39
DF-1360,QC-5139,BATCH-1683,SCRATCH,50
DF-1361,QC-3041,BATCH-6572,未定义,47
DF-1362,QC-6673,BATCH-7804,THREAD-BAD,24
DF-1363,QC-5459,BATCH-1059,DIM-ERR,28
DF-1364,QC-256,BATCH-3062,SCRATCH,6
DF-1365,QC-4958,BATCH-561,THREAD-BAD,39
DF-1366,QC-5003,BATCH-2346,DIM-ERR,36
DF-1367,QC-5049,BATCH-5043,DIM-ERR,3
DF-1368,QC-694,BATCH-2817,THREAD-BAD,15
DF-1369,QC-2295,BATCH-1092,未定义,44
DF-1370,QC-2081,BATCH-3014,THREAD-BAD,45
DF-1371,QC-1944,BATCH-1218,THREAD-BAD,30
DF-1372,QC-7102,BATCH-3956,DIM-ERR,7
DF-1373,QC-6625,BATCH-6471,SCRATCH,44
DF-1374,QC-6488,BATCH-5287,DENT,36
DF-1375,QC-5629,BATCH-3397,DENT,22
DF-1376,QC-5688,BATCH-5722,SCRATCH,34
DF-1377,QC-301,BATCH-1922,COLOR-MISMATCH,38
DF-1378,QC-6165,BATCH-4102,DENT,2
DF-1379,QC-7503,BATCH-6505,SCRATCH,22
DF-1380,QC-2091,BATCH-7754,SCRATCH,41
DF-1381,QC-4536,BATCH-5442,THREAD-BAD,47
DF-1382,QC-5987,BATCH-1618,COLOR-MISMATCH,35
DF-1383,QC-4131,BATCH-6037,SCRATCH,36
DF-1384,QC-4486,BATCH-2750,THREAD-BAD,24
DF-1385,QC-2731,BATCH-414,THREAD-BAD,32
DF-1386,QC-6572,BATCH-5432,THREAD-BAD,44
DF-1387,QC-7527,BATCH-1491,THREAD-BAD,36
DF-1388,QC-349,BATCH-2092,DIM-ERR,44
DF-1389,QC-6194,BATCH-6138,SCRATCH,36
DF-1390,QC-7034,BATCH-4019,DENT,4
DF-1391,QC-7782,BATCH-6704,DIM-ERR,37
DF-1392,QC-1226,BATCH-4278,THREAD-BAD,23
DF-1393,QC-93,BATCH-1987,SCRATCH,46
DF-1394,QC-6547,BATCH-2473,DIM-ERR,27
DF-1395,QC-6171,BATCH-5963,SCRATCH,7
DF-1396,QC-1395,BATCH-3429,DENT,18
DF-1397,QC-4173,BATCH-743,COLOR-MISMATCH,47
DF-1398,QC-1713,BATCH-37,SCRATCH,1
DF-1399,QC-4446,BATCH-358,SCRATCH,39
DF-1400,QC-7095,BATCH-3876,DIM-ERR,27
DF-1401,QC-299,BATCH-7461,SCRATCH,17
DF-1402,QC-272,BATCH-3983,COLOR-MISMATCH,48
DF-1403,QC-16,BATCH-5587,DENT,2
DF-1404,QC-3701,BATCH-3626,THREAD-BAD,21
DF-1405,QC-1988,BATCH-388,COLOR-MISMATCH,48
DF-1406,QC-1118,BATCH-7912,THREAD-BAD,28
DF-1407,QC-1009,BATCH-7081,SCRATCH,1
DF-1408,QC-5459,BATCH-7554,COLOR-MISMATCH,23
DF-1409,QC-6547,BATCH-961,SCRATCH,48
DF-1410,QC-263,BATCH-2052,DIM-ERR,37
DF-1411,QC-5242,BATCH-3549,DIM-ERR,34
DF-1412,QC-5628,BATCH-6238,未定义,12
DF-1413,QC-299,BATCH-2919,SCRATCH,7
DF-1414,QC-1815,BATCH-6592,未定义,19
DF-1415,QC-256,BATCH-3520,SCRATCH,32
DF-1416,QC-4929,BATCH-7897,DIM-ERR,45
DF-1417,QC-6774,BATCH-6641,DENT,10
DF-1418,QC-5189,BATCH-3535,COLOR-MISMATCH,45
DF-1419,QC-5835,BATCH-963,未定义,48
DF-1420,QC-3425,BATCH-7862,未定义,23
DF-1421,QC-2361,BATCH-5271,COLOR-MISMATCH,43
DF-1422,QC-1454,BATCH-962,COLOR-MISMATCH,35
DF-1423,QC-4318,BATCH-6449,SCRATCH,13
DF-1424,QC-4653,BATCH-5540,THREAD-BAD,46
DF-1425,QC-5913,BATCH-4226,未定义,15
DF-1426,QC-2879,BATCH-4899,未定义,15
DF-1427,QC-5056,BATCH-716,DIM-ERR,42
DF-1428,QC-674,BATCH-1751,DENT,34
DF-1429,QC-7034,BATCH-4252,SCRATCH,39
DF-1430,QC-2932,BATCH-2243,未定义,43
DF-1431,QC-2264,BATCH-3738,DENT,13
DF-1432,QC-16,BATCH-6504,DIM-ERR,35
DF-1433,QC-7939,BATCH-2550,THREAD-BAD,2
DF-1434,QC-3425,BATCH-3036,DIM-ERR,3
DF-1435,QC-5723,BATCH-7005,未定义,8
DF-1436,QC-2567,BATCH-7513,DENT,49
DF-1437,QC-2272,BATCH-3842,SCRATCH,20
DF-1438,QC-69,BATCH-6281,未定义,30
DF-1439,QC-7535,BATCH-1815,THREAD-BAD,1
DF-1440,QC-6137,BATCH-257,未定义,34
DF-1441,QC-290,BATCH-5193,DENT,17
DF-1442,QC-5760,BATCH-4693,COLOR-MISMATCH,30
DF-1443,QC-1471,BATCH-4857,COLOR-MISMATCH,43
DF-1444,QC-7884,BATCH-7339,DENT,49
DF-1445,QC-2644,BATCH-3023,DENT,1
DF-1446,QC-6263,BATCH-4273,SCRATCH,13
DF-1447,QC-5564,BATCH-4589,未定义,9
DF-1448,QC-7095,BATCH-1160,THREAD-BAD,18
DF-1449,QC-4450,BATCH-2317,DENT,25
DF-1450,QC-6835,BATCH-3159,COLOR-MISMATCH,8
DF-1451,QC-5120,BATCH-3555,COLOR-MISMATCH,30
DF-1452,QC-4752,BATCH-921,未定义,32
DF-1453,QC-869,BATCH-63,COLOR-MISMATCH,13
DF-1454,QC-1009,BATCH-410,COLOR-MISMATCH,8
DF-1455,QC-995,BATCH-3251,DIM-ERR,16
DF-1456,QC-7030,BATCH-4570,DENT,43
DF-1457,QC-220,BATCH-56,未定义,11
DF-1458,QC-1936,BATCH-4653,未定义,28
DF-1459,QC-5189,BATCH-5042,THREAD-BAD,30
DF-1460,QC-4849,BATCH-3503,DENT,6
DF-1461,QC-2932,BATCH-5243,DENT,27
DF-1462,QC-48,BATCH-4693,COLOR-MISMATCH,22
DF-1463,QC-5139,BATCH-7350,DIM-ERR,50
DF-1464,QC-1230,BATCH-5433,未定义,44
DF-1465,QC-6727,BATCH-2088,COLOR-MISMATCH,45
DF-1466,QC-5806,BATCH-7238,未定义,36
DF-1467,QC-2483,BATCH-1645,SCRATCH,16
DF-1468,QC-235,BATCH-4570,THREAD-BAD,47
DF-1469,QC-2272,BATCH-232,未定义,26
DF-1470,QC-5647,BATCH-4043,未定义,34
DF-1471,QC-5520,BATCH-7336,DIM-ERR,27
DF-1472,QC-6035,BATCH-795,COLOR-MISMATCH,32
DF-1473,QC-6050,BATCH-4181,未定义,37
DF-1474,QC-3826,BATCH-3741,COLOR-MISMATCH,16
DF-1475,QC-1239,BATCH-1488,未定义,38
DF-1476,QC-5001,BATCH-4775,未定义,19
DF-1477,QC-5942,BATCH-2258,未定义,2
DF-1478,QC-2361,BATCH-2199,COLOR-MISMATCH,14
DF-1479,QC-5810,BATCH-4201,THREAD-BAD,36
DF-1480,QC-2957,BATCH-1676,DIM-ERR,16
DF-1481,QC-6137,BATCH-1170,SCRATCH,3
DF-1482,QC-5520,BATCH-1974,COLOR-MISMATCH,37
DF-1483,QC-7654,BATCH-1223,未定义,30
DF-1484,QC-2272,BATCH-404,COLOR-MISMATCH,20
DF-1485,QC-2539,BATCH-4794,DENT,2
DF-1486,QC-1186,BATCH-2404,COLOR-MISMATCH,46
DF-1487,QC-100,BATCH-596,THREAD-BAD,45
DF-1488,QC-6736,BATCH-2657,THREAD-BAD,38
DF-1489,QC-5688,BATCH-4748,COLOR-MISMATCH,50
DF-1490,QC-7338,BATCH-6043,DENT,21
DF-1491,QC-7338,BATCH-514,未定义,14
DF-1492,QC-2863,BATCH-7291,DENT,24
DF-1493,QC-686,BATCH-40,SCRATCH,31
DF-1494,QC-4128,BATCH-5534,SCRATCH,39
DF-1495,QC-2592,BATCH-2348,未定义,22
DF-1496,QC-1804,BATCH-1399,SCRATCH,5
DF-1497,QC-55,BATCH-3686,SCRATCH,1
DF-1498,QC-1543,BATCH-7979,THREAD-BAD,44
DF-1499,QC-3334,BATCH-4372,COLOR-MISMATCH,37
DF-1500,QC-7308,BATCH-4624,COLOR-MISMATCH,18
DF-1501,QC-2863,BATCH-5471,COLOR-MISMATCH,35
DF-1502,QC-2091,BATCH-7023,DIM-ERR,5
DF-1503,QC-6625,BATCH-5068,COLOR-MISMATCH,6
DF-1504,QC-4436,BATCH-170,COLOR-MISMATCH,15
DF-1505,QC-4868,BATCH-5872,DENT,34
DF-1506,QC-7334,BATCH-4082,THREAD-BAD,28
DF-1507,QC-48,BATCH-3257,DENT,2
DF-1508,QC-3505,BATCH-5426,DIM-ERR,22
DF-1509,QC-814,BATCH-6419,未定义,11
DF-1510,QC-2995,BATCH-2388,COLOR-MISMATCH,12
DF-1511,QC-6050,BATCH-4221,DIM-ERR,37
DF-1512,QC-7030,BATCH-6568,DENT,45
DF-1513,QC-3842,BATCH-7884,COLOR-MISMATCH,24
DF-1514,QC-196,BATCH-1419,THREAD-BAD,49
DF-1515,QC-1855,BATCH-7810,未定义,10
DF-1516,QC-4744,BATCH-5921,SCRATCH,18
DF-1517,QC-2562,BATCH-4742,COLOR-MISMATCH,41
DF-1518,QC-4415,BATCH-2420,DIM-ERR,23
DF-1519,QC-7367,BATCH-5328,DENT,32
DF-1520,QC-674,BATCH-5249,DENT,15
DF-1521,QC-7393,BATCH-1245,COLOR-MISMATCH,38
DF-1522,QC-3035,BATCH-1679,THREAD-BAD,11
DF-1523,QC-4325,BATCH-1300,未定义,40
DF-1524,QC-4943,BATCH-1568,未定义,7
DF-1525,QC-4450,BATCH-7256,DIM-ERR,46
DF-1526,QC-4644,BATCH-2836,SCRATCH,47
DF-1527,QC-6572,BATCH-1739,DIM-ERR,45
DF-1528,QC-653,BATCH-5541,DENT,43
DF-1529,QC-7188,BATCH-5976,SCRATCH,22
DF-1530,QC-7939,BATCH-753,SCRATCH,32
DF-1531,QC-591,BATCH-6927,COLOR-MISMATCH,9
DF-1532,QC-2293,BATCH-1960,THREAD-BAD,42
DF-1533,QC-6586,BATCH-5759,DENT,32
DF-1534,QC-4594,BATCH-1953,THREAD-BAD,7
DF-1535,QC-2567,BATCH-2388,SCRATCH,44
DF-1536,QC-4103,BATCH-1309,THREAD-BAD,37
DF-1537,QC-2567,BATCH-3625,THREAD-BAD,20
DF-1538,QC-7669,BATCH-4381,THREAD-BAD,50
DF-1539,QC-4128,BATCH-6069,DENT,10
DF-1540,QC-7405,BATCH-560,DENT,19
DF-1541,QC-6819,BATCH-3815,THREAD-BAD,38
DF-1542,QC-6147,BATCH-7335,COLOR-MISMATCH,39
DF-1543,QC-6548,BATCH-3698,DENT,1
DF-1544,QC-299,BATCH-7715,SCRATCH,37
DF-1545,QC-4782,BATCH-5793,未定义,16
DF-1546,QC-6585,BATCH-4353,COLOR-MISMATCH,7
DF-1547,QC-1936,BATCH-5085,COLOR-MISMATCH,13
DF-1548,QC-5189,BATCH-713,DIM-ERR,9
DF-1549,QC-6656,BATCH-464,DENT,48
DF-1550,QC-2539,BATCH-7189,未定义,33
DF-1551,QC-4752,BATCH-2248,DIM-ERR,29
DF-1552,QC-869,BATCH-6526,THREAD-BAD,5
DF-1553,QC-6710,BATCH-6834,THREAD-BAD,42
DF-1554,QC-2567,BATCH-7892,SCRATCH,33
DF-1555,QC-7984,BATCH-826,COLOR-MISMATCH,8
DF-1556,QC-1932,BATCH-3111,SCRATCH,33
DF-1557,QC-1907,BATCH-1687,DIM-ERR,43
DF-1558,QC-3842,BATCH-4019,未定义,5
DF-1559,QC-2037,BATCH-3825,DENT,25
DF-1560,QC-7688,BATCH-4355,COLOR-MISMATCH,12
DF-1561,QC-537,BATCH-1858,DIM-ERR,8
DF-1562,QC-484,BATCH-7170,THREAD-BAD,18
DF-1563,QC-5810,BATCH-4618,THREAD-BAD,15
DF-1564,QC-5143,BATCH-5828,DIM-ERR,50
DF-1565,QC-4081,BATCH-5523,DENT,46
DF-1566,QC-7288,BATCH-5878,DIM-ERR,21
DF-1567,QC-537,BATCH-6725,DENT,27
DF-1568,QC-457,BATCH-6258,SCRATCH,44
DF-1569,QC-686,BATCH-1961,未定义,34
DF-1570,QC-6774,BATCH-1351,未定义,13
DF-1571,QC-869,BATCH-5738,THREAD-BAD,35
DF-1572,QC-4653,BATCH-1972,未定义,31
DF-1573,QC-1888,BATCH-4488,SCRATCH,9
DF-1574,QC-5115,BATCH-4177,COLOR-MISMATCH,36
DF-1575,QC-196,BATCH-359,SCRATCH,12
DF-1576,QC-4173,BATCH-2762,DIM-ERR,17
DF-1577,QC-2623,BATCH-1444,未定义,48
DF-1578,QC-1454,BATCH-2970,未定义,24
DF-1579,QC-6572,BATCH-5045,DIM-ERR,4
DF-1580,QC-7922,BATCH-7195,THREAD-BAD,40
DF-1581,QC-1307,BATCH-5257,SCRATCH,27
DF-1582,QC-3041,BATCH-7841,DENT,43
DF-1583,QC-7288,BATCH-6485,DENT,4
DF-1584,QC-4482,BATCH-5642,DENT,32
DF-1585,QC-3691,BATCH-5806,未定义,21
DF-1586,QC-4897,BATCH-4895,THREAD-BAD,26
DF-1587,QC-4897,BATCH-628,THREAD-BAD,7
DF-1588,QC-184,BATCH-6724,COLOR-MISMATCH,40
DF-1589,QC-2442,BATCH-595,未定义,26
DF-1590,QC-4415,BATCH-3959,DIM-ERR,23
DF-1591,QC-4849,BATCH-3358,DENT,7
DF-1592,QC-6736,BATCH-5675,DENT,26
DF-1593,QC-7509,BATCH-4038,THREAD-BAD,2
DF-1594,QC-3263,BATCH-3726,未定义,11
DF-1595,QC-856,BATCH-4924,DENT,48
DF-1596,QC-6835,BATCH-5432,DIM-ERR,48
DF-1597,QC-869,BATCH-2145,DIM-ERR,15
DF-1598,QC-7535,BATCH-173,THREAD-BAD,42
DF-1599,QC-7675,BATCH-1438,THREAD-BAD,31
DF-1600,QC-4508,BATCH-6267,DIM-ERR,19
DF-1601,QC-7020,BATCH-3919,DIM-ERR,34
DF-1602,QC-2665,BATCH-7456,COLOR-MISMATCH,2
DF-1603,QC-814,BATCH-7417,SCRATCH,20
DF-1604,QC-7188,BATCH-2180,DENT,25
DF-1605,QC-898,BATCH-4719,COLOR-MISMATCH,50
DF-1606,QC-6267,BATCH-6206,DENT,39
DF-1607,QC-5267,BATCH-2842,DENT,46
DF-1608,QC-5531,BATCH-7752,DIM-ERR,4
DF-1609,QC-869,BATCH-840,DIM-ERR,11
DF-1610,QC-4597,BATCH-3031,THREAD-BAD,23
DF-1611,QC-841,BATCH-1725,DENT,40
DF-1612,QC-16,BATCH-1369,THREAD-BAD,49
DF-1613,QC-5564,BATCH-3703,THREAD-BAD,8
DF-1614,QC-7988,BATCH-7278,DIM-ERR,17
DF-1615,QC-284,BATCH-6445,未定义,12
DF-1616,QC-5760,BATCH-4106,DIM-ERR,7
DF-1617,QC-4612,BATCH-766,DIM-ERR,37
DF-1618,QC-6496,BATCH-7394,未定义,43
DF-1619,QC-5531,BATCH-7513,COLOR-MISMATCH,40
DF-1620,QC-1196,BATCH-4468,THREAD-BAD,49
DF-1621,QC-686,BATCH-2245,DIM-ERR,20
DF-1622,QC-1936,BATCH-7963,COLOR-MISMATCH,42
DF-1623,QC-1713,BATCH-100,SCRATCH,36
DF-1624,QC-7984,BATCH-4427,COLOR-MISMATCH,31
DF-1625,QC-5783,BATCH-7511,SCRATCH,23
DF-1626,QC-5628,BATCH-7515,DENT,18
DF-1627,QC-7066,BATCH-871,SCRATCH,21
DF-1628,QC-5459,BATCH-4734,DENT,3
DF-1629,QC-7288,BATCH-4513,SCRATCH,18
DF-1630,QC-1944,BATCH-3094,COLOR-MISMATCH,38
DF-1631,QC-5531,BATCH-1264,THREAD-BAD,46
DF-1632,QC-3504,BATCH-294,THREAD-BAD,36
DF-1633,QC-6572,BATCH-7357,SCRATCH,29
DF-1634,QC-1230,BATCH-6258,COLOR-MISMATCH,13
DF-1635,QC-674,BATCH-199,SCRATCH,25
DF-1636,QC-4415,BATCH-2047,THREAD-BAD,28
DF-1637,QC-1137,BATCH-6756,COLOR-MISMATCH,7
DF-1638,QC-93,BATCH-3346,未定义,29
DF-1639,QC-4482,BATCH-4459,COLOR-MISMATCH,15
DF-1640,QC-5332,BATCH-6100,SCRATCH,19
DF-1641,QC-7308,BATCH-3168,未定义,20
DF-1642,QC-3821,BATCH-4706,SCRATCH,23
DF-1643,QC-5725,BATCH-6308,COLOR-MISMATCH,47
DF-1644,QC-4792,BATCH-5700,DENT,26
DF-1645,QC-1713,BATCH-5898,THREAD-BAD,3
DF-1646,QC-3723,BATCH-6512,DIM-ERR,29
DF-1647,QC-2863,BATCH-4152,COLOR-MISMATCH,8
DF-1648,QC-5778,BATCH-2061,DIM-ERR,44
DF-1649,QC-2361,BATCH-506,COLOR-MISMATCH,36
DF-1650,QC-6845,BATCH-6322,SCRATCH,15
DF-1651,QC-1316,BATCH-450,未定义,18
DF-1652,QC-652,BATCH-6416,THREAD-BAD,23
DF-1653,QC-3935,BATCH-5841,COLOR-MISMATCH,23
DF-1654,QC-4450,BATCH-3648,未定义,41
DF-1655,QC-6223,BATCH-2791,COLOR-MISMATCH,3
DF-1656,QC-4815,BATCH-657,DENT,47
DF-1657,QC-7535,BATCH-3304,DENT,25
DF-1658,QC-744,BATCH-5442,DENT,32
DF-1659,QC-2592,BATCH-5017,DIM-ERR,34
DF-1660,QC-614,BATCH-706,THREAD-BAD,39
DF-1661,QC-2293,BATCH-3811,THREAD-BAD,16
DF-1662,QC-3701,BATCH-3475,DIM-ERR,39
DF-1663,QC-6456,BATCH-5435,COLOR-MISMATCH,18
DF-1664,QC-5527,BATCH-5385,未定义,34
DF-1665,QC-2685,BATCH-6712,SCRATCH,13
DF-1666,QC-6572,BATCH-6759,DENT,42
DF-1667,QC-176,BATCH-722,COLOR-MISMATCH,37
DF-1668,QC-7931,BATCH-4657,SCRATCH,1
DF-1669,QC-4782,BATCH-1154,DENT,31
DF-1670,QC-7884,BATCH-1955,DENT,5
DF-1671,QC-7800,BATCH-1609,DIM-ERR,44
DF-1672,QC-2317,BATCH-4971,DENT,19
DF-1673,QC-6957,BATCH-5657,COLOR-MISMATCH,36
DF-1674,QC-6056,BATCH-5300,未定义,44
DF-1675,QC-4147,BATCH-5270,THREAD-BAD,5
DF-1676,QC-5760,BATCH-7544,SCRATCH,3
DF-1677,QC-4594,BATCH-1811,DENT,48
DF-1678,QC-290,BATCH-7678,未定义,12
DF-1679,QC-7800,BATCH-1596,COLOR-MISMATCH,27
DF-1680,QC-3590,BATCH-1784,DIM-ERR,3
DF-1681,QC-4594,BATCH-7856,SCRATCH,45
DF-1682,QC-6307,BATCH-4956,DIM-ERR,5
DF-1683,QC-7988,BATCH-3864,THREAD-BAD,12
DF-1684,QC-1137,BATCH-80,THREAD-BAD,50
DF-1685,QC-5318,BATCH-6126,DENT,39
DF-1686,QC-7732,BATCH-945,COLOR-MISMATCH,18
DF-1687,QC-4897,BATCH-1666,未定义,44
DF-1688,QC-4018,BATCH-7148,DENT,6
DF-1689,QC-2879,BATCH-7082,未定义,33
DF-1690,QC-2914,BATCH-4474,THREAD-BAD,7
DF-1691,QC-2072,BATCH-3439,DENT,46
DF-1692,QC-5940,BATCH-1775,THREAD-BAD,13
DF-1693,QC-5641,BATCH-4190,SCRATCH,32
DF-1694,QC-37,BATCH-5156,DIM-ERR,34
DF-1695,QC-3748,BATCH-693,DIM-ERR,26
DF-1696,QC-4594,BATCH-5676,DENT,21
DF-1697,QC-6036,BATCH-6646,COLOR-MISMATCH,37
DF-1698,QC-7098,BATCH-5418,未定义,20
DF-1699,QC-4612,BATCH-2359,COLOR-MISMATCH,23
DF-1700,QC-5120,BATCH-1313,COLOR-MISMATCH,46
DF-1701,QC-6941,BATCH-135,DENT,12
DF-1702,QC-1944,BATCH-7612,DENT,13
DF-1703,QC-5688,BATCH-765,COLOR-MISMATCH,49
DF-1704,QC-6549,BATCH-2280,COLOR-MISMATCH,24
DF-1705,QC-3759,BATCH-1900,未定义,42
DF-1706,QC-6177,BATCH-1314,THREAD-BAD,18
DF-1707,QC-669,BATCH-3956,未定义,12
DF-1708,QC-5999,BATCH-3093,DIM-ERR,24
DF-1709,QC-4815,BATCH-925,DENT,17
DF-1710,QC-5526,BATCH-3438,THREAD-BAD,5
DF-1711,QC-3885,BATCH-3553,SCRATCH,13
DF-1712,QC-2685,BATCH-1193,未定义,49
DF-1713,QC-2562,BATCH-1778,SCRATCH,2
DF-1714,QC-148,BATCH-2477,DENT,16
DF-1715,QC-6941,BATCH-3440,未定义,41
DF-1716,QC-7509,BATCH-4223,COLOR-MISMATCH,6
DF-1717,QC-196,BATCH-4810,DIM-ERR,4
DF-1718,QC-7081,BATCH-731,THREAD-BAD,35
DF-1719,QC-7288,BATCH-5948,DIM-ERR,2
DF-1720,QC-3425,BATCH-5411,DIM-ERR,10
DF-1721,QC-1600,BATCH-3952,DIM-ERR,5
DF-1722,QC-1196,BATCH-3537,DENT,24
DF-1723,QC-5633,BATCH-3601,SCRATCH,35
DF-1724,QC-3575,BATCH-3493,COLOR-MISMATCH,10
DF-1725,QC-869,BATCH-6734,DIM-ERR,15
DF-1726,QC-6171,BATCH-1429,SCRATCH,27
DF-1727,QC-3226,BATCH-1552,THREAD-BAD,26
DF-1728,QC-6736,BATCH-1852,DENT,20
DF-1729,QC-4103,BATCH-5829,SCRATCH,2
DF-1730,QC-2462,BATCH-7391,未定义,10
DF-1731,QC-7030,BATCH-7215,COLOR-MISMATCH,26
DF-1732,QC-5120,BATCH-4031,COLOR-MISMATCH,9
DF-1733,QC-7675,BATCH-807,SCRATCH,39
DF-1734,QC-1543,BATCH-2047,DENT,10
DF-1735,QC-5003,BATCH-1727,DENT,6
DF-1736,QC-6035,BATCH-4803,COLOR-MISMATCH,7
DF-1737,QC-2011,BATCH-963,COLOR-MISMATCH,14
DF-1738,QC-3669,BATCH-4302,THREAD-BAD,19
DF-1739,QC-1339,BATCH-1460,未定义,44
DF-1740,QC-6819,BATCH-1542,DIM-ERR,28
DF-1741,QC-4120,BATCH-7712,DIM-ERR,10
DF-1742,QC-196,BATCH-1859,DIM-ERR,3
DF-1743,QC-2539,BATCH-6347,DIM-ERR,33
DF-1744,QC-3041,BATCH-2946,DIM-ERR,7
DF-1745,QC-1763,BATCH-477,DIM-ERR,29
DF-1746,QC-2687,BATCH-3564,DIM-ERR,7
DF-1747,QC-2923,BATCH-628,THREAD-BAD,47
DF-1748,QC-4120,BATCH-2538,SCRATCH,15
DF-1749,QC-7509,BATCH-251,未定义,18
DF-1750,QC-2935,BATCH-2220,DIM-ERR,5
DF-1751,QC-4335,BATCH-3126,SCRATCH,21
DF-1752,QC-3748,BATCH-5139,COLOR-MISMATCH,19
DF-1753,QC-5189,BATCH-4484,THREAD-BAD,44
DF-1754,QC-4958,BATCH-597,SCRATCH,45
DF-1755,QC-3035,BATCH-6978,THREAD-BAD,33
DF-1756,QC-2226,BATCH-5690,DIM-ERR,10
DF-1757,QC-5656,BATCH-6851,DIM-ERR,32
DF-1758,QC-7034,BATCH-7156,DENT,34
DF-1759,QC-7939,BATCH-6617,SCRATCH,13
DF-1760,QC-5741,BATCH-1795,COLOR-MISMATCH,46
DF-1761,QC-6488,BATCH-1935,COLOR-MISMATCH,27
DF-1762,QC-2273,BATCH-7793,DIM-ERR,7
DF-1763,QC-1454,BATCH-478,未定义,37
DF-1764,QC-7188,BATCH-4845,COLOR-MISMATCH,12
DF-1765,QC-196,BATCH-2456,COLOR-MISMATCH,12
DF-1766,QC-16,BATCH-7113,THREAD-BAD,6
DF-1767,QC-591,BATCH-5288,未定义,45
DF-1768,QC-5987,BATCH-856,DIM-ERR,35
DF-1769,QC-3333,BATCH-5534,SCRATCH,34
DF-1770,QC-3842,BATCH-4958,未定义,6
DF-1771,QC-6656,BATCH-7450,未定义,44
DF-1772,QC-1009,BATCH-4610,COLOR-MISMATCH,17
DF-1773,QC-1480,BATCH-2598,未定义,18
DF-1774,QC-741,BATCH-3996,COLOR-MISMATCH,29
DF-1775,QC-5835,BATCH-2959,DIM-ERR,31
DF-1776,QC-1210,BATCH-444,THREAD-BAD,11
DF-1777,QC-5267,BATCH-4803,未定义,16
DF-1778,QC-184,BATCH-7513,DENT,21
DF-1779,QC-148,BATCH-956,未定义,46
DF-1780,QC-7831,BATCH-4498,THREAD-BAD,15
DF-1781,QC-5796,BATCH-3071,未定义,7
DF-1782,QC-591,BATCH-6065,SCRATCH,13
DF-1783,QC-68,BATCH-220,THREAD-BAD,17
DF-1784,QC-3661,BATCH-4896,SCRATCH,24
DF-1785,QC-739,BATCH-3191,THREAD-BAD,22
DF-1786,QC-7741,BATCH-3577,DENT,10
DF-1787,QC-5783,BATCH-7167,THREAD-BAD,38
DF-1788,QC-6833,BATCH-7432,DIM-ERR,34
DF-1789,QC-694,BATCH-7133,SCRATCH,37
DF-1790,QC-2273,BATCH-4397,THREAD-BAD,47
DF-1791,QC-2592,BATCH-7314,COLOR-MISMATCH,32
DF-1792,QC-1765,BATCH-2987,THREAD-BAD,20
DF-1793,QC-7555,BATCH-3323,SCRATCH,6
DF-1794,QC-3035,BATCH-2621,COLOR-MISMATCH,12
DF-1795,QC-1988,BATCH-6686,未定义,14
DF-1796,QC-4870,BATCH-2620,COLOR-MISMATCH,38
DF-1797,QC-3879,BATCH-4984,THREAD-BAD,4
DF-1798,QC-4917,BATCH-7069,DIM-ERR,18
DF-1799,QC-7188,BATCH-661,未定义,27
DF-1800,QC-1763,BATCH-2627,THREAD-BAD,20
DF-1801,QC-3263,BATCH-5976,SCRATCH,47
DF-1802,QC-2193,BATCH-2995,THREAD-BAD,8
DF-1803,QC-5305,BATCH-6998,SCRATCH,1
DF-1804,QC-3844,BATCH-3179,COLOR-MISMATCH,37
DF-1805,QC-6282,BATCH-669,COLOR-MISMATCH,47
DF-1806,QC-3885,BATCH-1879,SCRATCH,9
DF-1807,QC-1815,BATCH-2771,THREAD-BAD,27
DF-1808,QC-2935,BATCH-5307,SCRATCH,33
DF-1809,QC-3701,BATCH-1131,THREAD-BAD,6
DF-1810,QC-2483,BATCH-4631,SCRATCH,44
DF-1811,QC-4523,BATCH-1323,SCRATCH,42
DF-1812,QC-5505,BATCH-2826,DENT,21
DF-1813,QC-7020,BATCH-1839,THREAD-BAD,3
DF-1814,QC-1560,BATCH-3292,未定义,22
DF-1815,QC-6484,BATCH-3101,DIM-ERR,28
DF-1816,QC-7818,BATCH-1691,THREAD-BAD,34
DF-1817,QC-1988,BATCH-6644,THREAD-BAD,9
DF-1818,QC-3795,BATCH-4987,THREAD-BAD,31
DF-1819,QC-271,BATCH-7945,DENT,10
DF-1820,QC-5745,BATCH-7272,未定义,27
DF-1821,QC-2923,BATCH-5920,COLOR-MISMATCH,1
DF-1822,QC-4897,BATCH-448,未定义,16
DF-1823,QC-6488,BATCH-7459,未定义,47
DF-1824,QC-895,BATCH-4539,DIM-ERR,6
DF-1825,QC-7231,BATCH-5543,未定义,49
DF-1826,QC-4847,BATCH-817,THREAD-BAD,33
DF-1827,QC-4036,BATCH-2567,THREAD-BAD,48
DF-1828,QC-614,BATCH-7256,DENT,15
DF-1829,QC-5003,BATCH-2700,DIM-ERR,12
DF-1830,QC-7213,BATCH-3244,DENT,42
DF-1831,QC-1137,BATCH-4063,SCRATCH,29
DF-1832,QC-2623,BATCH-6556,DENT,46
DF-1833,QC-6969,BATCH-4285,COLOR-MISMATCH,14
DF-1834,QC-301,BATCH-3542,DENT,30
DF-1835,QC-3035,BATCH-6633,THREAD-BAD,21
DF-1836,QC-7231,BATCH-7123,SCRATCH,13
DF-1837,QC-971,BATCH-434,DENT,14
DF-1838,QC-4653,BATCH-3009,COLOR-MISMATCH,25
DF-1839,QC-4644,BATCH-6499,COLOR-MISMATCH,38
DF-1840,QC-2862,BATCH-6938,未定义,20
DF-1841,QC-5242,BATCH-2611,DENT,48
DF-1842,QC-5185,BATCH-4055,COLOR-MISMATCH,33
DF-1843,QC-3935,BATCH-4375,THREAD-BAD,33
DF-1844,QC-2995,BATCH-7557,THREAD-BAD,16
DF-1845,QC-6282,BATCH-3311,DENT,43
DF-1846,QC-4699,BATCH-6164,DENT,6
DF-1847,QC-5940,BATCH-2756,DENT,45
DF-1848,QC-4953,BATCH-6571,SCRATCH,45
DF-1849,QC-3786,BATCH-1162,SCRATCH,46
DF-1850,QC-2923,BATCH-542,未定义,7
DF-1851,QC-6467,BATCH-2656,THREAD-BAD,48
DF-1852,QC-5999,BATCH-6032,COLOR-MISMATCH,13
DF-1853,QC-4018,BATCH-3760,未定义,2
DF-1854,QC-6655,BATCH-471,未定义,44
DF-1855,QC-176,BATCH-4521,SCRATCH,25
DF-1856,QC-4184,BATCH-3132,未定义,17
DF-1857,QC-484,BATCH-776,SCRATCH,28
DF-1858,QC-993,BATCH-6639,DIM-ERR,48
DF-1859,QC-176,BATCH-6083,THREAD-BAD,34
DF-1860,QC-7503,BATCH-7939,SCRATCH,34
DF-1861,QC-358,BATCH-5563,SCRATCH,16
DF-1862,QC-6091,BATCH-3627,THREAD-BAD,42
DF-1863,QC-6263,BATCH-3764,THREAD-BAD,23
DF-1864,QC-1395,BATCH-7927,DENT,44
DF-1865,QC-2862,BATCH-1629,DENT,5
DF-1866,QC-814,BATCH-7386,THREAD-BAD,18
DF-1867,QC-6586,BATCH-2035,未定义,10
DF-1868,QC-1855,BATCH-7195,COLOR-MISMATCH,47
DF-1869,QC-4686,BATCH-745,THREAD-BAD,4
DF-1870,QC-3227,BATCH-297,THREAD-BAD,50
DF-1871,QC-6854,BATCH-7318,SCRATCH,43
DF-1872,QC-2293,BATCH-5408,DENT,10
DF-1873,QC-2099,BATCH-1220,DIM-ERR,31
DF-1874,QC-4752,BATCH-6193,THREAD-BAD,48
DF-1875,QC-1988,BATCH-1119,SCRATCH,48
DF-1876,QC-4815,BATCH-385,DIM-ERR,27
DF-1877,QC-3962,BATCH-4175,COLOR-MISMATCH,15
DF-1878,QC-7936,BATCH-6286,SCRATCH,15
DF-1879,QC-1148,BATCH-2998,SCRATCH,8
DF-1880,QC-7288,BATCH-292,未定义,14
DF-1881,QC-5796,BATCH-7129,THREAD-BAD,17
DF-1882,QC-3669,BATCH-7120,SCRATCH,14
DF-1883,QC-5004,BATCH-906,DIM-ERR,28
DF-1884,QC-5987,BATCH-1118,SCRATCH,22
DF-1885,QC-3575,BATCH-1731,THREAD-BAD,44
DF-1886,QC-5725,BATCH-4644,SCRATCH,37
DF-1887,QC-6282,BATCH-1290,SCRATCH,10
DF-1888,QC-7288,BATCH-6486,THREAD-BAD,10
DF-1889,QC-5246,BATCH-4558,未定义,4
DF-1890,QC-3879,BATCH-6207,未定义,30
DF-1891,QC-6727,BATCH-1153,DIM-ERR,23
DF-1892,QC-6147,BATCH-4445,DENT,24
DF-1893,QC-6177,BATCH-823,DENT,3
DF-1894,QC-7741,BATCH-3143,SCRATCH,3
DF-1895,QC-279,BATCH-3856,THREAD-BAD,46
DF-1896,QC-6549,BATCH-1162,SCRATCH,50
DF-1897,QC-7034,BATCH-2639,COLOR-MISMATCH,47
DF-1898,QC-7066,BATCH-5925,未定义,21
DF-1899,QC-7741,BATCH-7015,DIM-ERR,46
DF-1900,QC-1526,BATCH-3992,DIM-ERR,44
DF-1901,QC-2226,BATCH-2345,COLOR-MISMATCH,47
DF-1902,QC-4807,BATCH-3508,SCRATCH,21
DF-1903,QC-299,BATCH-5404,THREAD-BAD,15
DF-1904,QC-3862,BATCH-7050,未定义,18
DF-1905,QC-1137,BATCH-7610,SCRATCH,22
DF-1906,QC-6437,BATCH-152,THREAD-BAD,50
DF-1907,QC-16,BATCH-7753,DIM-ERR,24
DF-1908,QC-4792,BATCH-1363,SCRATCH,48
DF-1909,QC-5942,BATCH-5517,COLOR-MISMATCH,48
DF-1910,QC-4943,BATCH-748,SCRATCH,46
DF-1911,QC-5806,BATCH-3432,DIM-ERR,2
DF-1912,QC-5505,BATCH-1560,SCRATCH,44
DF-1913,QC-1230,BATCH-3627,SCRATCH,49
DF-1914,QC-5987,BATCH-1901,DIM-ERR,9
DF-1915,QC-4933,BATCH-158,未定义,16
DF-1916,QC-5049,BATCH-5876,SCRATCH,38
DF-1917,QC-3035,BATCH-188,SCRATCH,22
DF-1918,QC-5056,BATCH-1775,DIM-ERR,12
DF-1919,QC-6263,BATCH-5945,COLOR-MISMATCH,46
DF-1920,QC-6091,BATCH-2677,DIM-ERR,49
DF-1921,QC-5424,BATCH-4371,SCRATCH,47
DF-1922,QC-2957,BATCH-3776,DENT,29
DF-1923,QC-4493,BATCH-325,SCRATCH,8
DF-1924,QC-6194,BATCH-278,DENT,49
DF-1925,QC-349,BATCH-4582,COLOR-MISMATCH,36
DF-1926,QC-3935,BATCH-1630,DENT,23
DF-1927,QC-271,BATCH-5187,SCRATCH,33
DF-1928,QC-5913,BATCH-4958,DIM-ERR,25
DF-1929,QC-6570,BATCH-104,DIM-ERR,34
DF-1930,QC-5633,BATCH-7552,DIM-ERR,22
DF-1931,QC-5267,BATCH-3185,THREAD-BAD,1
DF-1932,QC-5527,BATCH-6229,DIM-ERR,9
DF-1933,QC-2784,BATCH-7198,THREAD-BAD,31
DF-1934,QC-1277,BATCH-1040,DIM-ERR,40
DF-1935,QC-2845,BATCH-6010,SCRATCH,35
DF-1936,QC-5120,BATCH-6515,DIM-ERR,1
DF-1937,QC-5723,BATCH-2179,DENT,29
DF-1938,QC-1391,BATCH-4404,DIM-ERR,42
DF-1939,QC-4815,BATCH-4900,SCRATCH,41
DF-1940,QC-2623,BATCH-6002,SCRATCH,39
DF-1941,QC-1251,BATCH-6574,THREAD-BAD,44
DF-1942,QC-7818,BATCH-996,DIM-ERR,18
DF-1943,QC-1526,BATCH-7301,DIM-ERR,32
DF-1944,QC-6437,BATCH-5751,DENT,26
DF-1945,QC-3842,BATCH-7460,DENT,32
DF-1946,QC-5139,BATCH-7510,DIM-ERR,11
DF-1947,QC-6969,BATCH-6832,未定义,7
DF-1948,QC-3177,BATCH-2738,THREAD-BAD,23
DF-1949,QC-4686,BATCH-4812,DENT,43
DF-1950,QC-2592,BATCH-6279,未定义,36
DF-1951,QC-1391,BATCH-4632,THREAD-BAD,41
DF-1952,QC-2862,BATCH-2400,COLOR-MISMATCH,34
DF-1953,QC-809,BATCH-334,COLOR-MISMATCH,34
DF-1954,QC-6845,BATCH-860,DIM-ERR,2
DF-1955,QC-16,BATCH-5032,DIM-ERR,26
DF-1956,QC-7931,BATCH-5566,DENT,4
DF-1957,QC-2317,BATCH-3978,DIM-ERR,10
DF-1958,QC-1196,BATCH-2085,DIM-ERR,35
DF-1959,QC-7790,BATCH-6761,DENT,23
DF-1960,QC-7404,BATCH-5374,DIM-ERR,48
DF-1961,QC-5294,BATCH-1982,COLOR-MISMATCH,42
DF-1962,QC-349,BATCH-1178,COLOR-MISMATCH,24
DF-1963,QC-6655,BATCH-1054,DENT,49
DF-1964,QC-5001,BATCH-3992,COLOR-MISMATCH,28
DF-1965,QC-4752,BATCH-3939,COLOR-MISMATCH,44
DF-1966,QC-7364,BATCH-4794,DIM-ERR,11
DF-1967,QC-6278,BATCH-1427,SCRATCH,22
DF-1968,QC-7535,BATCH-1641,DENT,41
DF-1969,QC-652,BATCH-3948,DENT,32
DF-1970,QC-895,BATCH-7258,DIM-ERR,31
DF-1971,QC-5332,BATCH-5392,未定义,18
DF-1972,QC-3111,BATCH-944,DIM-ERR,41
DF-1973,QC-5633,BATCH-7458,DENT,22
DF-1974,QC-7098,BATCH-1435,DIM-ERR,45
DF-1975,QC-5765,BATCH-6891,COLOR-MISMATCH,36
DF-1976,QC-5049,BATCH-1395,THREAD-BAD,37
DF-1977,QC-4943,BATCH-61,DENT,36
DF-1978,QC-4929,BATCH-1013,DENT,41
DF-1979,QC-4120,BATCH-4381,未定义,49
DF-1980,QC-290,BATCH-3963,DENT,42
DF-1981,QC-6572,BATCH-2031,COLOR-MISMATCH,37
DF-1982,QC-7688,BATCH-2979,DIM-ERR,19
DF-1983,QC-6270,BATCH-2417,SCRATCH,21
DF-1984,QC-7831,BATCH-3789,未定义,25
DF-1985,QC-7404,BATCH-3448,COLOR-MISMATCH,14
DF-1986,QC-5318,BATCH-7912,DIM-ERR,24
DF-1987,QC-5806,BATCH-7360,SCRATCH,19
DF-1988,QC-6570,BATCH-548,SCRATCH,41
DF-1989,QC-6267,BATCH-923,DIM-ERR,28
DF-1990,QC-6511,BATCH-7436,DIM-ERR,32
DF-1991,QC-6756,BATCH-5233,未定义,23
DF-1992,QC-2562,BATCH-7237,THREAD-BAD,20
DF-1993,QC-2011,BATCH-4943,未定义,23
DF-1994,QC-6511,BATCH-1972,COLOR-MISMATCH,45
DF-1995,QC-4929,BATCH-818,DIM-ERR,41
DF-1996,QC-6682,BATCH-3047,DENT,19
DF-1997,QC-299,BATCH-7800,THREAD-BAD,47
DF-1998,QC-7288,BATCH-7692,DIM-ERR,15
DF-1999,QC-362,BATCH-4730,SCRATCH,7
DF-2000,QC-5003,BATCH-522,DIM-ERR,34
