inv_id,material_id,quantity,location,last_count_date
MI-1,RM-16,38918,A3-21,2026-08-05
MI-2,RM-52,679,A5-2,2025-02-23
MI-3,RM-60,7255,A9-19,04-11-2025
MI-4,RM-7,8598,A1-26,11/12/2026
MI-5,RM-43,34374,A9-25,17-05-2025
MI-6,RM-30,48568,A4-12,01/24/2025
MI-7,RM-2,25113,A8-19,05-09-2025
MI-8,RM-6,39864,A3-7,2025-06-02
MI-9,RM-62,45909,A6-20,04/04/2025
MI-10,RM-33,4202,A2-6,08-04-2025
MI-11,RM-27,34845,A2-15,05/02/2026
MI-12,RM-107,5618,A9-7,04/08/2025
MI-13,RM-31,25473,A8-16,2026-04-28
MI-14,RM-31,7280,A9-12,2026-12-21
MI-15,RM-94,2759,A5-11,2025-09-26
MI-16,RM-75,17858,A9-1,2025-10-22
MI-17,RM-49,39783,A1-22,2026-05-16
MI-18,RM-8,23278,A5-4,10/15/2026
MI-19,RM-65,46077,A9-4,08/14/2025
MI-20,RM-81,15005,A2-11,07/13/2025
MI-21,RM-58,34145,A6-14,22-01-2026
MI-22,RM-36,42756,A9-20,11-01-2025
MI-23,RM-59,17776,A2-9,03/02/2026
MI-24,RM-52,48894,A9-12,10/14/2026
MI-25,RM-7,15875,A5-2,03/01/2026
MI-26,RM-112,16628,A8-3,24-08-2026
MI-27,RM-5,37956,A8-12,11/11/2026
MI-28,RM-91,3905,A5-23,2025-09-07
MI-29,RM-77,1810,A6-24,10/28/2025
MI-30,RM-20,19030,A5-16,2026-01-17
MI-31,RM-104,19438,A8-27,2025-06-16
MI-32,RM-104,5332,A8-26,2026-10-10
MI-33,RM-112,35958,A6-30,12/21/2026
MI-34,RM-8,31959,A5-27,2025-07-13
MI-35,RM-51,28100,A6-30,08/20/2025
MI-36,RM-114,49140,A7-19,2025-10-18
MI-37,RM-40,11201,A6-8,05/06/2026
MI-38,RM-13,6336,A2-5,2025-04-01
MI-39,RM-45,41213,A8-28,17-11-2025
MI-40,RM-111,24324,A2-1,2025-10-19
MI-41,RM-51,10914,A7-25,2026-06-09
MI-42,RM-52,12167,A5-28,2026-03-10
MI-43,RM-119,509,A3-6,2026-09-13
MI-44,RM-15,6220,A9-15,2025-04-16
MI-45,RM-110,14622,A1-26,16-07-2025
MI-46,RM-82,47134,A8-28,2026-03-15
MI-47,RM-97,35023,A9-12,11/28/2025
MI-48,RM-8,41779,A9-16,2025-12-03
MI-49,RM-4,44335,A9-13,03/15/2026
MI-50,RM-117,29780,A5-26,09/18/2026
MI-51,RM-91,6756,A5-30,2025-09-02
MI-52,RM-84,1727,A2-28,06/07/2026
MI-53,RM-81,48896,A4-19,09/04/2025
MI-54,RM-72,22393,A7-7,03/21/2025
MI-55,RM-45,7259,A6-20,13-05-2025
MI-56,RM-12,6809,A8-2,10/07/2025
MI-57,RM-3,8371,A7-12,04/21/2025
MI-58,RM-59,39510,A8-23,2026-02-27
MI-59,RM-81,16542,A5-20,04-07-2026
MI-60,RM-106,37547,A9-23,2026-11-10
MI-61,RM-5,17990,A3-19,10-11-2025
MI-62,RM-6,49505,A3-17,2025-03-27
MI-63,RM-66,4402,A9-11,06/23/2026
MI-64,RM-24,40093,A7-25,05/25/2025
MI-65,RM-69,46670,A6-26,04/22/2025
MI-66,RM-44,15846,A3-12,2025-03-28
MI-67,RM-8,19180,A1-5,2025-05-12
MI-68,RM-94,23879,A1-12,28-08-2025
MI-69,RM-21,17545,A2-16,2025-12-23
MI-70,RM-5,7771,A9-22,2026-09-27
MI-71,RM-40,7483,A5-12,13-03-2025
MI-72,RM-18,37537,A2-5,16-09-2025
MI-73,RM-15,20678,A8-6,04/21/2025
MI-74,RM-36,49895,A5-15,2025-07-02
MI-75,RM-36,46673,A2-16,2026-08-27
MI-76,RM-26,47709,A7-11,07/06/2025
MI-77,RM-87,32675,A3-28,2026-03-28
MI-78,RM-63,21889,A2-18,2025-05-15
MI-79,RM-115,30712,A3-4,06/08/2026
MI-80,RM-116,13140,A9-6,2025-02-19
MI-81,RM-97,12821,A7-29,2025-01-24
MI-82,RM-16,40210,A4-22,10-10-2025
MI-83,RM-70,7081,A4-14,04/24/2026
MI-84,RM-48,1768,A9-26,2025-04-25
MI-85,RM-80,44699,A3-29,2025-07-06
MI-86,RM-97,34369,A6-28,08/24/2025
MI-87,RM-29,752,A8-19,2025-01-07
MI-88,RM-88,43966,A1-29,2025-08-18
MI-89,RM-94,11144,A4-12,11/26/2025
MI-90,RM-22,23685,A9-18,07/17/2026
MI-91,RM-3,40363,A4-6,06/23/2026
MI-92,RM-9,31381,A9-15,08/08/2026
MI-93,RM-54,2705,A8-2,23-03-2025
MI-94,RM-93,13803,A5-10,2026-07-10
MI-95,RM-68,15895,A1-2,11/04/2025
MI-96,RM-23,41095,A5-1,08/04/2026
MI-97,RM-6,31835,A5-27,03-07-2025
MI-98,RM-94,11352,A2-25,12/16/2026
MI-99,RM-66,13851,A9-25,09/12/2025
MI-100,RM-5,47584,A4-8,04/03/2025
MI-101,RM-38,5498,A4-8,2025-01-16
MI-102,RM-85,3606,A5-4,10/18/2026
MI-103,RM-83,37305,A9-11,01/15/2026
MI-104,RM-110,2706,A6-22,2025-05-25
MI-105,RM-46,37595,A6-14,2026-10-21
MI-106,RM-10,9785,A6-9,2026-07-02
MI-107,RM-30,27605,A5-11,04-05-2026
MI-108,RM-119,29249,A5-27,2026-10-01
MI-109,RM-16,35515,A6-26,2025-09-26
MI-110,RM-109,32971,A1-1,2026-01-14
MI-111,RM-31,20554,A3-10,06/15/2025
MI-112,RM-41,46802,A7-15,2025-06-21
MI-113,RM-114,10822,A6-28,2025-04-02
MI-114,RM-20,33575,A7-23,2026-11-04
MI-115,RM-69,45519,A1-19,2026-05-03
MI-116,RM-37,2113,A1-25,26-11-2026
MI-117,RM-85,22041,A1-25,2026-06-20
MI-118,RM-54,30218,A6-13,22-06-2026
MI-119,RM-89,32748,A8-27,08/08/2025
MI-120,RM-13,4776,A3-14,01/02/2025
MI-121,RM-77,29358,A4-21,2025-06-17
MI-122,RM-51,19252,A7-21,2026-02-07
MI-123,RM-89,23739,A1-16,07/16/2025
MI-124,RM-105,47458,A2-5,02/05/2025
MI-125,RM-61,9219,A9-1,2026-09-28
MI-126,RM-8,2880,A4-25,2026-05-22
MI-127,RM-8,21897,A7-8,2026-08-23
MI-128,RM-10,26699,A4-7,2025-08-23
MI-129,RM-23,33854,A2-22,09/28/2025
MI-130,RM-93,23946,A3-3,2026-02-13
MI-131,RM-46,11936,A7-17,2025-11-05
MI-132,RM-95,23013,A8-5,2025-05-26
MI-133,RM-116,45020,A3-20,03-06-2025
MI-134,RM-20,29511,A6-3,2026-01-10
MI-135,RM-61,34975,A7-6,2026-05-07
MI-136,RM-75,6831,A8-16,2025-05-26
MI-137,RM-31,40769,A3-5,2026-05-08
MI-138,RM-80,9650,A5-8,20-08-2026
MI-139,RM-28,4882,A7-21,2026-10-24
MI-140,RM-24,46329,A6-8,2025-05-22
MI-141,RM-78,31223,A9-6,2026-07-11
MI-142,RM-36,7956,A7-15,2025-08-25
MI-143,RM-26,31998,A8-17,2026-03-03
MI-144,RM-70,9361,A5-14,2025-02-04
MI-145,RM-15,8070,A1-14,2025-02-21
MI-146,RM-93,13996,A2-25,2026-12-13
MI-147,RM-2,6644,A9-18,2025-07-22
MI-148,RM-56,17123,A1-1,12/13/2025
MI-149,RM-98,2335,A3-1,06/08/2026
MI-150,RM-46,23417,A4-17,2026-06-28
MI-151,RM-60,26835,A2-21,07/04/2026
MI-152,RM-2,5960,A4-6,2026-08-26
MI-153,RM-115,31102,A2-9,2026-07-07
MI-154,RM-39,25376,A1-19,22-06-2025
MI-155,RM-69,10973,A2-29,10-10-2025
MI-156,RM-63,35904,A9-19,23-10-2025
MI-157,RM-70,42332,A6-5,11/16/2026
MI-158,RM-103,48858,A8-8,2025-01-17
MI-159,RM-80,44938,A2-18,2026-03-06
MI-160,RM-5,1182,A7-30,2025-10-05
MI-161,RM-117,12424,A8-5,2025-10-23
MI-162,RM-65,31509,A3-7,2026-11-20
MI-163,RM-13,37592,A5-29,2025-06-27
MI-164,RM-3,17574,A2-16,2025-02-18
MI-165,RM-19,43617,A2-14,2025-06-11
MI-166,RM-31,35468,A1-4,03/17/2026
MI-167,RM-65,29032,A6-11,05/27/2025
MI-168,RM-20,10852,A7-29,2026-07-07
MI-169,RM-47,21561,A6-5,2026-04-27
MI-170,RM-12,32581,A8-13,26-06-2026
MI-171,RM-99,39665,A4-17,17-05-2026
MI-172,RM-49,6234,A1-14,2025-08-22
MI-173,RM-118,27886,A6-13,2025-05-23
MI-174,RM-102,38105,A3-8,2026-06-13
MI-175,RM-80,11282,A7-24,11/09/2025
MI-176,RM-10,22311,A8-16,11/15/2026
MI-177,RM-51,21741,A6-25,2025-01-16
MI-178,RM-91,30045,A9-6,10/03/2026
MI-179,RM-78,39337,A1-2,2025-09-04
MI-180,RM-63,44589,A4-22,01/04/2026
MI-181,RM-55,41268,A3-23,06/27/2026
MI-182,RM-3,45947,A3-13,2025-11-18
MI-183,RM-120,25538,A1-16,25-04-2025
MI-184,RM-45,11234,A8-29,2025-04-19
MI-185,RM-68,49090,A5-14,2025-08-11
MI-186,RM-108,1882,A9-26,02/09/2025
MI-187,RM-114,6858,A4-7,2026-08-19
MI-188,RM-38,22617,A1-2,2026-04-19
MI-189,RM-26,2123,A6-29,2026-08-24
MI-190,RM-8,8444,A3-2,02/14/2025
MI-191,RM-86,10353,A8-24,2025-12-25
MI-192,RM-98,26449,A8-18,2026-08-25
MI-193,RM-66,34714,A4-25,2026-02-22
MI-194,RM-67,12171,A4-27,08/12/2026
MI-195,RM-82,13723,A4-13,08/06/2025
MI-196,RM-48,16007,A1-4,2025-09-25
MI-197,RM-88,24324,A7-15,2026-04-14
MI-198,RM-10,182,A1-13,2025-01-06
MI-199,RM-33,43243,A9-22,2026-08-04
MI-200,RM-8,49693,A7-29,2026-11-10
MI-201,RM-46,44505,A5-7,2025-02-08
MI-202,RM-38,30744,A2-3,08-06-2026
MI-203,RM-31,46891,A5-24,2026-09-05
MI-204,RM-54,8310,A8-29,04/22/2025
MI-205,RM-61,9016,A5-2,07/17/2025
MI-206,RM-110,14155,A4-23,27-03-2025
MI-207,RM-48,30491,A1-5,2026-12-21
MI-208,RM-58,5192,A1-21,2025-06-05
MI-209,RM-8,43269,A7-21,02/23/2026
MI-210,RM-73,24097,A5-20,08/19/2025
MI-211,RM-6,43655,A1-19,2026-06-03
MI-212,RM-28,22466,A2-18,2025-12-11
MI-213,RM-23,43208,A4-17,01/05/2026
MI-214,RM-75,17231,A4-9,01-06-2026
MI-215,RM-118,41333,A4-15,2026-05-10
MI-216,RM-59,43413,A9-28,11/16/2025
MI-217,RM-35,39052,A3-12,07/24/2025
MI-218,RM-37,28996,A4-23,14-09-2025
MI-219,RM-28,38953,A4-23,2026-03-23
MI-220,RM-117,8235,A3-8,09/17/2025
MI-221,RM-1,3065,A7-8,01/28/2025
MI-222,RM-22,21602,A4-22,04/14/2026
MI-223,RM-30,18426,A9-24,08/27/2025
MI-224,RM-112,15302,A8-5,03-02-2026
MI-225,RM-59,49486,A2-2,02/27/2025
MI-226,RM-118,31759,A7-23,03/22/2025
MI-227,RM-61,49808,A8-29,2025-01-12
MI-228,RM-79,48516,A8-2,2025-09-16
MI-229,RM-9,47601,A2-21,11/21/2025
MI-230,RM-73,5818,A9-23,2026-05-08
MI-231,RM-95,9669,A9-24,12-02-2025
MI-232,RM-29,40086,A9-15,2025-06-26
MI-233,RM-120,38200,A1-16,11/28/2025
MI-234,RM-28,8957,A8-27,12/25/2026
MI-235,RM-53,18580,A3-19,05/17/2026
MI-236,RM-5,19905,A4-26,2025-06-18
MI-237,RM-54,36635,A3-7,11/05/2025
MI-238,RM-7,24604,A7-3,2026-04-12
MI-239,RM-96,7399,A9-25,20-12-2025
MI-240,RM-28,45676,A3-20,01-01-2026
MI-241,RM-16,45080,A3-10,2025-06-24
MI-242,RM-22,14199,A8-29,2026-11-17
MI-243,RM-68,35681,A1-6,12/03/2026
MI-244,RM-30,28924,A3-2,2025-01-28
MI-245,RM-13,33185,A1-27,01/17/2026
MI-246,RM-20,28896,A6-27,2025-12-27
MI-247,RM-8,32159,A3-7,12/16/2025
MI-248,RM-8,21558,A9-26,09/01/2026
MI-249,RM-45,35078,A7-28,2026-07-18
MI-250,RM-69,49085,A3-14,2025-02-08
MI-251,RM-9,24294,A3-2,12/28/2026
MI-252,RM-74,35970,A7-13,03/15/2026
MI-253,RM-42,24967,A5-6,2026-02-19
MI-254,RM-101,45690,A1-20,12/15/2026
MI-255,RM-26,4452,A9-13,2026-02-02
MI-256,RM-7,28535,A9-20,2026-04-07
MI-257,RM-9,44100,A2-18,2026-10-04
MI-258,RM-90,16066,A6-3,2026-10-04
MI-259,RM-96,17541,A8-2,2025-06-15
MI-260,RM-110,27564,A8-13,2026-02-02
MI-261,RM-119,7469,A9-6,2026-10-28
MI-262,RM-20,20060,A5-23,2025-05-05
MI-263,RM-75,3344,A9-6,04/09/2026
MI-264,RM-70,23320,A8-24,09/02/2025
MI-265,RM-114,28576,A6-17,12/01/2025
MI-266,RM-118,43317,A6-6,09/22/2025
MI-267,RM-46,11114,A1-16,08/02/2026
MI-268,RM-39,3267,A5-22,23-11-2026
MI-269,RM-6,48601,A9-9,07-12-2026
MI-270,RM-111,6974,A8-20,06/20/2026
MI-271,RM-77,38707,A1-22,2025-08-05
MI-272,RM-42,41935,A8-17,04/28/2026
MI-273,RM-12,30198,A2-27,09/10/2026
MI-274,RM-1,18541,A3-4,2025-10-12
MI-275,RM-102,47391,A6-19,04/25/2025
MI-276,RM-47,29943,A9-9,07/15/2026
MI-277,RM-33,43547,A8-30,11/19/2025
MI-278,RM-90,14657,A3-7,08/22/2025
MI-279,RM-111,20071,A7-11,2026-09-19
MI-280,RM-24,38830,A7-26,2025-05-16
MI-281,RM-111,18109,A3-10,11-08-2026
MI-282,RM-96,38183,A2-20,14-08-2026
MI-283,RM-109,29845,A1-26,10/02/2026
MI-284,RM-44,28632,A7-11,01-12-2026
MI-285,RM-100,39363,A6-4,25-10-2025
MI-286,RM-76,20915,A1-28,09/22/2026
MI-287,RM-52,35488,A3-19,2026-10-15
MI-288,RM-115,12138,A6-19,2025-12-05
MI-289,RM-9,47166,A8-14,2025-12-07
MI-290,RM-99,20024,A5-10,2026-01-22
MI-291,RM-115,28274,A9-3,2026-12-10
MI-292,RM-67,40185,A5-28,16-11-2025
MI-293,RM-39,24809,A9-7,2025-12-24
MI-294,RM-14,6830,A4-21,2026-03-04
MI-295,RM-70,6265,A4-26,2025-02-22
MI-296,RM-67,15864,A8-10,2026-02-20
MI-297,RM-34,19071,A4-1,2026-05-14
MI-298,RM-96,43245,A5-14,12/20/2026
MI-299,RM-56,48039,A2-9,2025-12-10
MI-300,RM-10,24331,A7-18,07/07/2025
MI-301,RM-63,28669,A3-16,12/23/2025
MI-302,RM-94,33271,A2-13,2026-01-09
MI-303,RM-17,13386,A2-5,2026-11-28
MI-304,RM-3,41163,A2-2,2026-02-09
MI-305,RM-54,12549,A9-14,2025-05-24
MI-306,RM-80,32752,A9-14,23-09-2026
MI-307,RM-44,40631,A6-14,2025-05-05
MI-308,RM-89,311,A7-11,07/09/2026
MI-309,RM-61,28265,A2-6,02/25/2025
MI-310,RM-105,7391,A9-19,11/10/2025
MI-311,RM-17,46866,A6-25,2026-02-19
MI-312,RM-86,23932,A8-12,2025-06-28
MI-313,RM-44,15793,A2-22,04/01/2026
MI-314,RM-95,12951,A5-3,10/24/2025
MI-315,RM-23,22488,A8-18,2025-10-23
MI-316,RM-50,40090,A7-26,26-06-2025
MI-317,RM-49,16489,A6-27,05/20/2026
MI-318,RM-23,46315,A4-17,2026-04-28
MI-319,RM-54,9999,A4-7,2025-09-18
MI-320,RM-54,9697,A5-10,2025-08-23
MI-321,RM-47,41150,A1-16,2025-02-12
MI-322,RM-46,29664,A7-6,2026-01-03
MI-323,RM-31,12877,A1-7,2026-01-24
MI-324,RM-84,33406,A6-10,11/07/2025
MI-325,RM-23,30022,A8-9,06/16/2026
MI-326,RM-42,9554,A9-10,2025-08-04
MI-327,RM-22,47305,A2-3,03/07/2026
MI-328,RM-24,38217,A9-26,2025-04-27
MI-329,RM-110,20901,A6-13,08/08/2025
MI-330,RM-1,2556,A3-5,2026-12-14
MI-331,RM-94,10497,A6-30,22-06-2025
MI-332,RM-45,29677,A6-6,01/17/2025
MI-333,RM-26,33748,A7-27,04/05/2025
MI-334,RM-115,47736,A2-1,2025-11-03
MI-335,RM-116,2189,A6-14,2026-11-15
MI-336,RM-41,20836,A3-13,08-07-2025
MI-337,RM-102,33206,A2-11,2026-01-16
MI-338,RM-99,41783,A4-16,11-12-2025
MI-339,RM-21,25739,A9-5,2025-08-24
MI-340,RM-62,21172,A3-12,2025-03-06
MI-341,RM-25,7996,A1-10,2026-04-27
MI-342,RM-98,46580,A3-10,10-07-2026
MI-343,RM-10,46399,A1-30,2025-05-25
MI-344,RM-29,26167,A5-22,03-07-2025
MI-345,RM-116,39677,A2-27,2025-11-22
MI-346,RM-69,30239,A7-30,15-04-2025
MI-347,RM-40,44741,A3-28,04/22/2025
MI-348,RM-77,4577,A2-1,04/17/2025
MI-349,RM-118,7617,A1-24,2025-06-24
MI-350,RM-44,7434,A4-13,2025-02-28
MI-351,RM-17,30144,A4-16,2026-11-27
MI-352,RM-3,1082,A5-10,03-12-2025
MI-353,RM-57,12599,A8-8,2026-05-20
MI-354,RM-67,41731,A2-25,2026-02-18
MI-355,RM-45,44733,A4-30,2025-10-16
MI-356,RM-65,39390,A6-7,2025-04-05
MI-357,RM-94,19799,A2-20,01/05/2025
MI-358,RM-115,30853,A2-8,05-11-2025
MI-359,RM-106,5131,A7-9,08/06/2025
MI-360,RM-109,31008,A5-29,14-06-2026
MI-361,RM-79,5322,A9-9,2025-07-19
MI-362,RM-103,15518,A2-12,04/20/2026
MI-363,RM-45,37738,A9-14,2025-06-05
MI-364,RM-107,23261,A2-5,10-03-2026
MI-365,RM-102,33609,A5-28,2026-12-21
MI-366,RM-81,28538,A2-19,2025-02-27
MI-367,RM-9,41541,A1-15,01/01/2026
MI-368,RM-67,1533,A4-11,05/06/2025
MI-369,RM-66,32370,A8-9,2025-03-14
MI-370,RM-61,1687,A8-13,2025-11-24
MI-371,RM-41,5436,A8-15,01/22/2025
MI-372,RM-105,23069,A4-23,09-05-2026
MI-373,RM-65,26024,A9-26,18-01-2026
MI-374,RM-110,4152,A3-24,2026-12-24
MI-375,RM-86,23017,A4-13,2025-11-13
MI-376,RM-36,27171,A9-27,2025-07-04
MI-377,RM-23,14887,A4-5,11/27/2026
MI-378,RM-59,8332,A9-5,16-09-2025
MI-379,RM-71,22805,A5-15,11/26/2026
MI-380,RM-90,27509,A3-26,2025-01-01
MI-381,RM-46,9911,A8-9,2026-05-10
MI-382,RM-89,19369,A3-19,10/18/2025
MI-383,RM-10,874,A7-7,09-03-2026
MI-384,RM-1,28415,A8-3,19-05-2026
MI-385,RM-31,46491,A8-10,17-01-2025
MI-386,RM-66,2347,A2-28,2025-08-27
MI-387,RM-55,39453,A9-2,03/17/2025
MI-388,RM-23,31479,A2-7,2026-07-22
MI-389,RM-96,29413,A9-8,2026-12-01
MI-390,RM-65,39288,A5-20,2025-06-14
MI-391,RM-95,43746,A5-5,21-09-2026
MI-392,RM-34,27793,A6-14,2025-03-15
MI-393,RM-35,22445,A9-9,2026-06-07
MI-394,RM-37,8076,A5-30,2026-11-27
MI-395,RM-57,30098,A9-11,2025-11-18
MI-396,RM-60,46274,A2-21,2026-10-07
MI-397,RM-18,21456,A4-22,01-10-2025
MI-398,RM-50,29451,A2-3,2026-09-13
MI-399,RM-81,34870,A1-8,07-08-2025
MI-400,RM-77,5592,A6-23,2026-08-16
MI-401,RM-17,11536,A8-21,04/17/2025
MI-402,RM-6,48332,A3-29,16-12-2025
MI-403,RM-45,7021,A5-10,2025-08-16
MI-404,RM-5,3727,A6-8,2026-04-08
MI-405,RM-115,18190,A4-30,05/27/2025
MI-406,RM-107,32907,A3-5,11/13/2026
MI-407,RM-114,34748,A4-11,2026-07-11
MI-408,RM-81,20211,A6-20,2026-09-19
MI-409,RM-102,16235,A2-11,2026-12-25
MI-410,RM-18,16103,A1-6,2026-12-13
MI-411,RM-80,48078,A9-12,2026-10-11
MI-412,RM-85,48679,A7-1,07-02-2026
MI-413,RM-116,6168,A5-11,2026-10-25
MI-414,RM-46,25036,A4-14,2025-06-03
MI-415,RM-105,7124,A3-11,2026-01-22
MI-416,RM-111,5356,A6-20,2026-07-22
MI-417,RM-91,3316,A1-30,2025-12-03
MI-418,RM-85,31389,A5-30,2026-06-05
MI-419,RM-119,31992,A5-10,2025-09-21
MI-420,RM-70,4359,A3-20,06/19/2025
MI-421,RM-39,29142,A6-29,05-12-2025
MI-422,RM-84,14176,A1-9,2026-01-24
MI-423,RM-17,1793,A7-5,2026-07-02
MI-424,RM-39,18861,A1-20,2025-08-14
MI-425,RM-101,41579,A2-4,11/22/2026
MI-426,RM-21,46176,A6-26,26-07-2025
MI-427,RM-20,35806,A1-29,01/11/2026
MI-428,RM-56,13558,A3-17,2025-05-13
MI-429,RM-39,45871,A9-11,2025-10-24
MI-430,RM-85,11600,A7-25,08-10-2026
MI-431,RM-38,10319,A8-17,23-07-2026
MI-432,RM-15,20713,A7-23,2025-07-21
MI-433,RM-93,35335,A9-9,2026-12-12
MI-434,RM-59,12232,A5-8,09/10/2026
MI-435,RM-53,15227,A8-3,12/25/2026
MI-436,RM-72,29068,A4-11,2026-01-22
MI-437,RM-64,20099,A1-17,13-06-2025
MI-438,RM-79,5905,A4-12,2026-02-23
MI-439,RM-104,39248,A9-17,2026-01-26
MI-440,RM-54,27312,A4-4,12/02/2026
MI-441,RM-47,6133,A3-15,06/01/2026
MI-442,RM-9,3329,A6-11,2026-04-24
MI-443,RM-108,5268,A1-29,2026-09-25
MI-444,RM-43,8846,A8-3,11/13/2025
MI-445,RM-58,21112,A4-23,2026-08-08
MI-446,RM-3,15240,A7-15,22-11-2026
MI-447,RM-55,24088,A7-15,2025-11-28
MI-448,RM-33,32617,A9-23,2025-09-21
MI-449,RM-4,27145,A5-15,08-03-2026
MI-450,RM-3,14647,A3-5,2025-08-01
MI-451,RM-85,34187,A2-1,2025-06-15
MI-452,RM-27,19082,A3-17,2025-05-02
MI-453,RM-35,26823,A7-21,2025-03-02
MI-454,RM-27,46529,A6-4,2026-03-05
MI-455,RM-56,35958,A5-19,12-06-2025
MI-456,RM-64,4818,A5-2,03/26/2025
MI-457,RM-92,39364,A7-8,06-07-2026
MI-458,RM-27,18058,A7-22,2026-07-17
MI-459,RM-86,25629,A8-18,10/15/2026
MI-460,RM-77,10922,A9-16,2026-05-07
MI-461,RM-108,39118,A8-18,2025-11-28
MI-462,RM-9,13390,A5-4,10/15/2026
MI-463,RM-10,13421,A8-19,03/20/2025
MI-464,RM-18,15763,A1-22,10-06-2026
MI-465,RM-120,169,A1-4,22-01-2026
MI-466,RM-78,31272,A2-17,2025-02-18
MI-467,RM-35,33988,A5-7,2026-12-08
MI-468,RM-22,413,A5-9,09/05/2025
MI-469,RM-109,10932,A9-21,2026-06-06
MI-470,RM-24,26386,A4-6,2025-05-15
MI-471,RM-107,22512,A6-21,14-04-2026
MI-472,RM-38,29403,A6-1,10/18/2025
MI-473,RM-8,24745,A9-3,2026-09-13
MI-474,RM-25,13254,A9-28,2026-08-17
MI-475,RM-7,41572,A2-7,2025-03-22
MI-476,RM-84,20624,A1-7,02-04-2026
MI-477,RM-118,7963,A3-22,06/14/2025
MI-478,RM-34,16025,A6-7,03/06/2025
MI-479,RM-12,11155,A3-2,16-08-2025
MI-480,RM-29,24840,A8-29,10/20/2026
MI-481,RM-36,45902,A8-16,2025-09-09
MI-482,RM-46,49495,A3-18,21-07-2025
MI-483,RM-91,4665,A6-7,12-02-2026
MI-484,RM-33,35437,A2-20,2025-02-06
MI-485,RM-40,2295,A2-23,04/17/2026
MI-486,RM-116,34226,A6-17,12-09-2026
MI-487,RM-118,21656,A8-29,2025-09-08
MI-488,RM-52,16373,A5-19,2025-11-10
MI-489,RM-28,30916,A4-25,2025-06-22
MI-490,RM-115,5908,A4-24,12/17/2025
MI-491,RM-115,2175,A7-4,2026-04-14
MI-492,RM-71,25397,A4-4,2026-01-17
MI-493,RM-99,23183,A1-16,2025-12-20
MI-494,RM-87,6515,A9-23,02/09/2026
MI-495,RM-86,28602,A8-14,2026-11-02
MI-496,RM-34,10291,A3-30,2025-11-22
MI-497,RM-92,33946,A3-26,2026-09-05
MI-498,RM-86,6925,A8-21,2025-04-03
MI-499,RM-33,2780,A1-20,2025-07-28
MI-500,RM-3,17524,A1-4,2026-10-20
MI-501,RM-39,34072,A4-21,06/15/2026
MI-502,RM-71,42893,A5-9,2025-07-17
MI-503,RM-5,9941,A1-18,04/16/2026
MI-504,RM-110,45,A7-30,13-12-2025
MI-505,RM-63,48022,A6-1,04/07/2025
MI-506,RM-108,7863,A9-30,03/16/2026
MI-507,RM-28,27689,A7-29,2025-01-20
MI-508,RM-44,46617,A8-9,2026-08-09
MI-509,RM-54,13595,A7-29,2026-10-14
MI-510,RM-50,47846,A1-16,03/17/2026
MI-511,RM-112,21549,A3-26,05/15/2026
MI-512,RM-12,39484,A6-7,2026-07-06
MI-513,RM-60,10211,A2-3,2025-05-05
MI-514,RM-88,9868,A5-16,2026-12-18
MI-515,RM-35,27302,A8-26,2026-09-25
MI-516,RM-6,37804,A8-9,2026-07-03
MI-517,RM-31,24139,A5-28,2026-07-08
MI-518,RM-75,34283,A8-25,27-01-2025
MI-519,RM-39,11317,A2-30,06/03/2026
MI-520,RM-113,46304,A1-1,09/04/2026
MI-521,RM-2,34374,A3-29,2025-09-01
MI-522,RM-109,25071,A6-29,2026-04-16
MI-523,RM-47,37782,A4-27,05-07-2025
MI-524,RM-48,26516,A9-26,26-07-2025
MI-525,RM-22,41143,A9-23,10/14/2026
MI-526,RM-87,47785,A6-27,2026-10-03
MI-527,RM-69,40421,A9-5,09-07-2025
MI-528,RM-45,7358,A3-25,22-02-2025
MI-529,RM-9,27407,A7-3,06/05/2025
MI-530,RM-79,48151,A2-20,2025-09-17
MI-531,RM-64,34083,A1-28,07-09-2026
MI-532,RM-77,12741,A5-21,12/27/2025
MI-533,RM-39,22914,A2-20,11/11/2025
MI-534,RM-18,30355,A1-5,13-09-2025
MI-535,RM-29,40961,A6-22,2026-01-17
MI-536,RM-28,33942,A4-18,2025-10-10
MI-537,RM-79,22040,A4-19,05/21/2026
MI-538,RM-80,23426,A1-24,2025-05-24
MI-539,RM-8,16675,A9-11,11/12/2025
MI-540,RM-11,28624,A1-12,02-06-2026
MI-541,RM-51,30488,A9-13,2025-09-23
MI-542,RM-74,21025,A6-28,2026-10-17
MI-543,RM-105,46826,A5-26,2026-10-27
MI-544,RM-94,15282,A2-5,10/12/2025
MI-545,RM-73,29141,A1-27,2026-02-15
MI-546,RM-54,6837,A1-6,2026-11-28
MI-547,RM-72,44745,A8-15,01/26/2026
MI-548,RM-107,21174,A9-5,15-12-2026
MI-549,RM-9,41500,A1-22,28-11-2025
MI-550,RM-14,37951,A3-18,2026-07-20
MI-551,RM-12,22712,A5-6,2026-03-15
MI-552,RM-26,18142,A3-28,2026-02-20
MI-553,RM-82,42509,A4-29,2025-01-15
MI-554,RM-31,2490,A2-12,2025-05-14
MI-555,RM-12,49405,A5-5,2026-12-17
MI-556,RM-42,48161,A8-3,2025-11-05
MI-557,RM-10,44219,A9-20,2025-01-28
MI-558,RM-82,30573,A7-2,07-12-2026
MI-559,RM-102,12325,A9-4,2025-05-09
MI-560,RM-70,29800,A3-17,2026-08-13
MI-561,RM-115,31450,A5-25,02/27/2026
MI-562,RM-85,890,A4-15,2025-08-16
MI-563,RM-98,11646,A4-1,04/25/2026
MI-564,RM-13,43601,A9-6,2026-07-23
MI-565,RM-91,19558,A4-22,11/05/2025
MI-566,RM-42,34272,A1-15,2026-08-15
MI-567,RM-70,11743,A3-10,03/27/2025
MI-568,RM-58,22451,A6-7,2026-06-24
MI-569,RM-21,25614,A6-26,2025-01-23
MI-570,RM-58,43939,A8-16,07/07/2026
MI-571,RM-34,30496,A9-14,2025-11-22
MI-572,RM-101,6783,A8-11,2026-09-24
MI-573,RM-32,18162,A1-23,2025-11-20
MI-574,RM-99,25172,A8-10,14-02-2026
MI-575,RM-100,30228,A7-22,2026-02-04
MI-576,RM-66,43091,A5-13,28-04-2025
MI-577,RM-9,35482,A8-10,2026-02-19
MI-578,RM-48,42262,A5-1,14-10-2026
MI-579,RM-16,28114,A3-5,2025-02-06
MI-580,RM-29,5981,A3-24,2026-08-10
MI-581,RM-69,29429,A2-27,2026-10-11
MI-582,RM-73,36822,A9-27,2025-04-06
MI-583,RM-57,40028,A2-5,01/21/2025
MI-584,RM-27,19522,A1-10,2025-02-14
MI-585,RM-103,9428,A4-28,2025-02-25
MI-586,RM-31,28775,A7-11,2026-09-13
MI-587,RM-15,44851,A5-23,06/08/2025
MI-588,RM-75,24304,A7-10,2025-01-15
MI-589,RM-93,49451,A3-16,01/22/2026
MI-590,RM-60,48412,A1-5,04/22/2025
MI-591,RM-47,14127,A8-7,20-05-2026
MI-592,RM-49,41031,A5-23,2026-07-06
MI-593,RM-101,3445,A1-5,07/25/2026
MI-594,RM-36,18960,A7-10,05-02-2026
MI-595,RM-113,37407,A4-13,2025-07-12
MI-596,RM-95,35905,A7-10,2026-04-08
MI-597,RM-7,47279,A2-12,07/18/2025
MI-598,RM-48,2951,A7-18,12/18/2026
MI-599,RM-40,22739,A5-2,02/28/2025
MI-600,RM-74,41082,A2-11,05/09/2025
MI-601,RM-72,24842,A8-30,06/18/2025
MI-602,RM-103,20479,A1-13,09/26/2025
MI-603,RM-15,38416,A1-7,2026-11-01
MI-604,RM-97,43730,A1-25,03-11-2025
MI-605,RM-29,9755,A2-2,12/22/2025
MI-606,RM-23,15830,A1-6,04-05-2025
MI-607,RM-79,36319,A3-1,07/06/2026
MI-608,RM-113,21941,A9-6,2026-01-26
MI-609,RM-12,43564,A8-26,09-06-2026
MI-610,RM-50,27513,A4-11,07/11/2026
MI-611,RM-14,28403,A9-12,2026-11-14
MI-612,RM-15,3333,A8-21,07/10/2025
MI-613,RM-1,26131,A4-2,02/21/2025
MI-614,RM-40,39621,A8-28,07/19/2025
MI-615,RM-102,47853,A6-7,04-12-2026
MI-616,RM-37,11057,A2-28,12/02/2026
MI-617,RM-32,14154,A4-3,28-12-2026
MI-618,RM-92,14595,A9-25,06/25/2026
MI-619,RM-21,6317,A7-24,2025-10-23
MI-620,RM-80,40985,A5-1,2026-04-18
MI-621,RM-12,38929,A7-22,04-03-2026
MI-622,RM-80,16599,A5-9,09/23/2026
MI-623,RM-20,24202,A2-18,2026-10-21
MI-624,RM-82,2162,A2-19,06/07/2025
MI-625,RM-81,29,A7-15,06/21/2026
MI-626,RM-88,18442,A6-22,2026-01-10
MI-627,RM-107,2317,A8-8,2025-08-24
MI-628,RM-84,4016,A5-26,2026-01-08
MI-629,RM-75,8627,A1-19,25-02-2026
MI-630,RM-89,15687,A3-9,2026-11-06
MI-631,RM-53,44401,A8-27,14-11-2026
MI-632,RM-49,4620,A8-22,11-02-2025
MI-633,RM-12,47768,A2-26,2025-11-03
MI-634,RM-108,39666,A4-24,2026-08-28
MI-635,RM-12,38043,A1-3,04/08/2026
MI-636,RM-114,2481,A1-1,2026-05-05
MI-637,RM-83,27360,A5-2,05/21/2025
MI-638,RM-34,29545,A2-9,20-02-2026
MI-639,RM-81,22343,A8-5,24-07-2026
MI-640,RM-86,34738,A9-24,2026-12-19
MI-641,RM-52,15019,A7-8,2026-07-27
MI-642,RM-10,38173,A1-12,12/05/2026
MI-643,RM-22,29920,A9-20,2026-10-12
MI-644,RM-95,742,A1-11,2026-03-09
MI-645,RM-91,26703,A3-1,2025-11-02
MI-646,RM-118,6057,A9-7,03/19/2025
MI-647,RM-28,27567,A8-8,2026-09-23
MI-648,RM-22,41883,A7-23,2025-06-19
MI-649,RM-42,7578,A1-18,2026-09-12
MI-650,RM-17,29668,A1-30,08/08/2026
MI-651,RM-20,11210,A2-22,09-12-2025
MI-652,RM-40,32446,A1-4,2025-01-28
MI-653,RM-80,11360,A7-6,08/22/2026
MI-654,RM-20,24268,A6-6,25-06-2026
MI-655,RM-28,3122,A6-26,17-07-2025
MI-656,RM-76,36332,A9-5,01-12-2026
MI-657,RM-107,22989,A3-8,02/11/2025
MI-658,RM-81,39814,A2-21,2025-12-18
MI-659,RM-119,7169,A8-26,03/27/2025
MI-660,RM-106,21973,A2-8,2025-03-25
MI-661,RM-38,37100,A3-10,06/25/2026
MI-662,RM-5,40585,A2-8,2025-04-16
MI-663,RM-59,44222,A4-9,2026-08-16
MI-664,RM-6,43574,A5-26,03/05/2026
MI-665,RM-30,14254,A4-13,02/24/2026
MI-666,RM-86,30412,A2-21,14-05-2025
MI-667,RM-90,45416,A2-3,11/20/2026
MI-668,RM-57,18701,A8-30,26-04-2026
MI-669,RM-39,38639,A3-16,2026-10-07
MI-670,RM-88,19760,A5-17,2025-09-15
MI-671,RM-1,495,A2-13,2026-03-22
MI-672,RM-6,29357,A1-28,07/19/2026
MI-673,RM-84,32808,A6-2,2026-06-06
MI-674,RM-5,21252,A8-2,07-10-2026
MI-675,RM-16,26264,A7-19,2026-10-11
MI-676,RM-51,766,A5-29,2025-06-24
MI-677,RM-81,4284,A3-13,11-06-2026
MI-678,RM-92,15701,A8-10,04/06/2025
MI-679,RM-29,10813,A8-10,2026-07-20
MI-680,RM-6,44185,A3-4,2025-07-26
MI-681,RM-61,48130,A7-25,2026-09-04
MI-682,RM-75,40914,A4-27,2026-03-18
MI-683,RM-43,35746,A5-23,2026-11-09
MI-684,RM-13,30847,A8-7,06/02/2025
MI-685,RM-26,18048,A3-25,2026-08-08
MI-686,RM-117,23855,A9-8,17-05-2025
MI-687,RM-65,18972,A6-9,22-09-2025
MI-688,RM-24,36398,A3-21,09/23/2025
MI-689,RM-16,31242,A3-18,08-07-2026
MI-690,RM-35,22010,A7-25,08/02/2025
MI-691,RM-97,4481,A9-20,17-04-2026
MI-692,RM-85,13313,A2-17,2025-10-25
MI-693,RM-54,1874,A6-20,04/15/2026
MI-694,RM-67,43448,A1-4,2026-04-24
MI-695,RM-43,37100,A9-16,2026-10-14
MI-696,RM-75,19898,A9-20,12/27/2026
MI-697,RM-84,45028,A1-20,18-02-2025
MI-698,RM-13,23358,A4-8,2025-03-23
MI-699,RM-27,39761,A7-22,2025-03-25
MI-700,RM-111,32852,A2-27,2026-11-06
MI-701,RM-72,31342,A3-28,12/13/2026
MI-702,RM-60,30391,A4-4,2025-08-09
MI-703,RM-61,29591,A8-19,2026-12-24
MI-704,RM-30,48491,A2-9,2025-07-13
MI-705,RM-9,43059,A7-5,11/22/2026
MI-706,RM-13,20042,A9-30,09/15/2025
MI-707,RM-26,11981,A6-12,2026-06-13
MI-708,RM-77,46063,A4-30,12/02/2025
MI-709,RM-11,11227,A5-19,01/07/2026
MI-710,RM-60,7109,A7-3,2026-01-22
MI-711,RM-30,43152,A8-1,2026-10-25
MI-712,RM-39,15643,A4-26,26-09-2025
MI-713,RM-114,42474,A1-20,12-09-2026
MI-714,RM-49,45504,A9-9,16-08-2025
MI-715,RM-101,20532,A1-24,2025-03-26
MI-716,RM-56,11493,A7-10,2025-03-05
MI-717,RM-38,5629,A5-27,2025-09-25
MI-718,RM-71,48047,A5-13,07-04-2025
MI-719,RM-79,39181,A3-10,2026-10-10
MI-720,RM-7,17627,A4-22,2026-11-02
MI-721,RM-57,39048,A4-9,2026-02-28
MI-722,RM-53,37284,A3-9,2025-07-23
MI-723,RM-108,46620,A3-13,2026-01-01
MI-724,RM-118,38918,A1-15,15-12-2026
MI-725,RM-99,10680,A1-28,08-08-2025
MI-726,RM-67,11194,A3-15,2025-06-08
MI-727,RM-25,3122,A3-12,11/04/2026
MI-728,RM-66,18328,A8-1,18-02-2025
MI-729,RM-68,500,A1-12,09/02/2026
MI-730,RM-10,49566,A5-8,26-06-2026
MI-731,RM-65,16074,A1-20,2026-11-25
MI-732,RM-74,2578,A5-27,2026-06-11
MI-733,RM-40,31191,A5-4,2025-07-02
MI-734,RM-51,6546,A7-13,2026-06-21
MI-735,RM-107,11115,A2-3,21-02-2026
MI-736,RM-86,45916,A9-29,2025-01-03
MI-737,RM-98,5384,A1-27,2025-02-11
MI-738,RM-53,29711,A6-7,11/18/2026
MI-739,RM-69,18154,A3-1,12/05/2025
MI-740,RM-16,38879,A2-15,2025-07-11
MI-741,RM-114,16490,A6-16,2026-01-05
MI-742,RM-23,23023,A1-3,2026-09-15
MI-743,RM-59,22341,A5-25,01/19/2026
MI-744,RM-115,10409,A4-30,2025-11-04
MI-745,RM-5,17750,A9-14,09/17/2026
MI-746,RM-91,5592,A6-10,2025-09-26
MI-747,RM-91,13019,A8-20,25-04-2026
MI-748,RM-39,23087,A4-18,10/13/2025
MI-749,RM-47,12077,A1-17,2025-02-06
MI-750,RM-68,11373,A6-20,22-03-2025
MI-751,RM-90,33146,A6-8,08/03/2026
MI-752,RM-91,105,A4-7,09/10/2025
MI-753,RM-88,3694,A5-21,10/24/2026
MI-754,RM-85,9255,A9-11,2026-06-09
MI-755,RM-110,49147,A3-18,2026-11-25
MI-756,RM-87,30059,A4-12,2025-02-20
MI-757,RM-74,36408,A9-29,10/06/2025
MI-758,RM-78,36405,A4-5,13-05-2025
MI-759,RM-70,149,A2-20,2025-07-28
MI-760,RM-38,47577,A9-10,04-11-2025
MI-761,RM-89,4241,A7-10,10-02-2025
MI-762,RM-67,38921,A7-3,06/24/2026
MI-763,RM-45,11310,A6-7,04/12/2026
MI-764,RM-9,24584,A8-11,02/21/2026
MI-765,RM-75,35646,A6-18,2025-09-13
MI-766,RM-53,41022,A1-22,12-11-2026
MI-767,RM-93,38712,A2-3,10/10/2025
MI-768,RM-118,13820,A5-22,07-07-2025
MI-769,RM-71,30671,A7-16,2026-11-21
MI-770,RM-85,5829,A3-10,2025-11-16
MI-771,RM-109,12564,A4-14,10-12-2025
MI-772,RM-27,46030,A4-6,2026-03-22
MI-773,RM-115,42750,A4-14,08/11/2025
MI-774,RM-13,16342,A6-19,09/19/2026
MI-775,RM-65,33864,A5-7,10/07/2025
MI-776,RM-86,41841,A3-2,12/19/2026
MI-777,RM-12,31231,A2-14,14-05-2025
MI-778,RM-27,32702,A7-3,09/06/2026
MI-779,RM-92,26919,A7-2,02/14/2025
MI-780,RM-83,17449,A1-14,04/27/2025
MI-781,RM-23,6707,A5-17,25-04-2025
MI-782,RM-66,37692,A4-7,11/26/2026
MI-783,RM-34,43117,A4-16,2026-06-12
MI-784,RM-90,5118,A7-28,04/17/2025
MI-785,RM-94,16197,A2-9,03-02-2025
MI-786,RM-95,36705,A7-28,2026-10-17
MI-787,RM-48,12095,A6-26,2025-01-05
MI-788,RM-38,45239,A2-20,02/11/2025
MI-789,RM-13,29762,A6-29,11/25/2025
MI-790,RM-89,7358,A9-18,2026-12-14
MI-791,RM-8,28290,A5-23,2026-03-24
MI-792,RM-34,49889,A7-21,12/05/2025
MI-793,RM-76,4629,A9-9,2026-10-15
MI-794,RM-4,33741,A6-22,2025-09-19
MI-795,RM-79,9142,A8-26,07-01-2025
MI-796,RM-102,15231,A1-8,06/11/2026
MI-797,RM-92,40813,A8-24,05/17/2026
MI-798,RM-79,17223,A8-25,2026-05-10
MI-799,RM-107,460,A7-19,04/28/2025
MI-800,RM-70,1665,A3-27,2025-03-03
