po_id,supplier_id,order_date,expected_date,status
PO-1,SM-38,2025-10-11,2024-02-04,open
PO-2,SM-31,04/11/2025,05-05-2025,open
PO-3,SM-32,2025-07-10,2025-09-14,PARTIAL
PO-4,SM-14,2025-05-22,2026-04-02,OPEN
PO-5,SM-34,2024-11-12,2024-02-04,open
PO-6,SM-32,2026-12-26,25-06-2024,OPEN
PO-7,SM-3,2025-04-24,2026-04-27,OPEN
PO-8,SM-11,2025-06-14,2025-05-18,partial
PO-9,SM-38,2025-04-17,04/23/2025,open
PO-10,SM-9,2025-12-12,2026-04-23,partial
PO-11,SM-28,09/15/2026,2024-04-05,partial
PO-12,SM-9,01-02-2024,06/12/2026,partial
PO-13,SM-35,2024-12-06,2024-07-08,closed
PO-14,SM-15,2025-12-23,2024-06-23,open
PO-15,SM-18,2024-06-24,2024-06-13,PARTIAL
PO-16,SM-2,2026-07-08,2026-09-18,partial
PO-17,SM-40,02/23/2026,2026-11-14,OPEN
PO-18,SM-40,2026-11-09,2026-03-23,OPEN
PO-19,SM-21,08-03-2026,2025-01-19,open
PO-20,SM-39,2026-01-22,01/03/2026,OPEN
PO-21,SM-14,07/23/2024,01/14/2024,open
PO-22,SM-12,2025-03-20,2026-10-27,open
PO-23,SM-28,03/06/2024,2025-07-17,OPEN
PO-24,SM-30,04/18/2026,03/02/2024,closed
PO-25,SM-30,06-11-2026,2026-11-12,partial
PO-26,SM-15,08/04/2024,08/18/2024,partial
PO-27,SM-31,2026-08-22,06/21/2026,partial
PO-28,SM-21,07/15/2025,23-08-2026,closed
PO-29,SM-30,08-09-2026,16-06-2025,PARTIAL
PO-30,SM-19,2026-03-13,2025-06-11,partial
PO-31,SM-19,15-09-2024,01/01/2026,open
PO-32,SM-32,2025-01-14,2025-03-17,OPEN
PO-33,SM-8,09/18/2024,2025-09-17,open
PO-34,SM-3,2024-04-19,28-09-2025,partial
PO-35,SM-12,2026-12-01,12/17/2026,open
PO-36,SM-33,2025-02-16,2025-10-19,open
PO-37,SM-23,2025-12-16,2026-08-11,open
PO-38,SM-2,2026-11-25,03/26/2026,closed
PO-39,SM-25,2026-04-03,2025-04-20,closed
PO-40,SM-19,2024-10-08,2026-10-03,OPEN
PO-41,SM-34,09/27/2024,18-03-2024,open
PO-42,SM-17,13-02-2024,2025-09-04,OPEN
PO-43,SM-30,15-12-2024,2024-03-23,partial
PO-44,SM-34,04/26/2025,2026-03-06,OPEN
PO-45,SM-5,2024-04-23,2026-02-06,closed
PO-46,SM-6,2025-10-22,2026-11-11,closed
PO-47,SM-35,2026-09-25,24-07-2026,closed
PO-48,SM-40,08/27/2024,05/17/2024,partial
PO-49,SM-30,2025-05-05,2024-12-16,OPEN
PO-50,SM-8,2025-02-02,2025-08-16,closed
PO-51,SM-7,2024-01-26,2025-06-10,closed
PO-52,SM-33,11/05/2026,2024-11-16,partial
PO-53,SM-31,05/16/2026,02-01-2025,closed
PO-54,SM-33,13-01-2025,10/12/2025,OPEN
PO-55,SM-38,04/01/2025,2024-01-16,open
PO-56,SM-15,06/28/2025,2024-04-05,open
PO-57,SM-39,2025-11-13,2026-10-13,PARTIAL
PO-58,SM-33,2026-06-04,03/06/2026,PARTIAL
PO-59,SM-33,11-05-2025,2026-06-01,partial
PO-60,SM-27,2025-06-04,02-05-2024,PARTIAL
PO-61,SM-25,2024-05-26,2026-01-06,OPEN
PO-62,SM-10,08/15/2026,01/20/2025,PARTIAL
PO-63,SM-28,10/17/2026,2026-03-25,closed
PO-64,SM-10,2024-10-26,2025-12-05,closed
PO-65,SM-7,2024-04-15,08/24/2026,OPEN
PO-66,SM-4,06-10-2025,09/05/2026,closed
PO-67,SM-7,2025-09-22,2026-05-23,PARTIAL
PO-68,SM-12,02-06-2026,2025-08-17,open
PO-69,SM-17,2026-04-24,11-07-2026,partial
PO-70,SM-13,08/14/2026,09-06-2025,closed
PO-71,SM-32,07/11/2025,2024-08-02,partial
PO-72,SM-19,2026-10-02,06/25/2025,partial
PO-73,SM-15,11/20/2024,2024-07-19,open
PO-74,SM-27,2024-03-03,06-05-2025,PARTIAL
PO-75,SM-21,2025-12-18,2025-12-06,PARTIAL
PO-76,SM-12,2026-09-27,2025-08-15,PARTIAL
PO-77,SM-5,2026-08-12,2026-12-03,partial
PO-78,SM-21,19-03-2024,2024-09-08,open
PO-79,SM-29,21-09-2024,2024-08-28,OPEN
PO-80,SM-9,2026-12-20,11/11/2025,partial
PO-81,SM-6,18-08-2026,2024-01-28,partial
PO-82,SM-34,2025-11-16,2024-02-26,OPEN
PO-83,SM-25,2025-07-04,2025-08-21,closed
PO-84,SM-25,2026-07-08,22-06-2025,partial
PO-85,SM-24,12/20/2025,2026-01-01,open
PO-86,SM-3,2026-07-09,2024-06-13,OPEN
PO-87,SM-21,25-03-2026,27-05-2024,partial
PO-88,SM-6,07/28/2026,01/23/2025,PARTIAL
PO-89,SM-14,14-03-2024,05/09/2025,partial
PO-90,SM-34,2026-12-21,2024-09-08,closed
PO-91,SM-4,09/02/2026,2024-09-12,OPEN
PO-92,SM-22,2025-06-25,01/25/2025,open
PO-93,SM-39,08/27/2024,01/26/2025,closed
PO-94,SM-20,2025-08-27,2026-08-08,partial
PO-95,SM-37,2024-05-24,2026-03-19,closed
PO-96,SM-4,06/07/2026,10-03-2025,OPEN
PO-97,SM-13,02-06-2026,07/01/2024,partial
PO-98,SM-1,14-05-2024,2026-01-11,PARTIAL
PO-99,SM-13,2026-06-17,11-05-2024,PARTIAL
PO-100,SM-24,01-12-2024,05/28/2026,OPEN
PO-101,SM-29,2025-09-02,2024-02-19,PARTIAL
PO-102,SM-15,2024-05-08,2024-07-17,partial
PO-103,SM-5,2025-08-23,2024-03-16,closed
PO-104,SM-37,05/10/2024,2024-11-21,partial
PO-105,SM-37,14-03-2026,08/04/2024,OPEN
PO-106,SM-25,01/26/2025,13-04-2024,open
PO-107,SM-7,04/08/2024,04/12/2026,open
PO-108,SM-39,12/28/2025,03/21/2024,PARTIAL
PO-109,SM-4,2024-01-13,2026-09-08,partial
PO-110,SM-27,11-08-2026,2024-12-19,OPEN
PO-111,SM-25,2025-06-27,09/04/2024,closed
PO-112,SM-27,16-11-2026,04/19/2026,OPEN
PO-113,SM-7,03/18/2024,2026-11-11,partial
PO-114,SM-26,2025-07-27,04/08/2025,closed
PO-115,SM-22,04-01-2024,22-03-2024,partial
PO-116,SM-38,09/19/2024,2024-01-05,partial
PO-117,SM-5,24-08-2024,03/18/2025,OPEN
PO-118,SM-27,2025-04-18,2024-06-28,OPEN
PO-119,SM-36,2024-05-06,01/21/2026,closed
PO-120,SM-32,10/26/2026,2026-12-20,PARTIAL
PO-121,SM-21,04/05/2024,06-01-2026,closed
PO-122,SM-15,2026-12-03,2025-05-20,PARTIAL
PO-123,SM-5,13-02-2024,2025-09-14,closed
PO-124,SM-12,09/20/2025,12/13/2024,open
PO-125,SM-34,04/22/2025,06/17/2026,PARTIAL
PO-126,SM-26,2025-06-24,2025-06-17,closed
PO-127,SM-24,2025-07-12,08/05/2026,OPEN
PO-128,SM-37,2024-03-16,2024-07-27,partial
PO-129,SM-3,2025-03-13,2024-02-07,OPEN
PO-130,SM-37,18-08-2024,2026-12-23,OPEN
PO-131,SM-13,20-04-2025,2024-07-16,closed
PO-132,SM-3,2024-03-27,09/25/2024,open
PO-133,SM-8,2026-09-06,08/21/2024,open
PO-134,SM-32,2026-05-20,07/20/2024,open
PO-135,SM-20,25-11-2025,2025-06-21,open
PO-136,SM-33,11/20/2024,2024-09-22,open
PO-137,SM-25,05-06-2025,2025-04-19,open
PO-138,SM-11,2024-04-17,28-06-2025,OPEN
PO-139,SM-23,02/28/2024,2026-06-14,OPEN
PO-140,SM-3,02-05-2026,2024-01-04,PARTIAL
PO-141,SM-13,10/02/2025,26-04-2025,open
PO-142,SM-37,23-10-2025,11/14/2025,closed
PO-143,SM-13,20-03-2025,11/23/2026,PARTIAL
PO-144,SM-32,2025-11-15,2025-01-20,PARTIAL
PO-145,SM-5,2025-04-08,2025-06-19,OPEN
PO-146,SM-37,2024-08-02,10/23/2025,open
PO-147,SM-18,2025-08-03,24-11-2024,PARTIAL
PO-148,SM-18,2025-05-18,10/07/2026,PARTIAL
PO-149,SM-26,24-11-2024,2024-08-28,partial
PO-150,SM-8,2025-06-12,2026-05-23,open
PO-151,SM-24,2025-09-21,04-05-2026,closed
PO-152,SM-20,11-03-2026,08-05-2024,open
PO-153,SM-39,2025-11-02,03/04/2025,open
PO-154,SM-16,07/05/2025,2025-07-24,PARTIAL
PO-155,SM-21,2025-08-26,2024-04-12,open
PO-156,SM-7,09/02/2024,02/04/2025,open
PO-157,SM-27,17-07-2026,06-07-2024,PARTIAL
PO-158,SM-13,10/11/2026,2024-06-21,closed
PO-159,SM-17,25-04-2025,19-12-2024,open
PO-160,SM-4,2024-08-11,2026-06-11,open
PO-161,SM-27,11/09/2024,01-09-2024,OPEN
PO-162,SM-16,2026-10-26,02/12/2025,partial
PO-163,SM-22,2025-12-18,05/06/2024,partial
PO-164,SM-3,2026-10-09,2025-05-13,PARTIAL
PO-165,SM-34,2024-05-07,02-04-2024,OPEN
PO-166,SM-37,2025-06-19,03/11/2026,closed
PO-167,SM-3,2026-08-27,2026-01-02,partial
PO-168,SM-33,2024-11-25,09/10/2026,PARTIAL
PO-169,SM-3,09/11/2025,05-08-2025,open
PO-170,SM-28,11/11/2026,2024-07-20,OPEN
PO-171,SM-15,12-02-2026,09-08-2026,open
PO-172,SM-24,04/25/2024,2026-07-28,OPEN
PO-173,SM-1,2025-01-11,28-10-2024,OPEN
PO-174,SM-35,2024-12-28,2025-12-08,closed
PO-175,SM-1,02/16/2025,07/07/2026,partial
PO-176,SM-20,2026-12-12,02/04/2025,closed
PO-177,SM-9,2026-08-16,2026-02-16,partial
PO-178,SM-19,03-09-2025,2025-11-06,closed
PO-179,SM-11,24-11-2025,2026-11-06,partial
PO-180,SM-31,17-04-2025,2025-04-15,closed
PO-181,SM-16,28-07-2024,10/20/2025,PARTIAL
PO-182,SM-20,11/20/2024,2025-09-27,closed
PO-183,SM-11,2024-01-02,2026-07-25,closed
PO-184,SM-28,2024-04-20,2024-04-16,partial
PO-185,SM-19,13-05-2025,13-01-2025,partial
PO-186,SM-26,09/06/2025,03/12/2026,open
PO-187,SM-33,2025-04-14,2025-08-01,closed
PO-188,SM-34,26-09-2024,03/11/2024,closed
PO-189,SM-2,06/07/2025,2026-11-09,PARTIAL
PO-190,SM-28,07/13/2025,07/24/2024,PARTIAL
PO-191,SM-40,2026-05-09,2024-05-04,OPEN
PO-192,SM-21,2025-10-06,25-01-2026,closed
PO-193,SM-16,11/28/2024,27-07-2024,OPEN
PO-194,SM-40,2026-06-19,11/02/2024,OPEN
PO-195,SM-34,2026-02-18,03-08-2024,closed
PO-196,SM-24,11-11-2024,09/18/2026,PARTIAL
PO-197,SM-31,2026-02-02,08/13/2024,OPEN
PO-198,SM-19,2024-12-09,2024-10-09,OPEN
PO-199,SM-18,10/08/2026,11/03/2025,open
PO-200,SM-24,20-03-2026,2024-04-27,partial
PO-201,SM-37,2025-08-04,24-05-2025,PARTIAL
PO-202,SM-16,2024-08-26,2024-08-28,open
PO-203,SM-34,2025-07-10,01-03-2025,closed
PO-204,SM-6,12/18/2025,2025-03-16,PARTIAL
PO-205,SM-13,12-01-2024,01/18/2025,PARTIAL
PO-206,SM-22,2026-10-12,03/21/2026,open
PO-207,SM-19,05-02-2025,2024-08-05,closed
PO-208,SM-12,03/16/2024,10/10/2026,closed
PO-209,SM-23,2024-08-09,18-12-2024,OPEN
PO-210,SM-35,2025-07-26,2024-03-13,open
PO-211,SM-6,07/23/2025,2025-10-27,closed
PO-212,SM-31,03/02/2024,11/10/2026,PARTIAL
PO-213,SM-21,2026-12-07,20-03-2026,PARTIAL
PO-214,SM-5,06-10-2026,06/06/2025,closed
PO-215,SM-23,12/23/2025,2026-09-26,closed
PO-216,SM-39,2026-08-25,2024-09-26,OPEN
PO-217,SM-17,2024-08-20,2024-05-24,PARTIAL
PO-218,SM-25,02-12-2026,2024-01-27,closed
PO-219,SM-37,2026-08-14,08/09/2024,OPEN
PO-220,SM-33,12/02/2025,2026-08-11,open
PO-221,SM-15,2025-12-28,02/03/2025,partial
PO-222,SM-13,2026-09-17,2026-10-07,PARTIAL
PO-223,SM-19,2025-06-25,2025-12-01,open
PO-224,SM-31,2024-08-25,2024-07-24,closed
PO-225,SM-22,2025-01-21,2024-12-25,open
PO-226,SM-33,09/10/2026,2024-01-19,OPEN
PO-227,SM-19,2025-08-23,10/04/2024,OPEN
PO-228,SM-9,2026-12-02,2026-08-19,partial
PO-229,SM-14,2026-10-09,14-08-2025,closed
PO-230,SM-35,2024-03-23,2024-10-01,closed
PO-231,SM-18,2025-12-10,01/16/2024,partial
PO-232,SM-22,01-05-2024,2024-01-01,PARTIAL
PO-233,SM-25,2026-09-18,2026-03-18,partial
PO-234,SM-31,2026-03-01,05-02-2025,open
PO-235,SM-30,09/06/2025,06-04-2025,PARTIAL
PO-236,SM-14,12-04-2025,03/07/2025,open
PO-237,SM-32,22-04-2024,11-02-2025,PARTIAL
PO-238,SM-13,01/20/2026,15-03-2026,open
PO-239,SM-32,2024-09-24,2024-05-16,closed
PO-240,SM-35,2026-04-13,03/12/2025,PARTIAL
PO-241,SM-29,09/12/2025,11-05-2025,OPEN
PO-242,SM-32,04/05/2024,09/20/2026,closed
PO-243,SM-29,2025-10-05,2026-07-09,closed
PO-244,SM-39,10/21/2025,2024-06-06,closed
PO-245,SM-16,01/07/2025,2025-09-19,open
PO-246,SM-1,28-09-2026,06/14/2026,OPEN
PO-247,SM-9,01/21/2026,2026-09-05,OPEN
PO-248,SM-23,2025-03-18,2025-04-08,closed
PO-249,SM-13,2026-05-13,01/12/2026,closed
PO-250,SM-29,12/16/2026,2024-02-09,open
PO-251,SM-8,2025-07-14,24-01-2025,PARTIAL
PO-252,SM-34,2025-08-26,2025-05-08,open
PO-253,SM-23,02/28/2026,2025-06-28,open
PO-254,SM-35,09/25/2026,2025-03-21,PARTIAL
PO-255,SM-26,01-09-2026,06/16/2026,partial
PO-256,SM-3,2026-06-09,2026-01-22,closed
PO-257,SM-16,02/06/2024,2024-10-25,OPEN
PO-258,SM-35,2025-08-13,06-01-2026,OPEN
PO-259,SM-14,11/25/2025,2024-11-12,partial
PO-260,SM-25,2024-12-03,2025-11-18,open
PO-261,SM-40,08-04-2026,2025-02-28,partial
PO-262,SM-27,2024-11-01,02/13/2024,PARTIAL
PO-263,SM-13,2025-05-07,24-01-2025,partial
PO-264,SM-1,02/06/2026,2025-11-15,closed
PO-265,SM-39,2026-07-03,02-07-2026,partial
PO-266,SM-20,2026-12-22,2024-07-24,partial
PO-267,SM-35,2026-11-15,2026-12-11,closed
PO-268,SM-28,18-09-2024,21-08-2025,open
PO-269,SM-23,08/02/2024,2026-10-08,OPEN
PO-270,SM-31,2026-02-26,2024-12-25,partial
PO-271,SM-16,06-08-2025,2026-02-12,OPEN
PO-272,SM-31,2025-07-03,05-04-2026,OPEN
PO-273,SM-4,2025-07-11,2026-02-22,PARTIAL
PO-274,SM-36,10/19/2024,2026-12-02,closed
PO-275,SM-20,10/25/2026,2026-04-26,open
PO-276,SM-20,03/19/2026,06/09/2026,open
PO-277,SM-28,13-02-2026,02/01/2026,open
PO-278,SM-17,03-03-2024,2024-09-04,open
PO-279,SM-21,2025-11-18,2024-09-04,open
PO-280,SM-9,05/08/2024,18-09-2026,PARTIAL
PO-281,SM-29,05/23/2026,2024-06-07,open
PO-282,SM-2,2026-01-22,2025-04-23,closed
PO-283,SM-21,08-04-2025,2024-10-03,partial
PO-284,SM-15,03/16/2025,07/18/2025,open
PO-285,SM-25,2025-04-01,06-05-2025,PARTIAL
PO-286,SM-29,2024-12-16,2025-04-15,partial
PO-287,SM-31,12-09-2026,2025-12-07,OPEN
PO-288,SM-13,10/01/2024,22-08-2026,PARTIAL
PO-289,SM-16,2024-12-26,12/02/2025,partial
PO-290,SM-4,27-03-2024,2025-03-20,PARTIAL
PO-291,SM-21,2026-07-08,04-03-2026,open
PO-292,SM-12,2025-04-18,03/10/2025,closed
PO-293,SM-12,2025-04-08,01/23/2026,open
PO-294,SM-8,2024-02-07,2026-04-08,PARTIAL
PO-295,SM-37,19-12-2025,2024-09-04,partial
PO-296,SM-20,2024-02-16,2026-02-27,open
PO-297,SM-22,2026-11-26,17-05-2026,open
PO-298,SM-2,22-06-2025,2024-08-22,partial
PO-299,SM-2,20-12-2026,04/03/2024,closed
PO-300,SM-12,03-05-2025,2025-05-27,PARTIAL
PO-301,SM-38,2025-06-01,12/01/2026,OPEN
PO-302,SM-12,2026-04-23,10/16/2025,partial
PO-303,SM-39,2026-07-11,07/03/2024,PARTIAL
PO-304,SM-22,02-07-2024,2025-03-23,open
PO-305,SM-9,21-01-2024,2024-01-27,open
PO-306,SM-39,05/11/2026,06/04/2025,OPEN
PO-307,SM-2,2025-01-23,2025-01-08,closed
PO-308,SM-37,2025-06-16,2026-05-18,OPEN
PO-309,SM-23,2026-09-18,2025-02-24,partial
PO-310,SM-18,27-10-2026,2026-09-20,partial
PO-311,SM-11,2025-03-28,08/04/2024,PARTIAL
PO-312,SM-1,01/25/2024,05-10-2025,OPEN
PO-313,SM-6,2024-02-23,21-07-2024,PARTIAL
PO-314,SM-6,2026-01-21,02/21/2025,partial
PO-315,SM-39,22-12-2025,11/06/2025,OPEN
PO-316,SM-8,2026-01-17,17-04-2025,OPEN
PO-317,SM-33,2025-05-18,01/09/2026,partial
PO-318,SM-16,10/25/2026,2024-11-26,PARTIAL
PO-319,SM-5,2025-09-16,2024-01-03,open
PO-320,SM-18,2024-09-27,07-08-2026,partial
PO-321,SM-11,01/20/2024,08/03/2024,OPEN
PO-322,SM-39,22-03-2026,2024-10-10,open
PO-323,SM-16,05/03/2025,11/03/2026,OPEN
PO-324,SM-14,2026-06-28,2025-01-10,open
PO-325,SM-19,04/13/2026,2025-12-16,open
PO-326,SM-13,05-06-2024,2024-02-07,partial
PO-327,SM-12,2024-10-02,08/13/2024,closed
PO-328,SM-32,04/18/2024,08-09-2025,PARTIAL
PO-329,SM-40,2024-02-09,2025-02-10,open
PO-330,SM-27,22-07-2025,2026-05-03,partial
PO-331,SM-16,2026-03-19,2026-02-11,OPEN
PO-332,SM-23,28-11-2025,2024-08-09,PARTIAL
PO-333,SM-29,12/11/2024,2026-01-01,open
PO-334,SM-38,2026-07-04,2025-06-18,partial
PO-335,SM-6,27-04-2026,2025-09-14,closed
PO-336,SM-24,2024-08-04,21-05-2026,partial
PO-337,SM-20,2024-09-26,2025-09-02,open
PO-338,SM-8,2024-11-28,22-10-2024,OPEN
PO-339,SM-10,2024-11-21,01/07/2025,closed
PO-340,SM-35,2026-07-20,06/27/2025,partial
PO-341,SM-1,26-09-2025,12/19/2024,OPEN
PO-342,SM-29,06/27/2024,18-06-2025,open
PO-343,SM-20,2025-01-14,2025-08-07,partial
PO-344,SM-21,2025-07-19,2024-02-06,OPEN
PO-345,SM-3,17-01-2025,2026-02-17,closed
PO-346,SM-20,2024-06-04,09/19/2025,partial
PO-347,SM-27,2025-01-21,20-07-2026,partial
PO-348,SM-12,2026-08-07,03-10-2024,OPEN
PO-349,SM-13,2024-05-24,2025-03-19,open
PO-350,SM-27,24-09-2025,28-06-2024,open
PO-351,SM-5,2025-07-28,04/01/2026,open
PO-352,SM-11,10/06/2026,12-06-2024,open
PO-353,SM-39,10/18/2024,2024-07-23,PARTIAL
PO-354,SM-3,2024-02-28,10/12/2026,OPEN
PO-355,SM-28,09/24/2025,21-03-2024,PARTIAL
PO-356,SM-23,2024-05-23,02/06/2026,partial
PO-357,SM-40,2025-11-22,2024-07-17,open
PO-358,SM-28,2026-03-07,2025-09-02,PARTIAL
PO-359,SM-4,02/07/2025,2025-08-25,PARTIAL
PO-360,SM-36,05/24/2026,02/28/2024,partial
PO-361,SM-8,25-10-2026,10-03-2026,open
PO-362,SM-30,2026-04-05,2026-04-21,OPEN
PO-363,SM-26,2025-02-23,2025-11-18,partial
PO-364,SM-38,03-05-2024,2025-01-05,OPEN
PO-365,SM-38,01-12-2026,2024-05-07,PARTIAL
PO-366,SM-15,2025-03-06,04/04/2024,OPEN
PO-367,SM-32,10-11-2026,10/01/2024,PARTIAL
PO-368,SM-35,22-07-2026,2025-05-28,OPEN
PO-369,SM-39,2024-03-06,2026-08-12,OPEN
PO-370,SM-11,12/19/2024,2025-01-06,OPEN
PO-371,SM-21,02/01/2024,2026-02-19,PARTIAL
PO-372,SM-18,2024-08-11,2025-11-18,closed
PO-373,SM-10,2025-06-09,08-04-2026,closed
PO-374,SM-29,2024-04-01,2026-08-12,PARTIAL
PO-375,SM-37,2024-06-02,01/22/2026,OPEN
PO-376,SM-5,10/14/2025,01/18/2024,PARTIAL
PO-377,SM-13,01/06/2024,2025-10-07,closed
PO-378,SM-32,2025-04-15,2024-05-13,partial
PO-379,SM-27,2025-05-15,15-10-2026,open
PO-380,SM-39,01/18/2024,2026-12-01,OPEN
PO-381,SM-22,15-08-2024,2026-06-02,closed
PO-382,SM-8,03-01-2024,10-05-2026,OPEN
PO-383,SM-35,2026-10-18,2026-03-06,OPEN
PO-384,SM-6,11/02/2025,2025-03-24,partial
PO-385,SM-10,2026-07-23,2026-02-24,OPEN
PO-386,SM-35,11/17/2025,2025-09-11,PARTIAL
PO-387,SM-36,03/27/2024,2026-06-11,PARTIAL
PO-388,SM-2,09/17/2026,21-01-2025,OPEN
PO-389,SM-5,12/05/2024,01/05/2026,PARTIAL
PO-390,SM-39,2026-06-02,2024-01-28,closed
PO-391,SM-11,2024-12-16,2025-06-16,OPEN
PO-392,SM-34,20-02-2026,01/17/2025,partial
PO-393,SM-12,01/16/2025,10/05/2026,OPEN
PO-394,SM-25,08-01-2025,06/27/2025,partial
PO-395,SM-6,2026-09-03,08/22/2026,partial
PO-396,SM-32,2025-11-04,02/07/2024,partial
PO-397,SM-32,01/07/2026,2024-09-13,PARTIAL
PO-398,SM-33,03/03/2026,2024-05-28,PARTIAL
PO-399,SM-5,11/02/2025,06-06-2024,partial
PO-400,SM-2,2025-06-15,2024-03-09,partial
PO-401,SM-36,07-04-2025,10/27/2024,OPEN
PO-402,SM-14,2025-02-07,05/21/2024,closed
PO-403,SM-22,22-09-2025,15-08-2024,OPEN
PO-404,SM-33,12-07-2025,28-04-2025,PARTIAL
PO-405,SM-16,2025-10-18,2024-07-09,partial
PO-406,SM-36,2026-10-11,2026-06-03,OPEN
PO-407,SM-40,2026-02-06,2026-01-19,closed
PO-408,SM-7,03/25/2024,04/18/2025,open
PO-409,SM-26,06/12/2025,02/18/2026,PARTIAL
PO-410,SM-40,28-12-2026,2026-03-26,PARTIAL
PO-411,SM-6,02-03-2026,08/01/2025,open
PO-412,SM-2,2026-07-22,26-07-2024,OPEN
PO-413,SM-37,06/02/2024,2025-02-12,open
PO-414,SM-1,2026-08-12,2026-10-11,open
PO-415,SM-2,02/21/2026,2024-06-23,PARTIAL
PO-416,SM-35,10/03/2025,2026-07-28,closed
PO-417,SM-29,2026-09-07,12/23/2025,closed
PO-418,SM-15,2026-03-02,06-03-2026,open
PO-419,SM-4,08-03-2026,07-08-2024,closed
PO-420,SM-16,10/23/2025,2025-07-01,closed
PO-421,SM-5,2025-07-10,01/23/2024,closed
PO-422,SM-2,07/24/2024,12-11-2024,open
PO-423,SM-39,2026-08-21,06/05/2026,closed
PO-424,SM-27,2025-12-12,2025-09-17,closed
PO-425,SM-6,09/03/2025,11-03-2024,partial
PO-426,SM-21,2025-09-10,2025-05-08,open
PO-427,SM-40,03/03/2024,16-02-2024,PARTIAL
PO-428,SM-1,11/26/2026,04/20/2026,PARTIAL
PO-429,SM-13,2026-02-08,12/01/2024,closed
PO-430,SM-33,01-05-2024,10/21/2025,partial
PO-431,SM-27,03/04/2026,18-07-2024,closed
PO-432,SM-40,2024-10-25,09-03-2024,PARTIAL
PO-433,SM-30,2025-10-21,2024-10-28,closed
PO-434,SM-2,05/21/2026,2026-06-22,closed
PO-435,SM-33,14-05-2026,27-02-2024,PARTIAL
PO-436,SM-31,2024-06-13,08/23/2024,PARTIAL
PO-437,SM-5,2024-12-09,09-11-2024,PARTIAL
PO-438,SM-31,01/26/2024,07/20/2024,partial
PO-439,SM-4,23-04-2026,2024-06-16,PARTIAL
PO-440,SM-23,12/08/2026,16-11-2026,open
PO-441,SM-21,10/24/2025,2025-10-15,open
PO-442,SM-27,2025-08-06,2026-09-18,open
PO-443,SM-24,2024-07-26,2024-07-24,OPEN
PO-444,SM-21,10-08-2025,2025-01-14,PARTIAL
PO-445,SM-1,2025-05-20,2024-12-21,open
PO-446,SM-16,2025-05-03,05-05-2026,OPEN
PO-447,SM-6,23-06-2026,11/28/2026,PARTIAL
PO-448,SM-35,2026-05-08,28-06-2025,open
PO-449,SM-40,2024-09-01,2025-10-02,closed
PO-450,SM-28,25-04-2026,12/09/2025,partial
PO-451,SM-30,10/06/2025,15-03-2025,closed
PO-452,SM-31,2024-10-21,2026-01-13,closed
PO-453,SM-10,2026-08-20,24-06-2025,open
PO-454,SM-13,10-12-2026,2026-02-20,PARTIAL
PO-455,SM-1,14-01-2026,27-05-2024,closed
PO-456,SM-30,2025-09-27,2026-10-01,PARTIAL
PO-457,SM-8,23-02-2026,11-07-2026,OPEN
PO-458,SM-15,22-07-2025,2026-02-27,OPEN
PO-459,SM-24,2025-09-05,08-09-2026,OPEN
PO-460,SM-4,04-10-2025,2026-09-17,open
PO-461,SM-13,08/21/2024,07/21/2025,open
PO-462,SM-23,2026-10-05,10-12-2026,PARTIAL
PO-463,SM-40,2026-01-15,05/21/2025,partial
PO-464,SM-15,2024-10-24,06/10/2026,PARTIAL
PO-465,SM-22,09-12-2024,10/01/2024,PARTIAL
PO-466,SM-7,2025-06-04,2026-08-25,OPEN
PO-467,SM-35,2024-01-13,03/18/2025,PARTIAL
PO-468,SM-33,2026-12-21,01/27/2024,OPEN
PO-469,SM-1,2025-02-22,2025-07-20,closed
PO-470,SM-23,2026-07-21,02/26/2026,PARTIAL
PO-471,SM-16,03/23/2025,07/22/2024,OPEN
PO-472,SM-9,2026-01-14,03/27/2025,partial
PO-473,SM-4,2024-11-05,27-06-2024,OPEN
PO-474,SM-1,02-10-2025,2026-01-27,open
PO-475,SM-12,25-03-2024,05/17/2026,PARTIAL
PO-476,SM-22,2026-05-18,2026-04-08,partial
PO-477,SM-26,21-01-2024,04/03/2026,open
PO-478,SM-9,18-12-2025,2025-01-28,OPEN
PO-479,SM-40,2026-12-09,2026-01-22,open
PO-480,SM-37,2024-06-20,2024-02-17,partial
PO-481,SM-24,2026-07-07,2025-09-06,PARTIAL
PO-482,SM-6,2024-11-11,16-04-2026,closed
PO-483,SM-8,2026-07-25,2024-10-27,PARTIAL
PO-484,SM-12,2024-06-22,01/26/2025,PARTIAL
PO-485,SM-1,26-01-2024,2025-08-10,PARTIAL
PO-486,SM-15,19-09-2025,2025-01-17,PARTIAL
PO-487,SM-30,02-05-2024,04/14/2026,open
PO-488,SM-6,2025-07-24,2024-08-07,OPEN
PO-489,SM-4,05/26/2025,19-06-2025,OPEN
PO-490,SM-40,2026-06-26,11/15/2025,partial
PO-491,SM-39,07/05/2026,2025-06-26,open
PO-492,SM-7,05/11/2024,09-07-2024,closed
PO-493,SM-29,06/25/2024,05/06/2025,OPEN
PO-494,SM-5,03/25/2025,09/25/2026,OPEN
PO-495,SM-20,06/05/2024,2026-01-02,open
PO-496,SM-9,09/08/2025,2024-08-21,open
PO-497,SM-22,12/13/2024,16-08-2026,closed
PO-498,SM-40,11/02/2025,03-09-2024,PARTIAL
PO-499,SM-27,11-08-2025,2026-12-10,PARTIAL
PO-500,SM-27,2024-12-18,2026-04-23,closed
PO-501,SM-28,2024-08-02,07/28/2026,partial
PO-502,SM-12,2026-06-23,08/12/2026,partial
PO-503,SM-6,2026-12-16,10/13/2026,closed
PO-504,SM-6,08/24/2026,02/27/2026,closed
PO-505,SM-12,07-04-2024,14-05-2026,OPEN
PO-506,SM-16,2024-04-26,2024-09-15,closed
PO-507,SM-2,2026-09-04,2024-10-24,OPEN
PO-508,SM-34,02/24/2026,11-10-2026,OPEN
PO-509,SM-14,12/08/2025,03/24/2024,closed
PO-510,SM-1,2024-12-27,2025-07-19,open
PO-511,SM-31,2024-09-14,2025-11-27,open
PO-512,SM-10,02/10/2025,2026-02-21,partial
PO-513,SM-22,2024-07-23,2025-12-27,closed
PO-514,SM-15,14-10-2025,05/07/2024,open
PO-515,SM-18,06/07/2025,2024-11-09,OPEN
PO-516,SM-11,01/18/2024,03/28/2026,PARTIAL
PO-517,SM-24,2024-12-05,2026-12-04,OPEN
PO-518,SM-20,20-11-2026,08/16/2024,PARTIAL
PO-519,SM-11,17-12-2025,28-02-2026,PARTIAL
PO-520,SM-18,08/18/2024,01/07/2025,PARTIAL
PO-521,SM-23,2025-09-25,2026-08-13,open
PO-522,SM-36,2026-09-27,2024-03-06,open
PO-523,SM-39,12-06-2025,2026-09-21,partial
PO-524,SM-2,09/01/2024,2024-01-19,closed
PO-525,SM-32,2026-06-11,08/11/2025,PARTIAL
PO-526,SM-39,20-10-2024,2025-05-17,PARTIAL
PO-527,SM-9,2026-01-14,2025-11-21,closed
PO-528,SM-35,2026-11-04,02-01-2026,closed
PO-529,SM-28,09/17/2025,04/25/2026,closed
PO-530,SM-6,2025-08-25,2025-12-06,OPEN
PO-531,SM-17,12/17/2024,2025-09-04,open
PO-532,SM-11,21-11-2024,2026-05-24,PARTIAL
PO-533,SM-35,12/26/2024,2025-06-26,OPEN
PO-534,SM-11,22-07-2024,04/25/2024,open
PO-535,SM-29,2025-06-15,08/27/2024,closed
PO-536,SM-16,2025-08-16,2024-07-22,partial
PO-537,SM-36,2025-08-06,2025-10-16,closed
PO-538,SM-5,11/04/2026,2026-03-06,OPEN
PO-539,SM-38,2026-06-06,09/26/2024,PARTIAL
PO-540,SM-36,01/16/2025,2025-01-25,closed
PO-541,SM-6,09/27/2024,2024-10-12,OPEN
PO-542,SM-28,2026-10-11,2025-02-17,OPEN
PO-543,SM-7,06/15/2026,2025-11-23,OPEN
PO-544,SM-23,12-09-2024,2026-06-04,PARTIAL
PO-545,SM-27,2026-10-26,02/17/2024,PARTIAL
PO-546,SM-11,2025-04-23,02/26/2024,PARTIAL
PO-547,SM-21,2024-03-08,2024-03-27,closed
PO-548,SM-21,2024-06-02,04/19/2026,closed
PO-549,SM-11,09-05-2026,07/01/2024,open
PO-550,SM-23,28-11-2025,2024-07-13,partial
PO-551,SM-33,2026-02-26,26-02-2024,partial
PO-552,SM-27,04/10/2026,08-03-2025,closed
PO-553,SM-4,05-05-2026,2024-05-25,PARTIAL
PO-554,SM-16,2024-02-14,2025-12-27,partial
PO-555,SM-39,25-07-2026,2025-07-28,open
PO-556,SM-40,05/23/2025,10/23/2025,OPEN
PO-557,SM-30,19-03-2024,2024-09-06,partial
PO-558,SM-21,2025-11-04,2025-11-09,OPEN
PO-559,SM-22,07/06/2025,08/13/2026,OPEN
PO-560,SM-17,2025-12-06,11/17/2025,partial
PO-561,SM-18,03-04-2025,01/26/2025,open
PO-562,SM-28,10/13/2025,2025-10-14,PARTIAL
PO-563,SM-27,10/09/2025,07/12/2024,open
PO-564,SM-25,2026-08-26,2025-05-21,open
PO-565,SM-23,2024-10-24,2025-07-11,partial
PO-566,SM-8,04-04-2025,11/07/2025,closed
PO-567,SM-37,2025-03-22,06/10/2024,OPEN
PO-568,SM-18,25-12-2024,07/11/2024,partial
PO-569,SM-31,2025-02-13,2025-01-27,OPEN
PO-570,SM-33,2024-12-12,2024-10-06,partial
PO-571,SM-40,24-08-2024,2025-05-08,closed
PO-572,SM-16,2025-01-11,2026-11-28,OPEN
PO-573,SM-22,2025-04-21,2024-07-06,open
PO-574,SM-15,15-06-2024,03/17/2024,OPEN
PO-575,SM-6,2024-06-25,2024-03-12,open
PO-576,SM-14,04/27/2024,04/09/2024,open
PO-577,SM-40,2024-07-02,2026-02-17,open
PO-578,SM-2,2026-09-27,12/18/2026,PARTIAL
PO-579,SM-27,21-12-2026,2025-04-06,OPEN
PO-580,SM-23,2024-05-05,03/25/2024,closed
PO-581,SM-9,09/25/2024,03/07/2026,open
PO-582,SM-8,21-09-2024,04/06/2026,closed
PO-583,SM-31,2024-09-06,2026-08-12,OPEN
PO-584,SM-33,2024-10-22,2026-02-08,OPEN
PO-585,SM-22,2024-05-19,11/25/2024,partial
PO-586,SM-9,2024-12-05,01/17/2026,OPEN
PO-587,SM-3,2024-05-01,27-12-2024,closed
PO-588,SM-4,2025-06-17,2025-06-12,OPEN
PO-589,SM-24,2025-11-19,2025-12-24,open
PO-590,SM-1,05/25/2024,2024-08-04,partial
PO-591,SM-26,2025-03-06,06-01-2025,OPEN
PO-592,SM-28,03/06/2024,2025-03-21,PARTIAL
PO-593,SM-18,2025-03-20,2025-12-27,partial
PO-594,SM-26,2026-10-19,2025-06-08,closed
PO-595,SM-39,2025-05-04,2024-04-11,PARTIAL
PO-596,SM-37,2025-04-03,05/21/2025,closed
PO-597,SM-30,2025-08-21,20-06-2025,OPEN
PO-598,SM-17,01/12/2025,2026-10-25,partial
PO-599,SM-4,05-11-2025,17-12-2025,closed
PO-600,SM-32,2025-02-03,2025-07-21,PARTIAL
PO-601,SM-38,2024-10-20,2025-04-15,OPEN
PO-602,SM-8,02/28/2024,10-01-2026,PARTIAL
PO-603,SM-18,2026-05-21,2026-10-22,open
PO-604,SM-34,2026-10-07,06-07-2026,PARTIAL
PO-605,SM-25,09/22/2026,2024-06-04,PARTIAL
PO-606,SM-5,2025-01-17,2025-03-21,partial
PO-607,SM-31,02/10/2024,2025-08-01,partial
PO-608,SM-33,2026-12-03,22-06-2025,OPEN
PO-609,SM-15,2024-04-21,2026-04-02,PARTIAL
PO-610,SM-17,2026-12-01,08/21/2025,partial
PO-611,SM-8,2024-09-28,11-08-2026,OPEN
PO-612,SM-32,08/01/2026,2025-02-22,OPEN
PO-613,SM-4,2026-08-15,20-03-2025,OPEN
PO-614,SM-22,2025-09-24,2024-03-17,closed
PO-615,SM-24,13-02-2025,2025-05-26,OPEN
PO-616,SM-12,26-06-2025,01/07/2026,closed
PO-617,SM-8,2024-01-17,2025-03-08,closed
PO-618,SM-28,2026-10-03,21-10-2024,partial
PO-619,SM-12,05/18/2024,2026-04-10,open
PO-620,SM-14,03/01/2026,09/22/2024,closed
PO-621,SM-28,11/08/2026,07/11/2025,PARTIAL
PO-622,SM-12,12/17/2026,05/19/2026,open
PO-623,SM-1,05/02/2024,08/15/2024,closed
PO-624,SM-8,2025-09-04,05/17/2024,partial
PO-625,SM-36,01/15/2025,2026-01-22,closed
PO-626,SM-33,2026-08-07,19-04-2026,open
PO-627,SM-18,2025-02-22,2024-02-24,PARTIAL
PO-628,SM-30,05-09-2025,28-06-2025,OPEN
PO-629,SM-17,19-07-2026,2025-03-14,open
PO-630,SM-21,2025-08-27,10/09/2025,open
PO-631,SM-5,2026-01-03,2024-01-28,OPEN
PO-632,SM-5,2026-03-14,2025-05-09,PARTIAL
PO-633,SM-26,2025-04-26,2026-09-05,closed
PO-634,SM-30,18-07-2024,19-05-2025,closed
PO-635,SM-23,2025-10-18,2026-10-02,closed
PO-636,SM-28,2026-01-26,2026-01-01,PARTIAL
PO-637,SM-22,2026-06-15,2025-05-15,OPEN
PO-638,SM-21,20-07-2026,05/12/2024,closed
PO-639,SM-3,04/25/2024,2025-02-03,closed
PO-640,SM-28,2024-11-08,2026-07-20,open
PO-641,SM-11,05-04-2024,19-05-2024,closed
PO-642,SM-31,09/04/2026,05/05/2025,PARTIAL
PO-643,SM-33,2025-11-25,11/15/2025,open
PO-644,SM-17,12/03/2024,2024-11-13,PARTIAL
PO-645,SM-13,2025-11-05,02/17/2024,OPEN
PO-646,SM-38,04/06/2024,02/15/2024,closed
PO-647,SM-31,25-11-2025,2026-01-09,partial
PO-648,SM-32,2024-03-15,2025-08-18,PARTIAL
PO-649,SM-38,2026-04-04,12-12-2026,partial
PO-650,SM-8,07/04/2025,2025-10-14,open
PO-651,SM-27,2025-08-12,10/10/2026,partial
PO-652,SM-31,2024-12-06,2026-05-13,PARTIAL
PO-653,SM-17,2024-12-04,2026-01-05,open
PO-654,SM-17,12/20/2026,2026-03-21,partial
PO-655,SM-20,24-04-2026,05/19/2026,open
PO-656,SM-37,08/28/2025,2024-06-05,partial
PO-657,SM-27,2024-03-14,2026-11-28,open
PO-658,SM-29,07-06-2026,14-02-2025,OPEN
PO-659,SM-13,2024-08-19,2026-02-08,partial
PO-660,SM-11,2024-06-15,2024-02-26,PARTIAL
PO-661,SM-5,02/11/2025,06-09-2025,PARTIAL
PO-662,SM-11,2024-08-14,2024-02-03,open
PO-663,SM-26,12/26/2024,11/21/2026,PARTIAL
PO-664,SM-7,2024-11-07,07/13/2024,closed
PO-665,SM-9,28-02-2024,03/11/2025,open
PO-666,SM-32,03/15/2024,2026-06-19,OPEN
PO-667,SM-30,2024-04-28,2026-08-25,partial
PO-668,SM-22,04-11-2026,2026-09-15,OPEN
PO-669,SM-4,2024-03-01,2024-04-04,partial
PO-670,SM-4,2025-08-28,2025-05-14,PARTIAL
PO-671,SM-36,2024-01-06,25-07-2026,PARTIAL
PO-672,SM-20,03/19/2024,01-03-2024,open
PO-673,SM-2,06-04-2025,21-02-2026,PARTIAL
PO-674,SM-4,2025-03-21,23-07-2025,open
PO-675,SM-31,06/10/2025,2026-09-19,PARTIAL
PO-676,SM-7,2024-05-25,2024-07-21,PARTIAL
PO-677,SM-29,2025-03-27,2025-03-19,closed
PO-678,SM-29,2025-05-03,10/28/2025,PARTIAL
PO-679,SM-5,2024-10-19,19-02-2024,open
PO-680,SM-10,11/04/2024,2024-04-14,partial
PO-681,SM-32,02/23/2025,12/08/2025,PARTIAL
PO-682,SM-12,2026-09-17,05/05/2025,closed
PO-683,SM-26,03/05/2024,2024-03-28,open
PO-684,SM-19,2024-11-15,2025-01-10,PARTIAL
PO-685,SM-22,04-11-2024,2024-08-10,closed
PO-686,SM-28,11/03/2025,08/28/2026,partial
PO-687,SM-13,08/28/2026,17-08-2025,closed
PO-688,SM-7,2026-05-01,08/19/2026,open
PO-689,SM-8,01/03/2024,2025-02-26,closed
PO-690,SM-27,03-05-2025,03/21/2025,closed
PO-691,SM-24,2026-04-12,2024-01-22,PARTIAL
PO-692,SM-11,10/12/2024,2026-04-18,OPEN
PO-693,SM-36,07/07/2025,2024-11-23,closed
PO-694,SM-9,2025-07-04,2026-10-20,OPEN
PO-695,SM-11,2024-05-06,2025-05-16,OPEN
PO-696,SM-7,2025-05-02,2024-03-07,open
PO-697,SM-27,05/22/2024,2026-08-11,PARTIAL
PO-698,SM-31,14-02-2024,2024-08-24,open
PO-699,SM-5,04/07/2024,2026-12-01,open
PO-700,SM-2,01/14/2026,2025-01-08,OPEN
PO-701,SM-1,2024-11-17,05/14/2025,partial
PO-702,SM-22,2026-03-06,2024-10-24,open
PO-703,SM-7,05-03-2026,2025-08-23,OPEN
PO-704,SM-18,2024-08-10,2026-05-20,PARTIAL
PO-705,SM-40,10-11-2025,03/16/2024,open
PO-706,SM-14,2025-04-11,2025-05-04,PARTIAL
PO-707,SM-11,06/16/2025,03/03/2025,partial
PO-708,SM-32,22-12-2026,23-07-2024,open
PO-709,SM-26,2025-02-09,2026-09-28,OPEN
PO-710,SM-6,2025-06-20,20-02-2025,PARTIAL
PO-711,SM-31,09/24/2026,02/03/2024,PARTIAL
PO-712,SM-7,16-12-2026,2025-08-08,OPEN
PO-713,SM-13,2026-09-10,08/17/2025,PARTIAL
PO-714,SM-39,08/22/2025,2026-03-20,OPEN
PO-715,SM-34,2026-08-28,04-08-2024,OPEN
PO-716,SM-21,2026-10-12,12-02-2024,closed
PO-717,SM-33,08-11-2025,01-10-2026,closed
PO-718,SM-10,03-09-2025,05/19/2026,partial
PO-719,SM-12,2024-03-10,2026-08-26,open
PO-720,SM-26,2026-03-20,2026-05-07,open
PO-721,SM-32,2024-02-26,2024-06-28,closed
PO-722,SM-5,11/18/2024,11/22/2025,open
PO-723,SM-24,10-01-2026,18-09-2025,OPEN
PO-724,SM-29,15-05-2026,2026-10-28,OPEN
PO-725,SM-32,2026-08-04,25-01-2024,open
PO-726,SM-23,01/22/2024,28-04-2025,partial
PO-727,SM-12,06/03/2025,2026-06-13,OPEN
PO-728,SM-24,2025-08-10,20-04-2025,PARTIAL
PO-729,SM-20,10/19/2026,07/28/2025,OPEN
PO-730,SM-7,2024-08-23,2024-10-17,open
PO-731,SM-30,05/07/2026,2026-03-26,partial
PO-732,SM-3,24-10-2025,2024-06-05,OPEN
PO-733,SM-18,10/26/2024,01-05-2024,OPEN
PO-734,SM-38,2025-09-17,09/21/2024,OPEN
PO-735,SM-19,2025-04-27,2026-08-21,partial
PO-736,SM-12,12/19/2025,2024-04-06,PARTIAL
PO-737,SM-26,02/02/2024,2024-08-06,PARTIAL
PO-738,SM-33,2024-04-25,01/24/2026,closed
PO-739,SM-11,19-01-2025,07-07-2024,PARTIAL
PO-740,SM-5,26-08-2024,09/09/2026,OPEN
PO-741,SM-30,05-08-2024,2024-09-16,PARTIAL
PO-742,SM-40,10/28/2024,2026-08-08,PARTIAL
PO-743,SM-37,2026-08-09,10/23/2025,closed
PO-744,SM-37,09-04-2025,05/04/2025,PARTIAL
PO-745,SM-30,11/11/2024,05-06-2026,partial
PO-746,SM-1,2024-05-23,03/24/2025,closed
PO-747,SM-24,20-02-2025,11/05/2025,PARTIAL
PO-748,SM-37,23-03-2024,05/19/2026,partial
PO-749,SM-34,2025-07-22,16-09-2024,open
PO-750,SM-28,2026-03-26,2025-08-10,open
PO-751,SM-1,07/12/2025,04-06-2026,OPEN
PO-752,SM-15,2026-05-19,23-08-2026,open
PO-753,SM-32,02/24/2026,05/01/2024,open
PO-754,SM-3,02/28/2024,2025-11-01,OPEN
PO-755,SM-33,2026-08-07,2026-01-10,closed
PO-756,SM-40,2024-06-20,04/11/2026,closed
PO-757,SM-37,12/20/2026,2024-04-02,OPEN
PO-758,SM-30,2026-01-10,2026-01-23,PARTIAL
PO-759,SM-1,2024-06-27,2024-03-24,closed
PO-760,SM-11,2025-05-27,01/26/2024,partial
PO-761,SM-32,2025-12-27,10/02/2026,closed
PO-762,SM-3,2026-01-16,08/03/2024,PARTIAL
PO-763,SM-9,2025-12-19,2024-09-22,PARTIAL
PO-764,SM-32,14-03-2024,13-11-2025,closed
PO-765,SM-19,25-05-2025,07/10/2026,OPEN
PO-766,SM-26,04/13/2026,2026-07-24,OPEN
PO-767,SM-17,12/06/2024,2025-08-02,open
PO-768,SM-18,2025-04-02,2025-07-12,OPEN
PO-769,SM-33,2026-06-08,2026-07-01,OPEN
PO-770,SM-37,09/02/2026,2026-12-26,open
PO-771,SM-23,2026-01-04,05-05-2024,open
PO-772,SM-15,2024-03-02,2024-06-28,OPEN
PO-773,SM-1,2025-12-28,2026-12-06,open
PO-774,SM-32,2026-06-01,2024-02-07,partial
PO-775,SM-3,2025-09-17,08/04/2026,open
PO-776,SM-37,2025-06-07,2025-02-08,partial
PO-777,SM-10,03-07-2025,2024-11-21,closed
PO-778,SM-28,08/17/2025,17-08-2024,closed
PO-779,SM-10,2024-04-20,2025-12-15,PARTIAL
PO-780,SM-36,2024-01-18,2025-04-07,open
PO-781,SM-25,2025-12-12,2026-05-03,closed
PO-782,SM-23,2024-08-03,08-02-2026,open
PO-783,SM-36,04/23/2025,2024-08-05,closed
PO-784,SM-26,22-07-2026,17-10-2024,closed
PO-785,SM-4,2024-08-21,05/23/2026,PARTIAL
PO-786,SM-26,2024-05-26,2024-03-08,closed
PO-787,SM-26,06/10/2026,02/09/2026,closed
PO-788,SM-32,06/23/2026,07-03-2024,open
PO-789,SM-5,2026-10-15,06/10/2025,open
PO-790,SM-24,04/28/2024,2024-07-26,OPEN
PO-791,SM-4,2026-04-16,05/05/2025,OPEN
PO-792,SM-11,09/17/2026,03/04/2025,partial
PO-793,SM-38,2024-10-02,2024-01-15,PARTIAL
PO-794,SM-12,06/16/2024,19-04-2026,PARTIAL
PO-795,SM-24,01/23/2026,03/18/2024,closed
PO-796,SM-37,2024-07-22,01/02/2026,PARTIAL
PO-797,SM-26,11/13/2024,23-04-2025,partial
PO-798,SM-19,18-09-2025,2026-05-10,open
PO-799,SM-27,2026-05-22,10/27/2024,open
PO-800,SM-29,2024-05-18,05/09/2025,partial
PO-801,SM-36,08/01/2024,2024-01-16,open
PO-802,SM-14,2024-09-17,07-01-2024,closed
PO-803,SM-20,23-06-2025,2024-08-08,PARTIAL
PO-804,SM-29,2025-11-10,12-04-2026,PARTIAL
PO-805,SM-1,10-06-2026,2024-10-27,partial
PO-806,SM-1,28-12-2026,2024-12-02,closed
PO-807,SM-6,2026-07-06,09/06/2024,closed
PO-808,SM-33,08/20/2026,2024-11-10,partial
PO-809,SM-32,01-01-2024,26-08-2024,closed
PO-810,SM-40,07/05/2026,2024-11-18,partial
PO-811,SM-19,27-08-2026,12/16/2026,closed
PO-812,SM-19,05/11/2024,27-04-2026,PARTIAL
PO-813,SM-35,27-09-2026,14-10-2024,closed
PO-814,SM-22,12/13/2025,25-12-2024,partial
PO-815,SM-8,2024-10-17,04-10-2026,open
PO-816,SM-11,2026-03-13,03/19/2025,PARTIAL
PO-817,SM-24,12/08/2025,04/12/2024,closed
PO-818,SM-5,22-05-2024,10/23/2024,OPEN
PO-819,SM-8,2024-09-19,2026-01-16,open
PO-820,SM-37,05/22/2024,2025-04-25,partial
PO-821,SM-6,10/09/2024,2026-05-04,closed
PO-822,SM-32,25-02-2024,2026-06-15,open
PO-823,SM-7,2026-06-14,12/16/2024,open
PO-824,SM-26,2026-02-16,2026-12-17,partial
PO-825,SM-12,06/08/2026,2025-01-07,OPEN
PO-826,SM-21,06-05-2024,12/26/2025,closed
PO-827,SM-23,14-01-2025,09-09-2025,open
PO-828,SM-32,11/11/2025,2026-06-13,PARTIAL
PO-829,SM-16,12/02/2026,04/11/2025,partial
PO-830,SM-14,11/04/2026,2026-03-17,partial
PO-831,SM-34,2025-07-21,2025-08-10,PARTIAL
PO-832,SM-26,2025-09-22,07-02-2025,partial
PO-833,SM-25,12/27/2026,02-11-2026,OPEN
PO-834,SM-34,19-01-2024,28-06-2026,closed
PO-835,SM-28,2025-02-07,02/01/2024,open
PO-836,SM-33,2025-01-06,03/06/2026,closed
PO-837,SM-20,02/13/2026,2025-08-10,open
PO-838,SM-5,03/16/2026,12/23/2025,OPEN
PO-839,SM-8,2024-06-13,24-09-2026,open
PO-840,SM-14,12/12/2026,11/14/2026,closed
PO-841,SM-23,2025-01-12,11/12/2025,PARTIAL
PO-842,SM-4,02/20/2025,04-11-2025,closed
PO-843,SM-29,01/01/2024,2026-10-17,PARTIAL
PO-844,SM-25,2026-11-19,2024-05-06,closed
PO-845,SM-21,2026-09-04,03/14/2025,open
PO-846,SM-30,04/16/2025,2024-01-11,open
PO-847,SM-8,10/18/2026,2024-01-20,closed
PO-848,SM-10,2026-01-16,16-10-2025,OPEN
PO-849,SM-38,25-11-2024,02/07/2025,partial
PO-850,SM-32,09/16/2025,2025-08-20,OPEN
PO-851,SM-25,2026-05-03,12-03-2026,PARTIAL
PO-852,SM-1,2026-08-02,2024-06-06,OPEN
PO-853,SM-25,07/28/2024,2026-11-09,open
PO-854,SM-9,2025-01-22,2025-03-19,OPEN
PO-855,SM-21,15-12-2025,2025-10-09,OPEN
PO-856,SM-34,2026-08-12,2026-06-13,PARTIAL
PO-857,SM-24,2025-09-02,12/17/2024,OPEN
PO-858,SM-4,02-10-2025,2025-09-19,closed
PO-859,SM-38,2026-09-28,2024-10-25,open
PO-860,SM-8,11-12-2026,2026-02-18,PARTIAL
PO-861,SM-28,2025-06-10,2024-03-15,closed
PO-862,SM-38,02/26/2025,02/22/2025,closed
PO-863,SM-2,2025-12-22,2025-04-07,closed
PO-864,SM-11,10/27/2026,2025-12-15,open
PO-865,SM-30,2026-10-13,01/15/2026,closed
PO-866,SM-6,01-11-2025,16-08-2024,open
PO-867,SM-27,11/02/2024,08/14/2025,partial
PO-868,SM-34,02/03/2026,10-10-2026,PARTIAL
PO-869,SM-34,24-05-2025,2025-11-19,OPEN
PO-870,SM-10,24-04-2025,05-04-2026,OPEN
PO-871,SM-1,08/18/2024,03-04-2026,OPEN
PO-872,SM-4,2025-05-16,2024-07-28,PARTIAL
PO-873,SM-11,20-04-2024,08/06/2024,open
PO-874,SM-25,2026-04-08,07/16/2026,closed
PO-875,SM-36,03-06-2024,11/10/2024,closed
PO-876,SM-22,2024-08-19,2026-10-21,PARTIAL
PO-877,SM-26,2024-01-18,26-09-2024,closed
PO-878,SM-16,19-09-2024,02/01/2024,partial
PO-879,SM-29,2025-01-22,2024-09-25,open
PO-880,SM-32,2025-10-04,11/12/2024,partial
PO-881,SM-38,2026-09-09,11/20/2026,closed
PO-882,SM-5,08/06/2024,2026-12-13,OPEN
PO-883,SM-6,2024-05-18,2026-07-19,open
PO-884,SM-30,2025-04-13,2025-05-04,partial
PO-885,SM-12,2026-02-24,12/21/2025,open
PO-886,SM-18,04/05/2024,2026-03-28,partial
PO-887,SM-36,05-10-2026,12/26/2024,OPEN
PO-888,SM-12,10/11/2024,2026-10-21,open
PO-889,SM-10,28-03-2025,09/27/2024,OPEN
PO-890,SM-21,08/09/2026,2026-07-02,closed
PO-891,SM-25,24-08-2026,2026-06-26,partial
PO-892,SM-24,2025-08-18,09/28/2024,partial
PO-893,SM-23,2025-01-27,2026-04-04,partial
PO-894,SM-27,02-04-2025,12-12-2025,closed
PO-895,SM-9,05-02-2026,03/16/2024,PARTIAL
PO-896,SM-13,2026-11-21,2024-07-22,OPEN
PO-897,SM-20,12/11/2025,2025-04-15,partial
PO-898,SM-37,2026-03-07,22-09-2025,PARTIAL
PO-899,SM-34,09/20/2024,26-07-2025,OPEN
PO-900,SM-18,2026-10-25,05-10-2024,partial
PO-901,SM-37,2025-10-17,09/09/2024,OPEN
PO-902,SM-14,2024-07-18,27-04-2025,open
PO-903,SM-29,04/25/2024,10/10/2026,partial
PO-904,SM-5,2025-05-04,2024-04-22,PARTIAL
PO-905,SM-25,2025-04-10,2024-04-16,partial
PO-906,SM-10,21-05-2026,2025-03-10,PARTIAL
PO-907,SM-28,2024-07-18,2025-08-23,OPEN
PO-908,SM-30,04/27/2024,15-01-2024,OPEN
PO-909,SM-2,24-01-2026,2026-12-02,open
PO-910,SM-28,2026-06-19,17-02-2026,closed
PO-911,SM-36,06/17/2025,2025-10-19,open
PO-912,SM-1,11/02/2025,10/02/2024,closed
PO-913,SM-1,2024-04-04,02/26/2024,OPEN
PO-914,SM-23,2025-09-27,2026-09-20,open
PO-915,SM-3,2024-07-24,17-07-2026,PARTIAL
PO-916,SM-9,2026-04-23,2025-05-04,OPEN
PO-917,SM-31,2026-06-01,2025-10-11,closed
PO-918,SM-32,2024-05-13,2026-12-06,partial
PO-919,SM-39,18-05-2025,2024-11-19,PARTIAL
PO-920,SM-32,2024-09-01,08-09-2025,closed
PO-921,SM-20,2026-07-24,25-08-2025,partial
PO-922,SM-9,2025-06-20,2025-06-16,PARTIAL
PO-923,SM-7,27-04-2024,08/27/2025,PARTIAL
PO-924,SM-37,01-01-2025,2024-01-22,open
PO-925,SM-14,06/05/2026,23-09-2025,closed
PO-926,SM-9,2025-05-01,01/12/2025,closed
PO-927,SM-36,2026-03-20,2024-11-03,partial
PO-928,SM-34,11-02-2024,19-08-2025,open
PO-929,SM-4,10/07/2024,2024-08-03,OPEN
PO-930,SM-18,2025-10-01,08/26/2025,OPEN
PO-931,SM-39,2024-01-13,2025-11-11,partial
PO-932,SM-29,2024-04-07,2025-04-22,closed
PO-933,SM-4,2024-08-05,06/02/2025,OPEN
PO-934,SM-21,02/15/2026,08/17/2025,OPEN
PO-935,SM-13,04/09/2024,06/05/2026,closed
PO-936,SM-17,24-03-2026,19-06-2025,closed
PO-937,SM-1,2025-01-20,03-05-2025,closed
PO-938,SM-38,2024-06-28,06-10-2026,closed
PO-939,SM-19,08/14/2025,2026-06-24,partial
PO-940,SM-40,07/03/2024,2026-06-02,open
PO-941,SM-35,25-06-2024,25-02-2026,partial
PO-942,SM-16,07/11/2026,2026-04-06,OPEN
PO-943,SM-32,26-04-2026,09/25/2025,PARTIAL
PO-944,SM-15,05/24/2026,11-01-2025,closed
PO-945,SM-13,2024-04-18,13-09-2026,partial
PO-946,SM-18,2024-02-13,04/08/2024,closed
PO-947,SM-10,2025-01-17,18-01-2025,closed
PO-948,SM-1,2025-04-10,02-03-2026,OPEN
PO-949,SM-23,2024-02-05,10/12/2024,partial
PO-950,SM-19,08-09-2024,2024-12-14,open
PO-951,SM-1,03-07-2024,2024-03-28,open
PO-952,SM-23,2026-06-27,01-09-2026,closed
PO-953,SM-18,08/28/2026,03/25/2026,PARTIAL
PO-954,SM-35,2026-07-04,03-06-2026,PARTIAL
PO-955,SM-24,2025-05-10,2026-05-28,closed
PO-956,SM-39,05/03/2025,2026-04-20,closed
PO-957,SM-8,03/14/2024,2025-11-14,closed
PO-958,SM-1,05/23/2026,09/06/2025,OPEN
PO-959,SM-1,2026-10-19,02/02/2026,OPEN
PO-960,SM-11,2026-10-10,25-08-2025,PARTIAL
PO-961,SM-36,12/09/2025,04-10-2024,closed
PO-962,SM-3,2024-08-27,2026-09-14,OPEN
PO-963,SM-37,2025-06-20,2025-05-15,open
PO-964,SM-27,2024-11-07,2024-10-18,partial
PO-965,SM-36,2026-11-25,2024-12-01,partial
PO-966,SM-3,27-05-2026,2024-12-01,PARTIAL
PO-967,SM-7,08/05/2024,10/08/2024,open
PO-968,SM-33,2025-08-08,2025-05-25,partial
PO-969,SM-27,2026-08-05,25-03-2025,partial
PO-970,SM-3,2026-12-03,09/16/2024,partial
PO-971,SM-14,2026-06-25,11-06-2026,OPEN
PO-972,SM-19,12/03/2024,2024-08-03,closed
PO-973,SM-10,2025-02-26,2024-03-12,PARTIAL
PO-974,SM-22,10/06/2025,09/06/2024,closed
PO-975,SM-37,09/05/2025,06/05/2026,open
PO-976,SM-18,2024-05-27,02/05/2026,OPEN
PO-977,SM-2,07/03/2026,2024-10-24,open
PO-978,SM-28,21-06-2024,07/14/2025,OPEN
PO-979,SM-13,2026-02-09,2025-07-03,OPEN
PO-980,SM-18,2025-04-01,08/12/2026,open
PO-981,SM-22,10/23/2025,18-05-2024,OPEN
PO-982,SM-24,27-07-2026,05-01-2026,open
PO-983,SM-1,2024-12-15,01/22/2025,closed
PO-984,SM-39,2025-08-14,2024-07-19,PARTIAL
PO-985,SM-25,2025-01-15,2024-09-04,open
PO-986,SM-18,04/24/2025,2025-06-02,PARTIAL
PO-987,SM-32,14-10-2026,2026-12-21,OPEN
PO-988,SM-31,09/16/2025,2026-03-11,PARTIAL
PO-989,SM-12,2024-11-28,26-06-2026,open
PO-990,SM-17,2026-06-28,2024-05-07,PARTIAL
PO-991,SM-8,2026-05-02,06/18/2025,PARTIAL
PO-992,SM-6,10/02/2026,10/10/2026,partial
PO-993,SM-39,12-05-2024,12/20/2025,open
PO-994,SM-16,01-11-2025,05/17/2026,open
PO-995,SM-3,2026-02-19,2024-02-11,closed
PO-996,SM-23,2025-10-28,08/26/2024,open
PO-997,SM-4,2024-11-05,01-04-2025,partial
PO-998,SM-18,06/15/2025,2025-01-12,OPEN
PO-999,SM-17,09-06-2025,2024-03-23,partial
PO-1000,SM-5,2024-02-03,2024-08-02,PARTIAL
PO-1001,SM-21,17-01-2026,11/04/2026,PARTIAL
PO-1002,SM-22,2025-03-14,04/23/2024,open
PO-1003,SM-37,2026-04-01,2024-02-11,OPEN
PO-1004,SM-32,02-12-2024,2024-01-16,open
PO-1005,SM-35,2026-07-25,01/01/2026,OPEN
PO-1006,SM-40,2024-01-02,17-03-2026,open
PO-1007,SM-18,01/16/2026,04-02-2026,closed
PO-1008,SM-16,2024-07-17,2026-07-27,OPEN
PO-1009,SM-26,10-03-2025,2025-03-15,PARTIAL
PO-1010,SM-34,2024-09-27,2024-09-22,partial
PO-1011,SM-27,2025-04-09,08/26/2026,OPEN
PO-1012,SM-15,06/17/2024,2024-01-04,open
PO-1013,SM-33,2025-01-13,04/20/2024,PARTIAL
PO-1014,SM-35,09/18/2025,2026-06-13,partial
PO-1015,SM-26,2024-06-27,06/25/2025,PARTIAL
PO-1016,SM-1,2026-07-14,2024-12-21,partial
PO-1017,SM-10,12/27/2025,02/18/2024,PARTIAL
PO-1018,SM-36,2026-01-06,20-05-2024,OPEN
PO-1019,SM-26,01/15/2026,2024-02-16,open
PO-1020,SM-23,05/02/2024,08/03/2024,closed
PO-1021,SM-3,2024-03-16,09/21/2024,OPEN
PO-1022,SM-16,2025-01-16,06/11/2025,closed
PO-1023,SM-1,12/20/2025,2025-06-25,open
PO-1024,SM-6,01/19/2024,2025-03-03,closed
PO-1025,SM-22,08/21/2024,03/26/2024,open
PO-1026,SM-27,2024-04-25,2026-08-10,open
PO-1027,SM-11,11/28/2025,2025-11-12,open
PO-1028,SM-16,2025-02-20,12/24/2024,PARTIAL
PO-1029,SM-2,2024-10-02,2024-08-16,OPEN
PO-1030,SM-29,09/28/2026,2026-02-21,closed
PO-1031,SM-22,2026-06-13,16-07-2024,partial
PO-1032,SM-13,2024-06-01,13-07-2025,PARTIAL
PO-1033,SM-7,03-08-2025,07/11/2025,PARTIAL
PO-1034,SM-19,2024-07-23,2025-11-09,OPEN
PO-1035,SM-29,11/03/2026,20-10-2024,PARTIAL
PO-1036,SM-32,2024-03-10,12-11-2025,PARTIAL
PO-1037,SM-39,2025-07-05,2025-01-22,closed
PO-1038,SM-10,18-03-2025,10-10-2026,PARTIAL
PO-1039,SM-17,12/22/2026,01/11/2024,OPEN
PO-1040,SM-6,03/07/2024,12/12/2025,OPEN
PO-1041,SM-25,2025-04-10,2024-05-25,PARTIAL
PO-1042,SM-15,2024-05-13,10-11-2024,closed
PO-1043,SM-28,2025-05-05,2025-09-18,PARTIAL
PO-1044,SM-25,2024-01-05,2025-05-11,closed
PO-1045,SM-7,2026-09-28,12/22/2024,open
PO-1046,SM-26,2025-02-07,20-06-2024,OPEN
PO-1047,SM-16,2025-08-13,2026-07-20,OPEN
PO-1048,SM-15,09-08-2025,06/27/2026,PARTIAL
PO-1049,SM-38,2026-08-22,05/15/2025,OPEN
PO-1050,SM-36,09/14/2025,05/18/2025,closed
PO-1051,SM-39,12/24/2024,11/13/2024,open
PO-1052,SM-13,12/23/2024,2024-03-22,closed
PO-1053,SM-40,12/12/2024,2025-12-24,PARTIAL
PO-1054,SM-7,03/26/2026,07/03/2025,partial
PO-1055,SM-1,2025-12-08,2026-07-28,partial
PO-1056,SM-1,2024-01-17,02-11-2024,PARTIAL
PO-1057,SM-37,03-08-2026,2024-05-27,open
PO-1058,SM-32,07/22/2024,08/12/2024,closed
PO-1059,SM-5,10/21/2025,2024-07-06,PARTIAL
PO-1060,SM-19,2024-02-16,26-04-2026,closed
PO-1061,SM-23,05/24/2026,2025-11-15,partial
PO-1062,SM-7,2026-10-09,07/18/2024,closed
PO-1063,SM-29,05-09-2024,2026-07-23,OPEN
PO-1064,SM-34,2024-11-22,06/19/2024,PARTIAL
PO-1065,SM-34,2026-03-25,2024-06-26,closed
PO-1066,SM-11,2025-01-27,10/09/2026,PARTIAL
PO-1067,SM-28,10/11/2026,2025-09-11,partial
PO-1068,SM-8,01/16/2026,2026-10-19,open
PO-1069,SM-20,07/01/2024,2024-11-03,closed
PO-1070,SM-30,12/03/2026,06/26/2026,OPEN
PO-1071,SM-15,02-04-2025,01/17/2024,partial
PO-1072,SM-34,2026-10-27,05/20/2026,OPEN
PO-1073,SM-10,23-02-2026,2026-05-18,OPEN
PO-1074,SM-15,2024-12-16,2026-11-28,OPEN
PO-1075,SM-15,2025-03-22,2025-04-14,OPEN
PO-1076,SM-21,2026-03-02,2025-06-06,OPEN
PO-1077,SM-16,21-12-2024,12/23/2026,OPEN
PO-1078,SM-17,10/05/2026,22-04-2025,open
PO-1079,SM-24,27-04-2024,2025-08-08,open
PO-1080,SM-18,02/19/2025,15-09-2026,closed
PO-1081,SM-32,05-12-2024,09/24/2024,PARTIAL
PO-1082,SM-18,2026-06-14,2026-11-16,OPEN
PO-1083,SM-33,2026-05-20,2025-04-09,closed
PO-1084,SM-30,2024-03-26,2026-06-16,OPEN
PO-1085,SM-14,2026-09-25,2024-08-20,partial
PO-1086,SM-11,11/14/2026,01/25/2026,closed
PO-1087,SM-10,09/13/2024,10/03/2025,partial
PO-1088,SM-7,05/23/2026,03/18/2026,OPEN
PO-1089,SM-8,03/16/2026,05/05/2024,open
PO-1090,SM-7,02/27/2024,05/15/2025,OPEN
PO-1091,SM-8,21-09-2025,10-07-2025,partial
PO-1092,SM-18,19-12-2024,12/13/2024,open
PO-1093,SM-23,2026-01-22,09/22/2026,OPEN
PO-1094,SM-12,2026-07-24,28-07-2024,PARTIAL
PO-1095,SM-35,2026-02-08,04-07-2026,OPEN
PO-1096,SM-7,2025-02-06,2024-10-18,closed
PO-1097,SM-26,09/05/2025,2024-05-20,partial
PO-1098,SM-11,12-05-2026,2025-10-05,partial
PO-1099,SM-1,05/09/2026,04/24/2025,partial
PO-1100,SM-32,05-06-2025,2024-07-24,closed
PO-1101,SM-29,2025-11-21,07/16/2024,closed
PO-1102,SM-10,11/14/2026,10-03-2026,PARTIAL
PO-1103,SM-15,2024-10-22,06/18/2025,partial
PO-1104,SM-24,2025-07-08,2026-06-10,closed
PO-1105,SM-6,19-05-2024,2026-01-04,PARTIAL
PO-1106,SM-13,2024-02-28,2026-02-10,partial
PO-1107,SM-36,2026-11-09,09/09/2026,closed
PO-1108,SM-10,2024-06-21,01/06/2025,OPEN
PO-1109,SM-21,2024-02-28,2026-10-25,PARTIAL
PO-1110,SM-38,05-07-2026,04/15/2026,OPEN
PO-1111,SM-2,2025-07-04,06/04/2026,closed
PO-1112,SM-29,2024-09-12,03-09-2024,closed
PO-1113,SM-26,01/08/2026,2026-02-09,OPEN
PO-1114,SM-31,2025-05-05,10/05/2026,OPEN
PO-1115,SM-31,2025-07-07,04/02/2026,PARTIAL
PO-1116,SM-35,2024-09-23,2024-09-18,OPEN
PO-1117,SM-10,2024-01-18,16-05-2026,closed
PO-1118,SM-25,28-11-2026,2025-05-23,closed
PO-1119,SM-14,09/13/2025,2025-05-08,OPEN
PO-1120,SM-21,2024-08-04,05/25/2026,closed
PO-1121,SM-2,18-10-2026,11/04/2025,PARTIAL
PO-1122,SM-17,11/20/2026,2024-07-21,OPEN
PO-1123,SM-1,08-05-2025,2026-06-24,PARTIAL
PO-1124,SM-31,19-11-2025,2026-05-27,PARTIAL
PO-1125,SM-40,2024-03-14,2024-06-17,closed
PO-1126,SM-27,09-03-2025,08/23/2025,OPEN
PO-1127,SM-16,2026-09-22,21-04-2025,closed
PO-1128,SM-39,22-06-2026,23-12-2025,open
PO-1129,SM-40,2024-04-03,07-07-2026,open
PO-1130,SM-21,2024-05-15,09/28/2025,PARTIAL
PO-1131,SM-16,06/27/2025,2026-05-18,open
PO-1132,SM-23,05-04-2026,01/24/2024,partial
PO-1133,SM-30,2025-11-24,2025-12-07,closed
PO-1134,SM-1,2025-02-01,15-12-2024,open
PO-1135,SM-27,2026-08-04,2025-11-01,PARTIAL
PO-1136,SM-40,07/23/2025,2024-10-04,partial
PO-1137,SM-16,2024-02-15,12/02/2024,partial
PO-1138,SM-32,2025-07-15,2024-01-01,closed
PO-1139,SM-26,07/02/2026,2025-10-12,OPEN
PO-1140,SM-9,04/28/2025,07/12/2025,OPEN
PO-1141,SM-11,2025-08-18,2024-09-10,OPEN
PO-1142,SM-14,02-04-2026,2025-04-09,closed
PO-1143,SM-40,2026-09-18,2026-08-27,open
PO-1144,SM-16,08/23/2025,2025-03-25,OPEN
PO-1145,SM-26,03/27/2024,23-12-2024,PARTIAL
PO-1146,SM-32,2026-03-19,2025-11-04,PARTIAL
PO-1147,SM-19,11-02-2024,08/23/2026,partial
PO-1148,SM-40,26-01-2024,19-08-2026,OPEN
PO-1149,SM-21,2026-01-13,2026-10-20,open
PO-1150,SM-18,2026-04-26,2026-11-14,OPEN
PO-1151,SM-23,07/04/2026,11/03/2024,open
PO-1152,SM-35,2025-09-08,2026-03-03,PARTIAL
PO-1153,SM-15,05/04/2026,2026-05-13,open
PO-1154,SM-3,25-01-2026,08-05-2025,partial
PO-1155,SM-13,18-12-2024,2026-03-15,open
PO-1156,SM-6,2025-04-08,19-11-2024,PARTIAL
PO-1157,SM-25,12/03/2026,2024-07-03,PARTIAL
PO-1158,SM-17,06/05/2024,08/06/2026,open
PO-1159,SM-32,2025-02-22,11-02-2024,open
PO-1160,SM-36,2025-03-10,28-09-2025,OPEN
PO-1161,SM-7,08/25/2026,2024-04-10,PARTIAL
PO-1162,SM-23,2024-07-18,2025-12-04,partial
PO-1163,SM-28,2026-12-09,2024-11-10,closed
PO-1164,SM-8,16-06-2025,2026-01-16,OPEN
PO-1165,SM-3,2026-12-25,02/15/2025,closed
PO-1166,SM-40,2025-08-21,28-07-2026,partial
PO-1167,SM-18,10-07-2025,2025-10-24,open
PO-1168,SM-32,11/25/2026,01/28/2026,partial
PO-1169,SM-15,2026-10-08,2024-12-28,OPEN
PO-1170,SM-30,2025-02-07,01/14/2025,open
PO-1171,SM-26,06/03/2025,2024-02-25,partial
PO-1172,SM-37,2026-09-20,05/01/2025,partial
PO-1173,SM-38,15-01-2025,2024-03-19,OPEN
PO-1174,SM-36,2026-08-08,07/02/2026,OPEN
PO-1175,SM-2,11-04-2026,06/02/2025,open
PO-1176,SM-32,16-12-2024,2024-10-19,closed
PO-1177,SM-18,2026-04-19,2026-08-01,partial
PO-1178,SM-15,12/13/2025,08/16/2026,OPEN
PO-1179,SM-2,2025-06-04,2026-09-16,PARTIAL
PO-1180,SM-38,2026-09-09,02/14/2024,partial
PO-1181,SM-25,2024-08-14,03/05/2024,OPEN
PO-1182,SM-3,2025-01-03,2025-07-21,partial
PO-1183,SM-2,01/19/2025,03/26/2024,closed
PO-1184,SM-33,2025-10-19,04-03-2024,closed
PO-1185,SM-18,2025-01-06,2025-08-09,PARTIAL
PO-1186,SM-17,12/02/2026,2025-09-05,open
PO-1187,SM-11,2024-02-09,2024-09-23,PARTIAL
PO-1188,SM-38,2024-07-04,02-06-2026,PARTIAL
PO-1189,SM-23,2024-01-25,2026-03-09,partial
PO-1190,SM-17,2026-05-03,2024-05-12,closed
PO-1191,SM-8,11-01-2024,12/25/2024,partial
PO-1192,SM-1,06/19/2026,2024-05-02,partial
PO-1193,SM-19,26-09-2026,2024-03-10,open
PO-1194,SM-39,2026-07-20,2024-08-06,OPEN
PO-1195,SM-30,2026-02-19,17-04-2025,open
PO-1196,SM-39,08/03/2026,09/08/2024,PARTIAL
PO-1197,SM-39,2025-08-20,09/11/2025,PARTIAL
PO-1198,SM-26,2024-05-27,2026-07-12,PARTIAL
PO-1199,SM-32,2025-08-23,25-10-2026,PARTIAL
PO-1200,SM-26,10/19/2024,11/02/2024,PARTIAL
PO-1201,SM-37,2024-01-01,10-06-2024,open
PO-1202,SM-4,06/08/2025,2026-12-13,closed
PO-1203,SM-7,04/23/2025,03/16/2026,partial
PO-1204,SM-40,05/01/2025,20-01-2024,partial
PO-1205,SM-26,12/06/2025,2025-10-17,PARTIAL
PO-1206,SM-13,2025-11-24,2025-05-28,partial
PO-1207,SM-26,2024-02-08,04/01/2026,OPEN
PO-1208,SM-33,10/02/2025,15-11-2026,open
PO-1209,SM-8,2024-06-23,04/10/2024,closed
PO-1210,SM-32,08/20/2024,2024-09-27,partial
PO-1211,SM-30,2026-09-25,2024-01-15,OPEN
PO-1212,SM-35,03/22/2024,2024-04-14,partial
PO-1213,SM-4,2024-01-15,11/11/2026,partial
PO-1214,SM-19,09/23/2025,21-12-2026,OPEN
PO-1215,SM-34,2025-05-27,23-11-2025,closed
PO-1216,SM-25,2026-07-17,2026-08-10,closed
PO-1217,SM-1,2024-11-22,2025-10-23,partial
PO-1218,SM-33,01-03-2026,2026-10-08,partial
PO-1219,SM-5,2026-07-03,14-08-2025,partial
PO-1220,SM-13,2026-10-12,2025-03-25,closed
PO-1221,SM-8,17-05-2024,2024-09-08,closed
PO-1222,SM-17,26-10-2025,12/14/2025,closed
PO-1223,SM-27,01/28/2024,01/20/2026,OPEN
PO-1224,SM-11,2026-10-16,2025-07-09,PARTIAL
PO-1225,SM-24,2026-06-27,2024-04-10,open
PO-1226,SM-22,10/19/2025,25-01-2025,partial
PO-1227,SM-20,10-02-2025,02-07-2025,open
PO-1228,SM-32,2026-07-05,2026-08-17,PARTIAL
PO-1229,SM-22,15-04-2026,2026-02-07,open
PO-1230,SM-17,11/24/2025,2024-09-05,PARTIAL
PO-1231,SM-2,2025-09-04,05/17/2025,PARTIAL
PO-1232,SM-1,2024-05-11,2024-03-19,OPEN
PO-1233,SM-9,2025-12-12,2025-03-19,closed
PO-1234,SM-10,2026-11-22,2024-10-28,open
PO-1235,SM-34,2026-02-14,2024-03-12,partial
PO-1236,SM-24,2025-08-01,2026-10-02,PARTIAL
PO-1237,SM-9,19-08-2024,05/26/2025,closed
PO-1238,SM-40,23-01-2025,02/27/2025,open
PO-1239,SM-25,2024-02-17,27-07-2026,partial
PO-1240,SM-25,2026-08-12,2025-03-03,open
PO-1241,SM-38,2026-10-25,03-05-2025,closed
PO-1242,SM-8,10/22/2025,2026-10-08,OPEN
PO-1243,SM-21,20-09-2024,2025-07-07,OPEN
PO-1244,SM-2,23-12-2025,10-06-2025,closed
PO-1245,SM-9,06/02/2024,08-12-2024,open
PO-1246,SM-35,02/18/2026,10/04/2025,partial
PO-1247,SM-30,10/22/2024,15-03-2026,partial
PO-1248,SM-5,2025-07-12,02/08/2025,PARTIAL
PO-1249,SM-19,2025-04-26,2025-07-12,OPEN
PO-1250,SM-3,2024-11-06,03/04/2024,PARTIAL
PO-1251,SM-30,2026-09-10,2026-02-04,PARTIAL
PO-1252,SM-6,2025-06-26,2024-07-05,PARTIAL
PO-1253,SM-17,2024-09-28,12/26/2024,open
PO-1254,SM-11,02/02/2025,2026-05-07,closed
PO-1255,SM-7,01-09-2026,2025-01-12,partial
PO-1256,SM-6,08/16/2025,2025-03-25,OPEN
PO-1257,SM-35,09/19/2026,08-08-2024,PARTIAL
PO-1258,SM-10,2024-02-03,2025-11-19,closed
PO-1259,SM-6,13-12-2024,02/20/2025,OPEN
PO-1260,SM-18,16-06-2025,2025-05-10,closed
PO-1261,SM-37,04/02/2026,2025-07-27,closed
PO-1262,SM-8,2024-10-10,2026-12-12,closed
PO-1263,SM-13,2024-06-12,2024-08-08,open
PO-1264,SM-24,2024-01-25,2026-09-25,OPEN
PO-1265,SM-14,2024-09-14,07-07-2025,open
PO-1266,SM-16,2025-07-23,09/04/2026,PARTIAL
PO-1267,SM-32,07/10/2026,2026-11-06,closed
PO-1268,SM-11,2025-04-27,2025-07-13,PARTIAL
PO-1269,SM-6,2025-10-06,2024-07-17,partial
PO-1270,SM-3,2026-08-08,09/08/2024,partial
PO-1271,SM-27,10/17/2026,10/03/2025,closed
PO-1272,SM-20,2025-07-17,2025-03-18,partial
PO-1273,SM-37,2026-02-22,23-06-2024,closed
PO-1274,SM-20,11-01-2026,26-06-2025,OPEN
PO-1275,SM-21,12/25/2026,07/02/2024,PARTIAL
PO-1276,SM-5,2026-02-24,2026-03-21,closed
PO-1277,SM-39,21-02-2025,01/09/2024,OPEN
PO-1278,SM-25,12/12/2026,2026-12-17,open
PO-1279,SM-38,20-04-2026,2024-08-01,PARTIAL
PO-1280,SM-15,2025-02-10,11/13/2026,partial
PO-1281,SM-29,2026-08-21,2026-06-22,closed
PO-1282,SM-13,2024-01-26,2025-05-08,closed
PO-1283,SM-2,2025-01-22,05-12-2024,partial
PO-1284,SM-16,2026-06-05,2026-03-18,open
PO-1285,SM-36,2025-10-24,03/08/2024,PARTIAL
PO-1286,SM-26,2025-12-19,2025-08-25,closed
PO-1287,SM-31,2025-02-05,2025-10-23,PARTIAL
PO-1288,SM-38,2026-01-27,2024-01-16,closed
PO-1289,SM-10,2026-03-11,2026-03-23,OPEN
PO-1290,SM-19,06/24/2026,2024-04-21,PARTIAL
PO-1291,SM-37,2026-08-14,2025-04-18,closed
PO-1292,SM-31,2026-01-10,11-06-2024,closed
PO-1293,SM-34,2025-02-25,02/01/2024,OPEN
PO-1294,SM-25,06/21/2025,24-05-2025,OPEN
PO-1295,SM-33,02/17/2026,2025-12-16,OPEN
PO-1296,SM-8,2026-03-17,08/22/2025,partial
PO-1297,SM-11,2025-10-13,2026-06-27,partial
PO-1298,SM-16,2026-12-15,10-07-2026,closed
PO-1299,SM-34,20-03-2025,2026-10-20,partial
PO-1300,SM-27,2026-03-22,2025-05-04,PARTIAL
PO-1301,SM-24,2024-09-23,05/07/2026,PARTIAL
PO-1302,SM-12,28-03-2026,2024-12-10,closed
PO-1303,SM-35,10-07-2025,28-08-2025,open
PO-1304,SM-36,02/13/2024,09/07/2024,PARTIAL
PO-1305,SM-24,07/01/2025,22-04-2026,open
PO-1306,SM-25,06/19/2025,2025-11-11,partial
PO-1307,SM-23,19-01-2024,04/25/2024,open
PO-1308,SM-36,05-05-2026,07-01-2024,open
PO-1309,SM-20,2025-07-09,2024-02-09,closed
PO-1310,SM-27,2025-02-04,2025-12-11,closed
PO-1311,SM-39,06/01/2024,2024-06-05,partial
PO-1312,SM-11,05-04-2026,08-04-2024,closed
PO-1313,SM-20,2026-07-12,24-07-2026,PARTIAL
PO-1314,SM-34,2025-03-20,26-01-2024,PARTIAL
PO-1315,SM-17,2024-09-02,2025-04-12,closed
PO-1316,SM-32,06-07-2026,23-12-2024,closed
PO-1317,SM-29,02/23/2025,02/28/2024,closed
PO-1318,SM-40,12/24/2026,2025-10-15,closed
PO-1319,SM-6,2026-08-15,14-05-2024,partial
PO-1320,SM-31,01-05-2025,02/20/2026,closed
PO-1321,SM-16,27-09-2024,2024-04-10,PARTIAL
PO-1322,SM-25,01/02/2024,11-03-2026,open
PO-1323,SM-12,2025-08-25,12/22/2026,OPEN
PO-1324,SM-33,2026-01-09,2026-10-28,OPEN
PO-1325,SM-34,05/27/2024,12-01-2026,OPEN
PO-1326,SM-1,2026-01-19,12-11-2026,PARTIAL
PO-1327,SM-19,2024-05-26,2024-10-07,partial
PO-1328,SM-5,12/24/2024,05-08-2026,partial
PO-1329,SM-30,10/17/2026,06/25/2026,closed
PO-1330,SM-36,2025-01-23,14-05-2026,PARTIAL
PO-1331,SM-34,2024-09-09,2024-08-08,closed
PO-1332,SM-21,2025-10-08,03/08/2024,partial
PO-1333,SM-19,06/07/2024,2025-11-27,partial
PO-1334,SM-33,2026-10-04,01/08/2026,partial
PO-1335,SM-23,2024-08-13,2024-07-10,PARTIAL
PO-1336,SM-40,2025-05-23,2026-04-11,closed
PO-1337,SM-39,01/11/2026,03-04-2026,closed
PO-1338,SM-5,02-07-2025,2025-12-21,partial
PO-1339,SM-22,2026-02-03,06/08/2024,OPEN
PO-1340,SM-15,2024-06-16,26-06-2024,PARTIAL
PO-1341,SM-9,2024-12-07,01/04/2025,open
PO-1342,SM-32,2026-09-21,2026-03-22,open
PO-1343,SM-27,08/28/2026,2024-12-17,OPEN
PO-1344,SM-36,21-10-2025,2025-10-25,OPEN
PO-1345,SM-16,2024-05-10,2026-07-11,OPEN
PO-1346,SM-3,2026-01-12,2024-08-11,closed
PO-1347,SM-2,10/03/2024,03/28/2026,open
PO-1348,SM-4,2025-11-26,2026-08-16,PARTIAL
PO-1349,SM-36,02-03-2025,01/22/2026,PARTIAL
PO-1350,SM-32,04/27/2025,2025-01-25,PARTIAL
PO-1351,SM-13,2026-12-15,2025-12-19,PARTIAL
PO-1352,SM-39,27-02-2026,19-01-2025,OPEN
PO-1353,SM-13,03/13/2026,07/08/2026,OPEN
PO-1354,SM-26,2026-03-02,10/26/2024,open
PO-1355,SM-10,2024-11-28,07/27/2025,PARTIAL
PO-1356,SM-8,2024-04-20,2025-08-05,closed
PO-1357,SM-2,02/21/2026,2026-07-01,OPEN
PO-1358,SM-29,2025-10-24,11/18/2025,PARTIAL
PO-1359,SM-25,2025-03-20,05-09-2026,partial
PO-1360,SM-19,2025-12-20,05/09/2026,PARTIAL
PO-1361,SM-23,02/20/2024,09/08/2024,open
PO-1362,SM-34,2026-01-12,02-08-2025,PARTIAL
PO-1363,SM-12,03/05/2025,2024-09-26,PARTIAL
PO-1364,SM-26,2024-10-08,2025-02-08,open
PO-1365,SM-5,2026-06-14,03-11-2025,partial
PO-1366,SM-17,12-11-2026,2024-12-06,PARTIAL
PO-1367,SM-21,04-11-2026,2026-08-23,OPEN
PO-1368,SM-21,12-04-2024,23-10-2026,partial
PO-1369,SM-11,2026-01-24,10-01-2026,open
PO-1370,SM-11,27-10-2025,2024-05-09,OPEN
PO-1371,SM-21,07/23/2025,08/18/2026,open
PO-1372,SM-38,2024-11-05,05/11/2025,closed
PO-1373,SM-22,04/16/2024,2024-03-25,open
PO-1374,SM-15,2024-03-26,2024-11-07,partial
PO-1375,SM-14,12/21/2026,06-06-2024,closed
PO-1376,SM-26,2024-04-15,10/26/2025,open
PO-1377,SM-18,04/10/2026,2026-04-25,partial
PO-1378,SM-3,08/01/2026,2025-05-01,closed
PO-1379,SM-8,2026-01-18,03/08/2024,PARTIAL
PO-1380,SM-7,2024-11-18,2025-03-02,PARTIAL
PO-1381,SM-13,22-09-2026,06/19/2026,PARTIAL
PO-1382,SM-22,05/14/2025,10/12/2026,partial
PO-1383,SM-18,2024-08-19,2026-03-25,open
PO-1384,SM-31,2025-08-23,11/04/2025,OPEN
PO-1385,SM-27,01/11/2026,2026-10-26,open
PO-1386,SM-32,05-07-2026,2026-01-09,partial
PO-1387,SM-2,2024-06-08,07/02/2026,closed
PO-1388,SM-39,2026-04-11,22-10-2026,partial
PO-1389,SM-29,2024-11-25,08/01/2024,partial
PO-1390,SM-31,2026-11-09,07/12/2025,PARTIAL
PO-1391,SM-24,2024-10-24,2026-05-18,OPEN
PO-1392,SM-35,2026-04-02,2026-07-10,open
PO-1393,SM-20,2024-11-10,2024-09-14,OPEN
PO-1394,SM-26,2026-09-28,2026-10-19,closed
PO-1395,SM-3,2024-02-11,2026-05-28,partial
PO-1396,SM-14,11/04/2026,04/24/2024,OPEN
PO-1397,SM-38,2026-12-21,06-08-2025,closed
PO-1398,SM-34,11/08/2025,2024-07-21,OPEN
PO-1399,SM-14,2026-03-07,16-08-2025,closed
PO-1400,SM-33,2026-03-28,2026-09-22,open
PO-1401,SM-30,2026-09-14,2024-01-25,open
PO-1402,SM-27,01/19/2024,14-02-2026,OPEN
PO-1403,SM-37,2026-04-04,16-10-2024,partial
PO-1404,SM-40,25-02-2024,04/12/2024,OPEN
PO-1405,SM-40,03/25/2024,2024-12-19,partial
PO-1406,SM-19,2024-01-24,19-03-2024,PARTIAL
PO-1407,SM-14,2026-12-06,06/22/2024,PARTIAL
PO-1408,SM-31,16-02-2025,2025-06-02,PARTIAL
PO-1409,SM-24,2026-01-18,2024-01-15,OPEN
PO-1410,SM-32,04/21/2026,2024-06-15,PARTIAL
PO-1411,SM-18,2025-08-05,2026-01-23,PARTIAL
PO-1412,SM-25,05/24/2025,27-02-2026,closed
PO-1413,SM-11,2026-11-21,2025-12-18,PARTIAL
PO-1414,SM-21,23-02-2024,04/18/2024,closed
PO-1415,SM-20,13-06-2024,2025-07-18,partial
PO-1416,SM-3,2025-07-28,14-04-2026,closed
PO-1417,SM-21,02/15/2024,10/13/2026,partial
PO-1418,SM-4,2025-08-02,2024-11-01,OPEN
PO-1419,SM-15,2025-12-16,06/01/2026,closed
PO-1420,SM-32,2026-07-06,02/06/2026,PARTIAL
PO-1421,SM-24,2025-07-13,07/18/2024,OPEN
PO-1422,SM-30,11/01/2025,2026-09-22,PARTIAL
PO-1423,SM-36,08/26/2024,26-12-2025,OPEN
PO-1424,SM-18,2025-07-20,18-04-2025,partial
PO-1425,SM-40,20-07-2025,2024-06-19,OPEN
PO-1426,SM-13,2026-07-23,02/08/2026,PARTIAL
PO-1427,SM-1,05-03-2026,12/08/2026,OPEN
PO-1428,SM-27,15-11-2026,10/23/2026,PARTIAL
PO-1429,SM-17,22-03-2024,2024-11-03,closed
PO-1430,SM-2,2026-08-19,2024-01-09,partial
PO-1431,SM-29,2026-02-07,2024-01-17,partial
PO-1432,SM-30,2026-09-25,2026-04-19,partial
PO-1433,SM-11,2024-04-11,2026-04-22,partial
PO-1434,SM-25,14-08-2024,2024-10-25,partial
PO-1435,SM-2,2025-09-10,2024-04-16,open
PO-1436,SM-2,2025-04-05,19-06-2025,closed
PO-1437,SM-2,17-09-2026,12/28/2024,closed
PO-1438,SM-26,05/17/2025,09/14/2025,PARTIAL
PO-1439,SM-25,2024-06-16,2026-05-26,PARTIAL
PO-1440,SM-28,27-06-2025,12/27/2026,partial
PO-1441,SM-13,04/06/2024,07-05-2024,partial
PO-1442,SM-16,2024-05-03,2026-05-27,partial
PO-1443,SM-22,2024-08-27,2025-06-10,partial
PO-1444,SM-12,01/25/2026,05/02/2025,OPEN
PO-1445,SM-26,2025-03-16,2024-06-26,open
PO-1446,SM-10,2025-11-23,19-10-2026,open
PO-1447,SM-18,2025-10-15,04/11/2026,PARTIAL
PO-1448,SM-31,08/18/2024,2025-03-25,closed
PO-1449,SM-2,2024-06-14,27-01-2025,PARTIAL
PO-1450,SM-9,11/17/2025,04-02-2026,open
PO-1451,SM-17,25-12-2025,2025-04-16,PARTIAL
PO-1452,SM-25,2025-10-02,2024-08-28,PARTIAL
PO-1453,SM-36,03-08-2026,07/16/2024,closed
PO-1454,SM-29,2025-02-06,24-05-2025,partial
PO-1455,SM-1,2024-09-07,2024-11-10,open
PO-1456,SM-30,03/23/2025,01-12-2025,OPEN
PO-1457,SM-16,2026-02-03,06/24/2025,closed
PO-1458,SM-37,08/23/2025,06-01-2026,partial
PO-1459,SM-24,2025-08-28,25-05-2024,partial
PO-1460,SM-30,02/25/2024,2026-12-05,open
PO-1461,SM-3,04/21/2024,2026-05-06,open
PO-1462,SM-40,03/05/2025,07/02/2026,open
PO-1463,SM-7,2026-07-13,07/08/2026,OPEN
PO-1464,SM-3,12/16/2024,03-01-2026,partial
PO-1465,SM-29,2024-12-13,2025-11-13,closed
PO-1466,SM-23,2025-07-06,2024-11-14,PARTIAL
PO-1467,SM-7,04/28/2024,12-07-2024,PARTIAL
PO-1468,SM-27,04/20/2024,12/27/2026,OPEN
PO-1469,SM-6,2026-11-23,2026-03-08,open
PO-1470,SM-26,2025-08-23,09/24/2026,open
PO-1471,SM-35,2024-12-10,08-06-2025,OPEN
PO-1472,SM-9,08/09/2024,07/26/2026,partial
PO-1473,SM-35,2024-06-14,2024-11-17,OPEN
PO-1474,SM-22,2025-10-07,2024-12-22,closed
PO-1475,SM-8,2026-05-09,2026-12-10,OPEN
PO-1476,SM-23,16-04-2024,08/10/2024,PARTIAL
PO-1477,SM-24,09/17/2024,09/26/2026,closed
PO-1478,SM-30,2025-11-09,2024-12-03,closed
PO-1479,SM-22,2026-08-23,2024-01-11,PARTIAL
PO-1480,SM-5,02/08/2024,2025-05-10,OPEN
PO-1481,SM-8,03/09/2024,2025-10-23,OPEN
PO-1482,SM-20,06/04/2025,28-04-2024,closed
PO-1483,SM-37,07/10/2026,2026-10-21,OPEN
PO-1484,SM-21,2024-12-13,03/12/2024,OPEN
PO-1485,SM-4,2024-03-08,2025-03-11,open
PO-1486,SM-38,2024-12-20,2024-08-11,closed
PO-1487,SM-30,06/25/2025,2024-03-12,open
PO-1488,SM-25,05/06/2026,10/03/2024,PARTIAL
PO-1489,SM-33,05-03-2026,05/19/2025,closed
PO-1490,SM-38,07/17/2024,07/25/2025,closed
PO-1491,SM-15,06-06-2025,24-05-2024,OPEN
PO-1492,SM-27,2024-09-27,08/08/2025,open
PO-1493,SM-21,06/17/2026,08/28/2025,partial
PO-1494,SM-17,2025-09-11,01/04/2024,closed
PO-1495,SM-40,09/05/2025,17-05-2024,OPEN
PO-1496,SM-18,12/03/2025,2025-01-14,open
PO-1497,SM-3,03/09/2024,2024-06-03,partial
PO-1498,SM-7,2025-11-18,2026-08-27,OPEN
PO-1499,SM-27,2026-10-14,2024-06-15,partial
PO-1500,SM-10,2024-08-03,07/02/2025,partial
PO-1501,SM-31,2025-05-03,2024-06-12,OPEN
PO-1502,SM-11,20-10-2024,2025-05-05,closed
PO-1503,SM-31,2025-11-19,2025-07-24,partial
PO-1504,SM-40,2026-11-16,2024-02-01,closed
PO-1505,SM-2,02-06-2025,06/18/2024,partial
PO-1506,SM-20,2026-10-27,02-08-2024,OPEN
PO-1507,SM-24,06-03-2024,2024-10-16,PARTIAL
PO-1508,SM-40,09/01/2024,2026-06-11,open
PO-1509,SM-16,10/09/2024,2024-07-10,closed
PO-1510,SM-20,2026-01-09,02-10-2025,PARTIAL
PO-1511,SM-5,11-10-2026,15-05-2026,PARTIAL
PO-1512,SM-35,20-01-2025,07/11/2025,open
PO-1513,SM-32,2024-08-23,06/02/2026,closed
PO-1514,SM-7,11/07/2026,08/22/2024,OPEN
PO-1515,SM-13,04/04/2024,2024-04-21,partial
PO-1516,SM-23,2025-06-11,12/15/2026,partial
PO-1517,SM-10,2025-02-16,06/01/2025,closed
PO-1518,SM-3,2026-05-06,2024-07-03,OPEN
PO-1519,SM-25,2025-12-27,2026-06-09,open
PO-1520,SM-31,05-09-2024,2024-11-01,closed
PO-1521,SM-35,2025-05-13,04/09/2024,partial
PO-1522,SM-37,2025-01-03,05/14/2024,PARTIAL
PO-1523,SM-37,11/20/2024,2026-09-19,closed
PO-1524,SM-11,2026-10-02,2026-08-01,partial
PO-1525,SM-4,2024-03-02,2024-03-27,closed
PO-1526,SM-1,08/26/2026,01/13/2026,PARTIAL
PO-1527,SM-3,2025-06-20,2025-04-01,OPEN
PO-1528,SM-23,2026-09-20,10-01-2024,partial
PO-1529,SM-2,2025-09-20,02/04/2026,partial
PO-1530,SM-11,07/04/2024,11/25/2025,open
PO-1531,SM-14,10/26/2024,13-08-2026,partial
PO-1532,SM-27,2026-04-25,2026-12-10,closed
PO-1533,SM-36,11-06-2025,09/04/2025,closed
PO-1534,SM-25,2024-06-12,03-11-2026,OPEN
PO-1535,SM-3,03-08-2026,12-07-2024,OPEN
PO-1536,SM-27,2024-01-01,07/24/2025,closed
PO-1537,SM-13,18-03-2026,01/15/2024,open
PO-1538,SM-33,2025-05-14,08-10-2025,partial
PO-1539,SM-12,02/22/2026,2024-08-06,partial
PO-1540,SM-18,05-12-2025,2024-09-18,OPEN
PO-1541,SM-15,2026-01-06,2024-06-18,closed
PO-1542,SM-35,2024-04-09,2025-03-14,PARTIAL
PO-1543,SM-16,11/01/2025,06-02-2024,OPEN
PO-1544,SM-25,08/24/2026,2025-09-16,PARTIAL
PO-1545,SM-9,21-11-2026,2026-09-06,PARTIAL
PO-1546,SM-18,02/07/2025,2026-01-08,closed
PO-1547,SM-32,2026-03-20,12/13/2024,PARTIAL
PO-1548,SM-33,09/11/2026,08/28/2024,OPEN
PO-1549,SM-23,2025-01-04,2024-11-16,PARTIAL
PO-1550,SM-10,2024-11-27,16-09-2024,partial
PO-1551,SM-27,2026-11-08,2025-05-18,OPEN
PO-1552,SM-33,2026-03-21,04/03/2026,partial
PO-1553,SM-6,09/10/2026,08/21/2025,PARTIAL
PO-1554,SM-27,04-01-2024,2026-10-22,closed
PO-1555,SM-13,14-10-2026,2024-04-06,PARTIAL
PO-1556,SM-30,17-02-2026,2025-05-19,OPEN
PO-1557,SM-9,01-03-2024,07-05-2024,closed
PO-1558,SM-6,10-06-2024,2025-01-22,PARTIAL
PO-1559,SM-35,2026-04-20,2026-07-05,partial
PO-1560,SM-12,12-11-2025,08/24/2026,open
PO-1561,SM-2,2025-01-18,2025-07-09,open
PO-1562,SM-17,06/09/2024,08/17/2025,open
PO-1563,SM-40,01-03-2026,03/25/2024,OPEN
PO-1564,SM-6,11/25/2026,2025-09-21,PARTIAL
PO-1565,SM-13,2024-09-28,2025-09-07,open
PO-1566,SM-37,2025-11-19,10-01-2025,PARTIAL
PO-1567,SM-10,2024-05-22,2025-07-26,open
PO-1568,SM-11,21-04-2025,2026-08-21,open
PO-1569,SM-20,06/26/2025,2026-11-16,closed
PO-1570,SM-20,16-03-2024,09/13/2024,partial
PO-1571,SM-4,2025-07-01,08/14/2026,OPEN
PO-1572,SM-21,2026-11-03,20-01-2026,PARTIAL
PO-1573,SM-1,10/11/2024,08/01/2026,OPEN
PO-1574,SM-3,2026-12-16,2024-05-03,closed
PO-1575,SM-37,04/01/2024,2024-08-15,OPEN
PO-1576,SM-38,2026-08-13,2026-02-25,OPEN
PO-1577,SM-26,2024-09-09,2024-09-02,OPEN
PO-1578,SM-6,2025-12-22,2024-01-11,PARTIAL
PO-1579,SM-7,02/10/2026,2025-07-11,open
PO-1580,SM-3,10/10/2024,02/02/2026,OPEN
PO-1581,SM-25,09/12/2026,2025-01-22,partial
PO-1582,SM-7,2024-06-08,10/05/2024,PARTIAL
PO-1583,SM-40,2025-12-17,2024-08-04,OPEN
PO-1584,SM-28,20-01-2026,10/27/2026,closed
PO-1585,SM-21,2026-09-07,07/18/2026,open
PO-1586,SM-7,03/01/2025,2026-03-20,partial
PO-1587,SM-21,2025-09-20,2025-02-23,closed
PO-1588,SM-3,2025-02-05,2025-02-11,open
PO-1589,SM-36,2025-09-27,03/26/2024,OPEN
PO-1590,SM-31,27-03-2025,2026-05-17,closed
PO-1591,SM-31,2024-07-26,10/12/2025,closed
PO-1592,SM-13,10/09/2024,15-05-2026,PARTIAL
PO-1593,SM-40,2026-04-26,10/11/2024,partial
PO-1594,SM-19,03/22/2024,2025-06-20,OPEN
PO-1595,SM-31,2026-07-16,03/21/2024,partial
PO-1596,SM-40,2025-07-22,2026-11-20,partial
PO-1597,SM-6,11/18/2026,10-10-2026,OPEN
PO-1598,SM-19,08-01-2024,12/16/2025,partial
PO-1599,SM-33,02-07-2025,12/17/2026,PARTIAL
PO-1600,SM-14,24-09-2025,2026-08-03,PARTIAL
PO-1601,SM-5,2024-08-27,05/15/2025,open
PO-1602,SM-36,2025-02-21,2025-05-23,closed
PO-1603,SM-36,2026-04-06,2025-04-17,OPEN
PO-1604,SM-17,20-11-2026,11/06/2026,open
PO-1605,SM-29,2024-04-23,2024-05-15,OPEN
PO-1606,SM-21,11/08/2025,03/10/2025,closed
PO-1607,SM-21,01-04-2025,05/04/2026,closed
PO-1608,SM-36,27-10-2024,07/11/2026,partial
PO-1609,SM-28,2026-10-17,05/12/2026,PARTIAL
PO-1610,SM-32,09-03-2026,2025-10-22,closed
PO-1611,SM-37,12/21/2024,2025-01-04,partial
PO-1612,SM-6,07/28/2025,02/18/2025,partial
PO-1613,SM-40,2026-06-26,2026-06-01,open
PO-1614,SM-29,2024-04-01,18-08-2024,partial
PO-1615,SM-14,28-11-2026,2026-12-19,partial
PO-1616,SM-27,2025-11-25,2026-05-16,closed
PO-1617,SM-37,07/02/2025,11-07-2025,partial
PO-1618,SM-20,2025-06-11,17-05-2024,open
PO-1619,SM-18,2026-04-20,05/28/2025,closed
PO-1620,SM-27,03/12/2024,10-12-2024,PARTIAL
PO-1621,SM-39,09/17/2024,2026-01-18,PARTIAL
PO-1622,SM-6,2025-02-03,2024-01-13,OPEN
PO-1623,SM-31,09/20/2025,2024-09-11,partial
PO-1624,SM-1,03-05-2026,2025-01-10,partial
PO-1625,SM-6,2025-09-10,2024-01-14,closed
PO-1626,SM-11,2025-09-15,12/19/2024,OPEN
PO-1627,SM-4,2025-03-17,09-03-2026,closed
PO-1628,SM-15,2024-12-17,18-05-2024,partial
PO-1629,SM-33,03/17/2024,2025-09-25,closed
PO-1630,SM-2,10/05/2024,02-12-2024,closed
PO-1631,SM-12,03/13/2026,05/15/2024,OPEN
PO-1632,SM-17,2024-03-03,10/26/2024,closed
PO-1633,SM-23,2025-01-13,03/05/2026,OPEN
PO-1634,SM-3,08/11/2024,2026-03-07,PARTIAL
PO-1635,SM-31,2024-01-19,2026-01-16,partial
PO-1636,SM-21,2024-11-24,11/14/2026,partial
PO-1637,SM-31,2024-01-03,2026-04-04,OPEN
PO-1638,SM-20,2025-01-06,15-05-2025,OPEN
PO-1639,SM-3,2026-03-12,28-07-2024,open
PO-1640,SM-38,04/09/2026,2024-06-15,closed
PO-1641,SM-15,2024-07-22,2026-07-25,OPEN
PO-1642,SM-40,05-09-2025,2026-08-10,closed
PO-1643,SM-29,2025-10-23,12/25/2025,partial
PO-1644,SM-33,27-07-2025,2025-03-15,PARTIAL
PO-1645,SM-27,2026-07-03,04/09/2026,partial
PO-1646,SM-39,10/21/2024,2026-05-28,OPEN
PO-1647,SM-25,2026-03-19,2024-10-18,partial
PO-1648,SM-33,02/26/2025,09/18/2026,closed
PO-1649,SM-18,13-01-2024,17-12-2024,OPEN
PO-1650,SM-10,25-11-2025,13-12-2024,OPEN
PO-1651,SM-33,03/27/2025,15-08-2024,OPEN
PO-1652,SM-33,2025-02-24,05/11/2024,PARTIAL
PO-1653,SM-22,09-11-2024,11/20/2025,closed
PO-1654,SM-30,2026-03-21,2024-02-25,OPEN
PO-1655,SM-15,2024-03-17,2026-11-17,open
PO-1656,SM-20,21-04-2025,04/05/2024,partial
PO-1657,SM-5,09/15/2024,11/25/2024,PARTIAL
PO-1658,SM-22,14-06-2024,2025-04-23,PARTIAL
PO-1659,SM-40,04/07/2026,2024-02-13,closed
PO-1660,SM-26,2024-07-25,2025-10-27,PARTIAL
PO-1661,SM-15,23-06-2024,05-08-2025,partial
PO-1662,SM-34,08/20/2025,05-08-2026,open
PO-1663,SM-12,15-03-2024,12-12-2025,PARTIAL
PO-1664,SM-35,09-07-2025,2024-07-14,PARTIAL
PO-1665,SM-5,16-06-2025,2025-05-16,PARTIAL
PO-1666,SM-20,06/28/2025,2026-11-27,closed
PO-1667,SM-38,2024-01-07,01/10/2025,closed
PO-1668,SM-4,2024-01-14,04/28/2025,closed
PO-1669,SM-1,2024-09-09,09/12/2025,PARTIAL
PO-1670,SM-23,2024-05-21,2025-03-17,closed
PO-1671,SM-10,2026-07-28,10/24/2025,OPEN
PO-1672,SM-33,22-11-2024,2024-04-02,open
PO-1673,SM-11,2024-04-16,03/11/2026,open
PO-1674,SM-22,08/03/2025,2025-11-13,PARTIAL
PO-1675,SM-36,2026-09-23,2026-09-15,OPEN
PO-1676,SM-22,28-10-2025,12/27/2024,partial
PO-1677,SM-1,01-09-2025,25-01-2026,open
PO-1678,SM-4,01/11/2024,2026-08-10,PARTIAL
PO-1679,SM-18,17-01-2025,2025-10-26,partial
PO-1680,SM-36,18-07-2026,2024-08-12,closed
PO-1681,SM-11,01/03/2025,2024-11-08,closed
PO-1682,SM-10,2026-11-24,2024-05-05,OPEN
PO-1683,SM-8,2025-01-02,2025-04-24,PARTIAL
PO-1684,SM-27,2024-07-12,02-02-2024,partial
PO-1685,SM-4,06/08/2024,10/01/2025,OPEN
PO-1686,SM-25,2024-05-03,23-03-2024,closed
PO-1687,SM-17,12/17/2026,2024-10-18,PARTIAL
PO-1688,SM-33,2025-09-10,2026-10-15,PARTIAL
PO-1689,SM-6,2026-11-28,2026-05-07,OPEN
PO-1690,SM-40,06/10/2026,11/25/2026,partial
PO-1691,SM-33,04/24/2024,2024-08-28,PARTIAL
PO-1692,SM-38,2025-09-23,11/24/2024,closed
PO-1693,SM-27,08/13/2025,04/25/2026,OPEN
PO-1694,SM-14,18-09-2026,01/18/2024,partial
PO-1695,SM-14,2026-09-25,03/01/2024,PARTIAL
PO-1696,SM-18,07/09/2025,2026-10-18,closed
PO-1697,SM-36,2026-01-21,2024-07-22,OPEN
PO-1698,SM-34,2024-10-14,2025-11-22,closed
PO-1699,SM-31,2024-05-06,02-04-2026,PARTIAL
PO-1700,SM-34,2026-07-07,10/08/2025,OPEN
PO-1701,SM-35,12/20/2025,05/10/2026,open
PO-1702,SM-13,2025-01-16,2025-11-05,partial
PO-1703,SM-19,2026-05-02,2025-11-13,open
PO-1704,SM-36,2025-06-09,27-07-2026,closed
PO-1705,SM-7,07/05/2026,11/19/2026,closed
PO-1706,SM-2,2025-03-06,01-12-2024,partial
PO-1707,SM-16,02/02/2024,05/10/2026,partial
PO-1708,SM-28,04-10-2024,03/28/2025,closed
PO-1709,SM-15,2025-04-08,2025-09-18,closed
PO-1710,SM-13,2024-03-09,17-12-2025,partial
PO-1711,SM-2,27-06-2026,2025-06-10,partial
PO-1712,SM-9,05/23/2025,11/07/2025,OPEN
PO-1713,SM-24,2025-08-11,2024-08-10,OPEN
PO-1714,SM-30,06/10/2024,2024-01-09,partial
PO-1715,SM-1,2024-06-12,09/12/2024,PARTIAL
PO-1716,SM-7,2024-07-01,2026-07-09,OPEN
PO-1717,SM-3,2025-08-06,2026-12-02,closed
PO-1718,SM-29,08-02-2025,2024-12-18,partial
PO-1719,SM-38,11/26/2024,2026-05-18,OPEN
PO-1720,SM-40,2026-04-07,2024-04-09,PARTIAL
PO-1721,SM-7,2025-12-05,07-06-2024,closed
PO-1722,SM-16,2024-02-04,2024-04-02,OPEN
PO-1723,SM-6,10/04/2025,2024-11-27,OPEN
PO-1724,SM-6,2026-07-04,2025-08-10,open
PO-1725,SM-18,06/06/2025,2026-04-25,partial
PO-1726,SM-6,06/10/2024,22-02-2024,PARTIAL
PO-1727,SM-31,2025-06-02,2025-06-27,closed
PO-1728,SM-18,10/18/2024,07/27/2024,closed
PO-1729,SM-33,03/19/2025,01/19/2024,PARTIAL
PO-1730,SM-37,2025-06-27,2026-10-07,partial
PO-1731,SM-17,03-03-2025,2024-04-15,OPEN
PO-1732,SM-13,2025-04-21,11-12-2024,PARTIAL
PO-1733,SM-24,2024-01-05,2025-04-27,PARTIAL
PO-1734,SM-2,11/19/2024,2026-01-27,open
PO-1735,SM-7,02/23/2025,01/12/2024,open
PO-1736,SM-22,2024-05-06,2024-01-22,PARTIAL
PO-1737,SM-12,08/24/2024,2025-04-27,partial
PO-1738,SM-20,01/23/2024,01/20/2025,OPEN
PO-1739,SM-30,06/02/2025,2025-09-19,PARTIAL
PO-1740,SM-2,2024-05-12,2024-06-23,closed
PO-1741,SM-2,2026-11-26,05/10/2024,partial
PO-1742,SM-16,05/24/2024,2025-02-15,closed
PO-1743,SM-26,09/12/2024,12-06-2026,PARTIAL
PO-1744,SM-38,02-09-2026,03-01-2024,partial
PO-1745,SM-15,12-06-2026,28-05-2026,partial
PO-1746,SM-33,2026-03-14,2025-06-15,closed
PO-1747,SM-35,2025-05-10,02/01/2025,open
PO-1748,SM-23,2024-07-01,2024-06-08,PARTIAL
PO-1749,SM-10,2025-12-23,2024-08-04,open
PO-1750,SM-17,11/19/2025,2024-04-28,closed
PO-1751,SM-27,2025-04-16,06/22/2026,OPEN
PO-1752,SM-28,02/09/2024,2024-12-17,open
PO-1753,SM-11,2024-07-19,01/24/2024,partial
PO-1754,SM-18,04-12-2024,2026-07-23,closed
PO-1755,SM-37,2024-07-12,06/27/2024,PARTIAL
PO-1756,SM-6,04-05-2026,06/16/2025,partial
PO-1757,SM-38,2026-02-21,04-01-2026,PARTIAL
PO-1758,SM-26,19-10-2024,2026-12-19,PARTIAL
PO-1759,SM-35,12/12/2024,2026-02-15,partial
PO-1760,SM-28,2025-11-14,01/27/2025,OPEN
PO-1761,SM-7,10-07-2026,2024-02-11,PARTIAL
PO-1762,SM-17,16-05-2024,2025-03-25,OPEN
PO-1763,SM-37,07-06-2024,02/12/2024,OPEN
PO-1764,SM-22,2025-03-14,15-04-2026,open
PO-1765,SM-4,2026-08-16,08/04/2024,partial
PO-1766,SM-32,10/18/2025,2024-12-06,PARTIAL
PO-1767,SM-38,2026-12-08,01/27/2026,closed
PO-1768,SM-20,2026-02-07,2026-04-16,OPEN
PO-1769,SM-40,2024-01-03,2024-07-27,open
PO-1770,SM-10,01/20/2026,2025-01-21,OPEN
PO-1771,SM-32,2025-12-13,2026-12-07,PARTIAL
PO-1772,SM-27,2024-08-22,2026-03-28,PARTIAL
PO-1773,SM-1,2026-09-07,2024-08-04,closed
PO-1774,SM-11,2024-01-04,10/14/2024,open
PO-1775,SM-38,06/09/2025,2024-06-02,closed
PO-1776,SM-34,2025-09-07,2025-04-17,OPEN
PO-1777,SM-17,10-04-2024,2026-10-14,closed
PO-1778,SM-2,06-07-2025,11-08-2026,partial
PO-1779,SM-10,2024-02-15,2026-09-28,open
PO-1780,SM-2,05/12/2024,13-04-2025,closed
PO-1781,SM-17,2024-05-08,2026-06-05,PARTIAL
PO-1782,SM-16,2024-02-12,2026-08-24,closed
PO-1783,SM-1,11/01/2026,2026-11-09,PARTIAL
PO-1784,SM-10,05/01/2025,2026-06-02,PARTIAL
PO-1785,SM-15,2025-06-01,2026-10-22,PARTIAL
PO-1786,SM-12,22-10-2025,2024-09-20,PARTIAL
PO-1787,SM-29,2024-12-18,07/03/2024,PARTIAL
PO-1788,SM-18,2026-03-28,2025-09-28,PARTIAL
PO-1789,SM-16,2025-07-05,2024-03-11,OPEN
PO-1790,SM-36,09/12/2024,08/13/2025,closed
PO-1791,SM-38,18-03-2024,18-06-2024,partial
PO-1792,SM-23,12/14/2025,2026-12-12,OPEN
PO-1793,SM-19,02/23/2026,2026-02-27,closed
PO-1794,SM-24,2026-02-07,2025-05-04,partial
PO-1795,SM-7,2026-08-16,2026-09-13,open
PO-1796,SM-39,2026-12-05,2025-10-13,open
PO-1797,SM-5,06-01-2026,2024-04-18,OPEN
PO-1798,SM-4,2025-09-04,05/06/2026,closed
PO-1799,SM-3,2024-02-10,05/21/2026,PARTIAL
PO-1800,SM-15,02/09/2025,2024-08-03,partial
PO-1801,SM-5,2024-07-05,12-03-2024,partial
PO-1802,SM-13,10/11/2026,2024-11-11,OPEN
PO-1803,SM-40,03/04/2026,2025-07-05,OPEN
PO-1804,SM-4,2024-11-09,2024-07-13,OPEN
PO-1805,SM-17,04/18/2024,2024-04-11,partial
PO-1806,SM-22,02-10-2026,2024-03-02,open
PO-1807,SM-37,01/06/2025,2024-12-20,closed
PO-1808,SM-39,04-11-2024,12/14/2025,PARTIAL
PO-1809,SM-22,02/21/2026,07/02/2025,PARTIAL
PO-1810,SM-38,12/03/2024,06-04-2026,PARTIAL
PO-1811,SM-8,09/13/2026,2026-04-20,OPEN
PO-1812,SM-17,14-03-2025,2024-09-23,open
PO-1813,SM-10,2025-04-21,2025-02-03,OPEN
PO-1814,SM-3,08/22/2025,2025-03-13,closed
PO-1815,SM-1,2026-09-02,01-02-2024,partial
PO-1816,SM-4,2025-07-09,2024-01-24,open
PO-1817,SM-4,2025-04-11,12/16/2025,open
PO-1818,SM-11,2024-07-11,2025-01-12,OPEN
PO-1819,SM-7,27-03-2026,11/18/2026,OPEN
PO-1820,SM-16,2024-08-19,2024-08-12,OPEN
PO-1821,SM-3,2024-06-23,2024-01-14,PARTIAL
PO-1822,SM-20,15-02-2024,21-01-2025,partial
PO-1823,SM-40,2026-10-19,11/20/2025,OPEN
PO-1824,SM-2,2026-08-18,2024-02-05,closed
PO-1825,SM-36,03/08/2024,16-01-2026,OPEN
PO-1826,SM-33,2025-05-23,2025-11-14,PARTIAL
PO-1827,SM-7,2025-10-08,2024-01-28,closed
PO-1828,SM-17,02/02/2026,12/08/2024,open
PO-1829,SM-9,2024-03-13,2024-09-08,partial
PO-1830,SM-35,08/21/2025,12-09-2025,closed
PO-1831,SM-10,02/28/2024,04/22/2026,OPEN
PO-1832,SM-22,12/19/2024,2025-10-11,open
PO-1833,SM-20,21-04-2024,2026-03-12,PARTIAL
PO-1834,SM-6,2026-03-01,06/23/2024,PARTIAL
PO-1835,SM-20,09/27/2024,17-04-2026,partial
PO-1836,SM-2,08-01-2026,02/17/2026,OPEN
PO-1837,SM-21,2025-02-22,24-06-2026,OPEN
PO-1838,SM-31,04/27/2024,09-08-2026,partial
PO-1839,SM-20,2026-05-25,2026-06-15,open
PO-1840,SM-39,2025-06-08,04/11/2025,open
PO-1841,SM-32,2026-03-12,11-11-2024,open
PO-1842,SM-5,2024-11-03,01/18/2025,partial
PO-1843,SM-38,26-03-2026,2024-05-10,closed
PO-1844,SM-9,09/04/2026,2025-06-04,partial
PO-1845,SM-35,19-11-2025,2024-12-04,OPEN
PO-1846,SM-2,2024-02-08,2025-04-14,closed
PO-1847,SM-32,2026-12-06,2024-04-03,OPEN
PO-1848,SM-38,04/13/2026,2026-09-25,closed
PO-1849,SM-25,2024-12-18,2025-03-27,closed
PO-1850,SM-35,2026-09-21,07/15/2024,partial
PO-1851,SM-3,11/13/2024,2025-01-10,partial
PO-1852,SM-35,22-02-2025,11-08-2024,PARTIAL
PO-1853,SM-15,04/13/2026,2026-12-06,open
PO-1854,SM-14,2026-02-24,12/18/2025,open
PO-1855,SM-37,19-07-2026,11/09/2024,partial
PO-1856,SM-28,2026-09-20,2026-04-24,partial
PO-1857,SM-33,2025-12-08,2024-04-25,closed
PO-1858,SM-17,2024-04-09,04/21/2024,OPEN
PO-1859,SM-15,2026-09-03,2025-09-07,open
PO-1860,SM-30,07/09/2024,12-08-2024,OPEN
PO-1861,SM-20,08-05-2024,05/23/2024,OPEN
PO-1862,SM-25,2026-12-26,2026-08-07,OPEN
PO-1863,SM-36,2026-03-20,2024-03-26,closed
PO-1864,SM-13,2026-08-06,2024-08-14,open
PO-1865,SM-7,2026-10-23,2025-01-02,OPEN
PO-1866,SM-31,04/21/2024,03/10/2024,partial
PO-1867,SM-25,16-05-2025,2024-02-21,OPEN
PO-1868,SM-22,05-04-2024,06/28/2026,PARTIAL
PO-1869,SM-27,08/05/2024,2025-09-13,OPEN
PO-1870,SM-29,2024-12-25,2024-02-20,PARTIAL
PO-1871,SM-20,03-12-2025,2024-08-28,partial
PO-1872,SM-21,06/12/2025,10/17/2026,PARTIAL
PO-1873,SM-8,2024-04-17,2025-05-10,partial
PO-1874,SM-37,13-04-2026,06-11-2026,partial
PO-1875,SM-1,10-10-2026,2026-08-06,closed
PO-1876,SM-23,07/09/2024,2026-04-12,closed
PO-1877,SM-35,17-05-2024,2025-07-14,open
PO-1878,SM-27,18-09-2024,2026-02-05,OPEN
PO-1879,SM-23,2025-04-13,2025-08-19,PARTIAL
PO-1880,SM-8,12-12-2025,24-02-2026,open
PO-1881,SM-11,18-12-2024,2024-12-05,open
PO-1882,SM-14,24-11-2024,10/28/2024,PARTIAL
PO-1883,SM-28,09/27/2024,07/26/2025,closed
PO-1884,SM-24,05/21/2025,2026-06-20,open
PO-1885,SM-18,15-06-2026,2026-01-16,partial
PO-1886,SM-32,2025-01-03,08/22/2025,closed
PO-1887,SM-27,09/22/2024,2025-01-21,OPEN
PO-1888,SM-10,2025-09-01,02/02/2025,partial
PO-1889,SM-8,2026-06-12,05/09/2026,open
PO-1890,SM-33,2026-09-02,27-03-2024,PARTIAL
PO-1891,SM-33,2026-10-15,15-12-2025,OPEN
PO-1892,SM-8,07/20/2024,03/27/2025,open
PO-1893,SM-25,2024-05-03,2025-12-22,partial
PO-1894,SM-3,2026-07-22,2025-03-19,partial
PO-1895,SM-31,11-02-2024,2026-12-10,PARTIAL
PO-1896,SM-15,25-12-2025,2024-01-28,PARTIAL
PO-1897,SM-33,2025-11-11,12-02-2025,closed
PO-1898,SM-29,2024-08-04,18-09-2026,PARTIAL
PO-1899,SM-37,2026-12-06,06-10-2026,PARTIAL
PO-1900,SM-22,2025-12-27,08/11/2024,closed
PO-1901,SM-9,2024-11-05,11-11-2025,OPEN
PO-1902,SM-6,2024-01-10,09-04-2024,PARTIAL
PO-1903,SM-11,2024-10-02,2025-01-22,open
PO-1904,SM-36,2025-02-06,08/19/2024,partial
PO-1905,SM-2,07/05/2024,22-04-2025,PARTIAL
PO-1906,SM-19,08/26/2024,2025-04-27,open
PO-1907,SM-10,2026-04-15,2025-05-10,partial
PO-1908,SM-19,10-04-2026,01/10/2025,partial
PO-1909,SM-8,2026-05-04,11-11-2024,closed
PO-1910,SM-28,07/26/2025,2025-04-05,PARTIAL
PO-1911,SM-10,10-09-2024,2026-01-11,closed
PO-1912,SM-33,06/01/2025,11/01/2024,OPEN
PO-1913,SM-37,2024-11-05,26-12-2026,open
PO-1914,SM-26,04/10/2026,2024-03-02,PARTIAL
PO-1915,SM-3,02/24/2026,2025-10-26,partial
PO-1916,SM-37,07/08/2026,2025-11-15,OPEN
PO-1917,SM-40,04/23/2025,12/16/2024,PARTIAL
PO-1918,SM-28,05-01-2024,02/07/2026,OPEN
PO-1919,SM-3,17-07-2024,2026-08-20,open
PO-1920,SM-14,2024-03-16,11/25/2025,PARTIAL
PO-1921,SM-29,2026-08-24,15-05-2024,open
PO-1922,SM-16,2024-03-28,04/17/2025,PARTIAL
PO-1923,SM-18,2025-07-11,04/25/2025,PARTIAL
PO-1924,SM-29,09/01/2025,08/10/2026,PARTIAL
PO-1925,SM-35,2024-08-08,2026-04-26,closed
PO-1926,SM-11,2026-10-23,2025-05-27,closed
PO-1927,SM-28,2024-06-25,2024-01-25,PARTIAL
PO-1928,SM-28,2025-11-17,10/20/2026,PARTIAL
PO-1929,SM-16,2025-12-10,2025-09-23,PARTIAL
PO-1930,SM-8,2025-12-21,2026-11-15,PARTIAL
PO-1931,SM-18,17-12-2025,2026-04-25,open
PO-1932,SM-20,22-08-2025,03/08/2025,closed
PO-1933,SM-40,10-10-2026,2026-06-24,open
PO-1934,SM-4,2026-07-19,2025-08-27,partial
PO-1935,SM-16,08/22/2024,2026-07-18,open
PO-1936,SM-39,2025-10-27,2026-03-15,PARTIAL
PO-1937,SM-38,07-06-2026,06-10-2026,partial
PO-1938,SM-25,04/19/2025,07-02-2025,partial
PO-1939,SM-24,05/09/2025,07/08/2024,PARTIAL
PO-1940,SM-30,06-04-2024,02-12-2024,OPEN
PO-1941,SM-31,04-11-2026,2024-03-20,OPEN
PO-1942,SM-18,09/13/2026,11/28/2024,partial
PO-1943,SM-6,10/15/2024,2025-02-25,open
PO-1944,SM-3,2026-03-07,2025-11-21,closed
PO-1945,SM-16,2025-03-10,2026-03-15,PARTIAL
PO-1946,SM-13,10-04-2026,08-06-2024,open
PO-1947,SM-6,2026-12-19,19-05-2024,PARTIAL
PO-1948,SM-8,2026-10-23,02-01-2026,PARTIAL
PO-1949,SM-20,2025-03-01,2025-01-05,open
PO-1950,SM-6,2024-11-22,12/17/2026,partial
PO-1951,SM-27,2026-03-27,03/04/2026,partial
PO-1952,SM-33,03-02-2026,2025-09-18,partial
PO-1953,SM-3,2026-09-20,13-05-2024,PARTIAL
PO-1954,SM-33,28-07-2026,21-01-2026,partial
PO-1955,SM-30,2026-04-28,2026-04-17,closed
PO-1956,SM-24,09/18/2026,02-09-2026,OPEN
PO-1957,SM-34,10/26/2026,2026-07-23,partial
PO-1958,SM-25,06/27/2026,2025-02-08,partial
PO-1959,SM-36,2024-03-04,2026-05-01,partial
PO-1960,SM-15,09/25/2025,12/08/2024,open
PO-1961,SM-35,2026-01-18,2026-08-26,partial
PO-1962,SM-29,04-03-2024,02/25/2024,OPEN
PO-1963,SM-18,11/24/2025,11/16/2025,partial
PO-1964,SM-37,2026-04-23,05/25/2025,partial
PO-1965,SM-10,2026-12-17,2026-01-22,PARTIAL
PO-1966,SM-32,2025-03-17,2025-12-22,OPEN
PO-1967,SM-14,2025-09-23,28-10-2025,PARTIAL
PO-1968,SM-31,18-03-2026,2025-04-27,closed
PO-1969,SM-31,2025-06-20,2026-01-22,partial
PO-1970,SM-4,2025-02-03,16-12-2025,PARTIAL
PO-1971,SM-5,2026-05-21,2024-12-18,closed
PO-1972,SM-33,2026-08-19,04-08-2026,closed
PO-1973,SM-21,02/18/2026,2026-11-06,partial
PO-1974,SM-28,2024-01-23,22-05-2025,OPEN
PO-1975,SM-26,06-02-2024,06/11/2025,open
PO-1976,SM-6,2024-07-12,18-07-2025,partial
PO-1977,SM-31,2025-12-16,11/09/2026,PARTIAL
PO-1978,SM-20,11-06-2025,2024-03-05,closed
PO-1979,SM-32,2026-12-09,07/26/2026,PARTIAL
PO-1980,SM-28,2026-01-06,10/28/2025,closed
PO-1981,SM-35,2025-10-01,2025-11-10,partial
PO-1982,SM-5,2025-01-13,2026-09-02,closed
PO-1983,SM-29,03-08-2025,2026-11-14,partial
PO-1984,SM-20,15-07-2025,2024-12-20,partial
PO-1985,SM-29,2026-02-10,2026-04-24,closed
PO-1986,SM-19,2025-04-09,2024-04-16,OPEN
PO-1987,SM-30,2026-11-17,07-03-2025,partial
PO-1988,SM-33,10-02-2024,2026-01-23,open
PO-1989,SM-1,2024-03-04,07/13/2025,partial
PO-1990,SM-15,2024-08-01,05/07/2025,closed
PO-1991,SM-36,11/09/2026,2024-12-19,partial
PO-1992,SM-38,2025-12-20,2026-03-23,PARTIAL
PO-1993,SM-35,17-04-2026,15-04-2025,PARTIAL
PO-1994,SM-12,09/28/2024,2026-06-03,OPEN
PO-1995,SM-5,08-04-2026,12-12-2025,open
PO-1996,SM-27,2025-07-02,22-05-2026,PARTIAL
PO-1997,SM-22,12/11/2025,2026-06-23,OPEN
PO-1998,SM-26,25-01-2025,10/17/2024,partial
PO-1999,SM-26,2024-06-28,15-07-2024,OPEN
PO-2000,SM-34,2024-08-26,10/20/2024,partial
