account_id,customer_id,account_name,billing_email
AC-1,SC-2222,LexCorp-0,billing0@tech.com
AC-2,SC-1887,Aperture-1,billing1@cloud.io
AC-3,SC-506,Hooli-2,billing2@cloud.io
AC-4,SC-1975,Wayne Enterprises-3,billing3@tech.com
AC-5,SC-1090,Umbrella Co-4,billing4@cloud.io
AC-6,SC-2211,Aperture-5,billing5@cloud.io
AC-7,SC-2731,Tyrell Corp-6,billing6@tech.com
AC-8,SC-499,Wayne Enterprises-7,billing7@cloud.io
AC-9,SC-1934,Cyberdyne-8,billing8@cloud.io
AC-10,SC-370,Black Mesa-9,billing9@tech.com
AC-11,SC-2496,Black Mesa-10,billing10@tech.com
AC-12,SC-2460,Stark Industries-11,billing11@cloud.io
AC-13,SC-738,Dunder Mifflin-12,billing12@tech.com
AC-14,SC-2905,Pied Piper-13,billing13@tech.com
AC-15,SC-2474,Dunder Mifflin-14,billing14@tech.com
AC-16,SC-1250,Acme Corp-15,billing15@tech.com
AC-17,SC-822,Umbrella Co-16,billing16@tech.com
AC-18,SC-1581,Black Mesa-17,billing17@tech.com
AC-19,SC-1181,Dunder Mifflin-18,billing18@tech.com
AC-20,SC-2396,Tyrell Corp-19,billing19@cloud.io
AC-21,SC-2317,Weyland-Yutani-20,billing20@tech.com
AC-22,SC-1928,LexCorp-21,billing21@cloud.io
AC-23,SC-1631,Pied Piper-22,billing22@cloud.io
AC-24,SC-2003,Oscorp-23,billing23@cloud.io
AC-25,SC-897,Acme Corp-24,billing24@cloud.io
AC-26,SC-1544,Tyrell Corp-25,billing25@tech.com
AC-27,SC-1323,Wayne Enterprises-26,billing26@tech.com
AC-28,SC-2010,Initech-27,billing27@tech.com
AC-29,SC-1861,Cyberdyne-28,billing28@cloud.io
AC-30,SC-2336,Black Mesa-29,billing29@tech.com
AC-31,SC-1822,Initech-30,billing30@tech.com
AC-32,SC-1033,Globex-31,billing31@cloud.io
AC-33,SC-2407,Dunder Mifflin-32,billing32@cloud.io
AC-34,SC-807,Wayne Enterprises-33,billing33@cloud.io
AC-35,SC-1792,Tyrell Corp-34,billing34@cloud.io
AC-36,SC-1782,Aperture-35,billing35@cloud.io
AC-37,SC-2468,Weyland-Yutani-36,billing36@tech.com
AC-38,SC-308,Tyrell Corp-37,billing37@cloud.io
AC-39,SC-320,Vandelay-38,billing38@cloud.io
AC-40,SC-1881,Weyland-Yutani-39,billing39@cloud.io
AC-41,SC-2888,Acme Corp-40,billing40@cloud.io
AC-42,SC-1046,Oscorp-41,billing41@tech.com
AC-43,SC-1,Stark Industries-42,billing42@cloud.io
AC-44,SC-1579,Weyland-Yutani-43,billing43@cloud.io
AC-45,SC-319,Massive Dynamic-44,billing44@cloud.io
AC-46,SC-2452,Acme Corp-45,billing45@cloud.io
AC-47,SC-2526,Pied Piper-46,billing46@tech.com
AC-48,SC-190,Wayne Enterprises-47,billing47@cloud.io
AC-49,SC-2412,Aperture-48,billing48@cloud.io
AC-50,SC-2429,Massive Dynamic-49,billing49@cloud.io
AC-51,SC-565,Acme Corp-50,billing50@tech.com
AC-52,SC-2890,Stark Industries-51,billing51@tech.com
AC-53,SC-2746,LexCorp-52,billing52@cloud.io
AC-54,SC-2893,Initech-53,billing53@cloud.io
AC-55,SC-2047,Oscorp-54,billing54@tech.com
AC-56,SC-614,Initech-55,billing55@cloud.io
AC-57,SC-2643,Weyland-Yutani-56,billing56@tech.com
AC-58,SC-407,Massive Dynamic-57,billing57@cloud.io
AC-59,SC-2855,Globex-58,billing58@cloud.io
AC-60,SC-857,Black Mesa-59,billing59@cloud.io
AC-61,SC-1595,Pied Piper-60,billing60@cloud.io
AC-62,SC-1391,Wonka-61,billing61@tech.com
AC-63,SC-2860,Aperture-62,billing62@tech.com
AC-64,SC-2567,Oscorp-63,billing63@tech.com
AC-65,SC-410,Blue Sun-64,billing64@cloud.io
AC-66,SC-385,Acme Corp-65,billing65@tech.com
AC-67,SC-2289,Vandelay-66,billing66@tech.com
AC-68,SC-1587,Blue Sun-67,billing67@cloud.io
AC-69,SC-1331,Oscorp-68,billing68@tech.com
AC-70,SC-1343,Weyland-Yutani-69,billing69@cloud.io
AC-71,SC-2063,Dunder Mifflin-70,billing70@cloud.io
AC-72,SC-1073,Massive Dynamic-71,billing71@cloud.io
AC-73,SC-1140,Wonka-72,billing72@tech.com
AC-74,SC-71,Massive Dynamic-73,billing73@cloud.io
AC-75,SC-1391,Pied Piper-74,billing74@cloud.io
AC-76,SC-777,Cyberdyne-75,billing75@cloud.io
AC-77,SC-1966,Black Mesa-76,billing76@cloud.io
AC-78,SC-1494,Blue Sun-77,billing77@tech.com
AC-79,SC-1641,Stark Industries-78,billing78@cloud.io
AC-80,SC-1097,Tyrell Corp-79,billing79@tech.com
AC-81,SC-2915,Oscorp-80,billing80@tech.com
AC-82,SC-987,Acme Corp-81,billing81@cloud.io
AC-83,SC-127,Weyland-Yutani-82,billing82@tech.com
AC-84,SC-2675,LexCorp-83,billing83@cloud.io
AC-85,SC-1100,Wayne Enterprises-84,billing84@cloud.io
AC-86,SC-2059,Wonka-85,billing85@cloud.io
AC-87,SC-1229,Stark Industries-86,billing86@tech.com
AC-88,SC-2764,Black Mesa-87,billing87@cloud.io
AC-89,SC-1088,Cyberdyne-88,billing88@cloud.io
AC-90,SC-2617,Wonka-89,billing89@tech.com
AC-91,SC-1473,Wonka-90,billing90@tech.com
AC-92,SC-608,Stark Industries-91,billing91@cloud.io
AC-93,SC-1549,Pied Piper-92,billing92@cloud.io
AC-94,SC-1244,Initech-93,billing93@cloud.io
AC-95,SC-213,Acme Corp-94,billing94@cloud.io
AC-96,SC-1511,Globex-95,billing95@tech.com
AC-97,SC-725,Oscorp-96,billing96@tech.com
AC-98,SC-413,Massive Dynamic-97,billing97@cloud.io
AC-99,SC-798,Vandelay-98,billing98@cloud.io
AC-100,SC-2493,Tyrell Corp-99,billing99@tech.com
AC-101,SC-333,LexCorp-100,billing100@cloud.io
AC-102,SC-52,Dunder Mifflin-101,billing101@tech.com
AC-103,SC-2504,Massive Dynamic-102,billing102@tech.com
AC-104,SC-1326,Black Mesa-103,billing103@tech.com
AC-105,SC-999,Vandelay-104,billing104@tech.com
AC-106,SC-1280,Initech-105,billing105@cloud.io
AC-107,SC-2799,Aperture-106,billing106@cloud.io
AC-108,SC-1078,Umbrella Co-107,billing107@tech.com
AC-109,SC-2495,Tyrell Corp-108,billing108@tech.com
AC-110,SC-1841,Black Mesa-109,billing109@tech.com
AC-111,SC-337,Stark Industries-110,billing110@tech.com
AC-112,SC-82,Cyberdyne-111,billing111@cloud.io
AC-113,SC-513,Blue Sun-112,billing112@cloud.io
AC-114,SC-1347,Wonka-113,billing113@cloud.io
AC-115,SC-2355,Blue Sun-114,billing114@tech.com
AC-116,SC-1373,Umbrella Co-115,billing115@tech.com
AC-117,SC-2956,Pied Piper-116,billing116@cloud.io
AC-118,SC-1897,Pied Piper-117,billing117@tech.com
AC-119,SC-500,LexCorp-118,billing118@tech.com
AC-120,SC-1268,Black Mesa-119,billing119@tech.com
AC-121,SC-1070,Massive Dynamic-120,billing120@cloud.io
AC-122,SC-2595,Vandelay-121,billing121@tech.com
AC-123,SC-2835,Acme Corp-122,billing122@cloud.io
AC-124,SC-2045,Black Mesa-123,billing123@cloud.io
AC-125,SC-665,Wonka-124,billing124@tech.com
AC-126,SC-545,Stark Industries-125,billing125@tech.com
AC-127,SC-1097,Stark Industries-126,billing126@tech.com
AC-128,SC-427,Vandelay-127,billing127@tech.com
AC-129,SC-1932,LexCorp-128,billing128@tech.com
AC-130,SC-750,Aperture-129,billing129@cloud.io
AC-131,SC-443,Weyland-Yutani-130,billing130@cloud.io
AC-132,SC-465,Weyland-Yutani-131,billing131@cloud.io
AC-133,SC-1618,Cyberdyne-132,billing132@tech.com
AC-134,SC-2232,Wonka-133,billing133@cloud.io
AC-135,SC-601,Acme Corp-134,billing134@cloud.io
AC-136,SC-2010,Aperture-135,billing135@cloud.io
AC-137,SC-1602,Wayne Enterprises-136,billing136@cloud.io
AC-138,SC-1019,Massive Dynamic-137,billing137@tech.com
AC-139,SC-2178,Umbrella Co-138,billing138@tech.com
AC-140,SC-2969,Umbrella Co-139,billing139@cloud.io
AC-141,SC-95,Hooli-140,billing140@tech.com
AC-142,SC-1532,Umbrella Co-141,billing141@tech.com
AC-143,SC-1269,Wayne Enterprises-142,billing142@cloud.io
AC-144,SC-2736,Acme Corp-143,billing143@cloud.io
AC-145,SC-2584,Cyberdyne-144,billing144@cloud.io
AC-146,SC-1268,Oscorp-145,billing145@cloud.io
AC-147,SC-229,Oscorp-146,billing146@tech.com
AC-148,SC-1229,Massive Dynamic-147,billing147@tech.com
AC-149,SC-330,Stark Industries-148,billing148@cloud.io
AC-150,SC-1709,Blue Sun-149,billing149@cloud.io
AC-151,SC-703,Pied Piper-150,billing150@tech.com
AC-152,SC-2580,Hooli-151,billing151@tech.com
AC-153,SC-7,Wayne Enterprises-152,billing152@cloud.io
AC-154,SC-2581,Massive Dynamic-153,billing153@cloud.io
AC-155,SC-1086,Wayne Enterprises-154,billing154@cloud.io
AC-156,SC-391,Dunder Mifflin-155,billing155@cloud.io
AC-157,SC-1162,Cyberdyne-156,billing156@cloud.io
AC-158,SC-2111,Wayne Enterprises-157,billing157@cloud.io
AC-159,SC-2035,Oscorp-158,billing158@cloud.io
AC-160,SC-1283,Blue Sun-159,billing159@cloud.io
AC-161,SC-2102,Tyrell Corp-160,billing160@cloud.io
AC-162,SC-2548,Massive Dynamic-161,billing161@cloud.io
AC-163,SC-423,Wonka-162,billing162@cloud.io
AC-164,SC-1920,Blue Sun-163,billing163@cloud.io
AC-165,SC-701,Wonka-164,billing164@cloud.io
AC-166,SC-647,Cyberdyne-165,billing165@cloud.io
AC-167,SC-2549,Tyrell Corp-166,billing166@cloud.io
AC-168,SC-1081,Initech-167,billing167@cloud.io
AC-169,SC-663,Aperture-168,billing168@cloud.io
AC-170,SC-2716,Cyberdyne-169,billing169@tech.com
AC-171,SC-2404,Dunder Mifflin-170,billing170@cloud.io
AC-172,SC-1484,Wonka-171,billing171@tech.com
AC-173,SC-1372,Blue Sun-172,billing172@tech.com
AC-174,SC-1444,LexCorp-173,billing173@tech.com
AC-175,SC-257,Weyland-Yutani-174,billing174@tech.com
AC-176,SC-1225,Weyland-Yutani-175,billing175@cloud.io
AC-177,SC-2903,Hooli-176,billing176@cloud.io
AC-178,SC-936,LexCorp-177,billing177@cloud.io
AC-179,SC-365,Tyrell Corp-178,billing178@cloud.io
AC-180,SC-1107,Stark Industries-179,billing179@tech.com
AC-181,SC-2762,Hooli-180,billing180@cloud.io
AC-182,SC-2643,Wonka-181,billing181@cloud.io
AC-183,SC-2728,Weyland-Yutani-182,billing182@tech.com
AC-184,SC-115,Vandelay-183,billing183@tech.com
AC-185,SC-1339,Stark Industries-184,billing184@cloud.io
AC-186,SC-469,Massive Dynamic-185,billing185@cloud.io
AC-187,SC-1669,Blue Sun-186,billing186@cloud.io
AC-188,SC-978,Initech-187,billing187@tech.com
AC-189,SC-2755,Initech-188,billing188@tech.com
AC-190,SC-1305,Acme Corp-189,billing189@tech.com
AC-191,SC-1947,Dunder Mifflin-190,billing190@cloud.io
AC-192,SC-237,Wayne Enterprises-191,billing191@tech.com
AC-193,SC-1492,Umbrella Co-192,billing192@cloud.io
AC-194,SC-1560,Weyland-Yutani-193,billing193@cloud.io
AC-195,SC-2607,Pied Piper-194,billing194@tech.com
AC-196,SC-2010,Globex-195,billing195@cloud.io
AC-197,SC-784,Blue Sun-196,billing196@cloud.io
AC-198,SC-459,Globex-197,billing197@tech.com
AC-199,SC-926,Oscorp-198,billing198@tech.com
AC-200,SC-2597,Oscorp-199,billing199@cloud.io
AC-201,SC-2476,Tyrell Corp-200,billing200@cloud.io
AC-202,SC-678,Wonka-201,billing201@cloud.io
AC-203,SC-1776,Massive Dynamic-202,billing202@tech.com
AC-204,SC-2606,Cyberdyne-203,billing203@tech.com
AC-205,SC-1025,Blue Sun-204,billing204@tech.com
AC-206,SC-696,LexCorp-205,billing205@tech.com
AC-207,SC-98,Vandelay-206,billing206@cloud.io
AC-208,SC-1676,Pied Piper-207,billing207@tech.com
AC-209,SC-2193,Black Mesa-208,billing208@tech.com
AC-210,SC-1094,Dunder Mifflin-209,billing209@cloud.io
AC-211,SC-2166,Aperture-210,billing210@tech.com
AC-212,SC-1245,Tyrell Corp-211,billing211@tech.com
AC-213,SC-1710,LexCorp-212,billing212@tech.com
AC-214,SC-1353,Umbrella Co-213,billing213@cloud.io
AC-215,SC-2369,Hooli-214,billing214@tech.com
AC-216,SC-2251,Stark Industries-215,billing215@cloud.io
AC-217,SC-1197,Weyland-Yutani-216,billing216@tech.com
AC-218,SC-38,Vandelay-217,billing217@cloud.io
AC-219,SC-1190,Acme Corp-218,billing218@cloud.io
AC-220,SC-1803,Umbrella Co-219,billing219@tech.com
AC-221,SC-2409,Tyrell Corp-220,billing220@tech.com
AC-222,SC-2952,Acme Corp-221,billing221@tech.com
AC-223,SC-991,Pied Piper-222,billing222@cloud.io
AC-224,SC-2291,Oscorp-223,billing223@tech.com
AC-225,SC-2414,Pied Piper-224,billing224@cloud.io
AC-226,SC-1121,Globex-225,billing225@tech.com
AC-227,SC-2705,Weyland-Yutani-226,billing226@cloud.io
AC-228,SC-1069,Pied Piper-227,billing227@cloud.io
AC-229,SC-2234,LexCorp-228,billing228@tech.com
AC-230,SC-1948,Umbrella Co-229,billing229@cloud.io
AC-231,SC-1864,Acme Corp-230,billing230@cloud.io
AC-232,SC-1917,Blue Sun-231,billing231@tech.com
AC-233,SC-1404,Stark Industries-232,billing232@tech.com
AC-234,SC-1388,Cyberdyne-233,billing233@tech.com
AC-235,SC-1562,Weyland-Yutani-234,billing234@cloud.io
AC-236,SC-1886,Weyland-Yutani-235,billing235@cloud.io
AC-237,SC-917,Blue Sun-236,billing236@cloud.io
AC-238,SC-1055,Wonka-237,billing237@cloud.io
AC-239,SC-1985,Aperture-238,billing238@cloud.io
AC-240,SC-1578,Acme Corp-239,billing239@tech.com
AC-241,SC-2954,Oscorp-240,billing240@tech.com
AC-242,SC-1635,Black Mesa-241,billing241@cloud.io
AC-243,SC-1558,Pied Piper-242,billing242@tech.com
AC-244,SC-2303,Blue Sun-243,billing243@cloud.io
AC-245,SC-360,Stark Industries-244,billing244@cloud.io
AC-246,SC-335,Tyrell Corp-245,billing245@cloud.io
AC-247,SC-1152,Aperture-246,billing246@tech.com
AC-248,SC-293,Wonka-247,billing247@tech.com
AC-249,SC-943,Vandelay-248,billing248@tech.com
AC-250,SC-626,Wayne Enterprises-249,billing249@cloud.io
AC-251,SC-22,Hooli-250,billing250@cloud.io
AC-252,SC-256,Pied Piper-251,billing251@cloud.io
AC-253,SC-2203,Pied Piper-252,billing252@cloud.io
AC-254,SC-1133,Black Mesa-253,billing253@cloud.io
AC-255,SC-1969,Wonka-254,billing254@cloud.io
AC-256,SC-2744,Cyberdyne-255,billing255@cloud.io
AC-257,SC-1325,Vandelay-256,billing256@cloud.io
AC-258,SC-154,Acme Corp-257,billing257@tech.com
AC-259,SC-669,Vandelay-258,billing258@cloud.io
AC-260,SC-2989,Globex-259,billing259@cloud.io
AC-261,SC-2336,Initech-260,billing260@tech.com
AC-262,SC-667,Blue Sun-261,billing261@tech.com
AC-263,SC-1625,Globex-262,billing262@cloud.io
AC-264,SC-329,Black Mesa-263,billing263@tech.com
AC-265,SC-2524,Oscorp-264,billing264@tech.com
AC-266,SC-2140,Vandelay-265,billing265@cloud.io
AC-267,SC-2995,Wonka-266,billing266@cloud.io
AC-268,SC-862,Black Mesa-267,billing267@tech.com
AC-269,SC-114,Wayne Enterprises-268,billing268@cloud.io
AC-270,SC-2543,Wonka-269,billing269@cloud.io
AC-271,SC-1949,Cyberdyne-270,billing270@cloud.io
AC-272,SC-2074,Blue Sun-271,billing271@cloud.io
AC-273,SC-648,Wonka-272,billing272@tech.com
AC-274,SC-2267,Oscorp-273,billing273@tech.com
AC-275,SC-1231,LexCorp-274,billing274@tech.com
AC-276,SC-2662,Wayne Enterprises-275,billing275@tech.com
AC-277,SC-2602,Umbrella Co-276,billing276@cloud.io
AC-278,SC-1466,Wonka-277,billing277@cloud.io
AC-279,SC-868,Acme Corp-278,billing278@tech.com
AC-280,SC-1206,Tyrell Corp-279,billing279@cloud.io
AC-281,SC-2859,Aperture-280,billing280@cloud.io
AC-282,SC-2289,Black Mesa-281,billing281@cloud.io
AC-283,SC-121,Wonka-282,billing282@tech.com
AC-284,SC-2623,Tyrell Corp-283,billing283@tech.com
AC-285,SC-910,Acme Corp-284,billing284@tech.com
AC-286,SC-2647,Cyberdyne-285,billing285@tech.com
AC-287,SC-13,Stark Industries-286,billing286@cloud.io
AC-288,SC-106,Umbrella Co-287,billing287@tech.com
AC-289,SC-2942,Tyrell Corp-288,billing288@cloud.io
AC-290,SC-1323,LexCorp-289,billing289@cloud.io
AC-291,SC-1505,Hooli-290,billing290@tech.com
AC-292,SC-1153,Initech-291,billing291@cloud.io
AC-293,SC-710,Umbrella Co-292,billing292@tech.com
AC-294,SC-2745,Vandelay-293,billing293@cloud.io
AC-295,SC-1138,Hooli-294,billing294@cloud.io
AC-296,SC-2372,LexCorp-295,billing295@cloud.io
AC-297,SC-319,Tyrell Corp-296,billing296@tech.com
AC-298,SC-2145,Wayne Enterprises-297,billing297@tech.com
AC-299,SC-2810,Umbrella Co-298,billing298@cloud.io
AC-300,SC-539,Pied Piper-299,billing299@cloud.io
AC-301,SC-75,LexCorp-300,billing300@tech.com
AC-302,SC-272,Oscorp-301,billing301@cloud.io
AC-303,SC-293,Hooli-302,billing302@tech.com
AC-304,SC-1526,Umbrella Co-303,billing303@tech.com
AC-305,SC-2741,Cyberdyne-304,billing304@cloud.io
AC-306,SC-2451,Pied Piper-305,billing305@cloud.io
AC-307,SC-1404,Cyberdyne-306,billing306@cloud.io
AC-308,SC-579,Acme Corp-307,billing307@cloud.io
AC-309,SC-1461,Cyberdyne-308,billing308@tech.com
AC-310,SC-411,Black Mesa-309,billing309@cloud.io
AC-311,SC-685,Dunder Mifflin-310,billing310@cloud.io
AC-312,SC-197,Massive Dynamic-311,billing311@tech.com
AC-313,SC-1155,Hooli-312,billing312@tech.com
AC-314,SC-2374,Massive Dynamic-313,billing313@cloud.io
AC-315,SC-2224,Acme Corp-314,billing314@cloud.io
AC-316,SC-2048,Dunder Mifflin-315,billing315@cloud.io
AC-317,SC-1735,Tyrell Corp-316,billing316@cloud.io
AC-318,SC-818,Vandelay-317,billing317@tech.com
AC-319,SC-2926,Stark Industries-318,billing318@cloud.io
AC-320,SC-2986,Stark Industries-319,billing319@cloud.io
AC-321,SC-343,Umbrella Co-320,billing320@cloud.io
AC-322,SC-73,Acme Corp-321,billing321@tech.com
AC-323,SC-1163,Globex-322,billing322@cloud.io
AC-324,SC-1335,Hooli-323,billing323@tech.com
AC-325,SC-2996,Black Mesa-324,billing324@tech.com
AC-326,SC-2413,Stark Industries-325,billing325@cloud.io
AC-327,SC-2001,Vandelay-326,billing326@tech.com
AC-328,SC-449,Stark Industries-327,billing327@tech.com
AC-329,SC-1469,Cyberdyne-328,billing328@tech.com
AC-330,SC-2429,LexCorp-329,billing329@tech.com
AC-331,SC-2370,Wayne Enterprises-330,billing330@tech.com
AC-332,SC-619,Blue Sun-331,billing331@cloud.io
AC-333,SC-17,Pied Piper-332,billing332@cloud.io
AC-334,SC-72,Cyberdyne-333,billing333@cloud.io
AC-335,SC-1586,Initech-334,billing334@cloud.io
AC-336,SC-1218,Initech-335,billing335@cloud.io
AC-337,SC-1060,Black Mesa-336,billing336@cloud.io
AC-338,SC-1097,Pied Piper-337,billing337@tech.com
AC-339,SC-2256,Tyrell Corp-338,billing338@tech.com
AC-340,SC-793,Pied Piper-339,billing339@tech.com
AC-341,SC-1355,Vandelay-340,billing340@tech.com
AC-342,SC-1769,Cyberdyne-341,billing341@tech.com
AC-343,SC-1655,Weyland-Yutani-342,billing342@cloud.io
AC-344,SC-1029,Tyrell Corp-343,billing343@cloud.io
AC-345,SC-1722,Vandelay-344,billing344@tech.com
AC-346,SC-1185,Blue Sun-345,billing345@cloud.io
AC-347,SC-690,Hooli-346,billing346@cloud.io
AC-348,SC-601,LexCorp-347,billing347@tech.com
AC-349,SC-103,Umbrella Co-348,billing348@cloud.io
AC-350,SC-2907,LexCorp-349,billing349@cloud.io
AC-351,SC-2112,Hooli-350,billing350@cloud.io
AC-352,SC-2720,Dunder Mifflin-351,billing351@cloud.io
AC-353,SC-104,Acme Corp-352,billing352@tech.com
AC-354,SC-356,Wonka-353,billing353@tech.com
AC-355,SC-2178,Wayne Enterprises-354,billing354@cloud.io
AC-356,SC-2201,Umbrella Co-355,billing355@cloud.io
AC-357,SC-1434,Aperture-356,billing356@tech.com
AC-358,SC-130,Initech-357,billing357@tech.com
AC-359,SC-758,Globex-358,billing358@tech.com
AC-360,SC-2524,Globex-359,billing359@cloud.io
AC-361,SC-845,Wayne Enterprises-360,billing360@cloud.io
AC-362,SC-2719,Wayne Enterprises-361,billing361@cloud.io
AC-363,SC-518,Pied Piper-362,billing362@cloud.io
AC-364,SC-2333,Initech-363,billing363@tech.com
AC-365,SC-2663,Blue Sun-364,billing364@cloud.io
AC-366,SC-992,Blue Sun-365,billing365@tech.com
AC-367,SC-1281,Initech-366,billing366@tech.com
AC-368,SC-1246,Umbrella Co-367,billing367@cloud.io
AC-369,SC-2376,Oscorp-368,billing368@cloud.io
AC-370,SC-521,Tyrell Corp-369,billing369@tech.com
AC-371,SC-1006,Blue Sun-370,billing370@cloud.io
AC-372,SC-1687,Umbrella Co-371,billing371@tech.com
AC-373,SC-2418,Stark Industries-372,billing372@cloud.io
AC-374,SC-1027,Tyrell Corp-373,billing373@cloud.io
AC-375,SC-1163,Aperture-374,billing374@cloud.io
AC-376,SC-2596,Wonka-375,billing375@tech.com
AC-377,SC-91,Wayne Enterprises-376,billing376@tech.com
AC-378,SC-11,Vandelay-377,billing377@tech.com
AC-379,SC-1661,Oscorp-378,billing378@tech.com
AC-380,SC-2539,Dunder Mifflin-379,billing379@tech.com
AC-381,SC-754,Globex-380,billing380@cloud.io
AC-382,SC-351,Stark Industries-381,billing381@tech.com
AC-383,SC-2803,Vandelay-382,billing382@tech.com
AC-384,SC-898,Hooli-383,billing383@cloud.io
AC-385,SC-2125,Aperture-384,billing384@cloud.io
AC-386,SC-2972,Umbrella Co-385,billing385@cloud.io
AC-387,SC-2759,Wonka-386,billing386@tech.com
AC-388,SC-528,Tyrell Corp-387,billing387@cloud.io
AC-389,SC-326,Tyrell Corp-388,billing388@tech.com
AC-390,SC-496,LexCorp-389,billing389@tech.com
AC-391,SC-571,Cyberdyne-390,billing390@cloud.io
AC-392,SC-2673,Oscorp-391,billing391@cloud.io
AC-393,SC-2749,LexCorp-392,billing392@tech.com
AC-394,SC-1196,Massive Dynamic-393,billing393@tech.com
AC-395,SC-2657,Pied Piper-394,billing394@tech.com
AC-396,SC-2970,Weyland-Yutani-395,billing395@cloud.io
AC-397,SC-2996,Acme Corp-396,billing396@tech.com
AC-398,SC-2473,Pied Piper-397,billing397@tech.com
AC-399,SC-1984,Wayne Enterprises-398,billing398@tech.com
AC-400,SC-108,Black Mesa-399,billing399@tech.com
AC-401,SC-224,Massive Dynamic-400,billing400@tech.com
AC-402,SC-1090,Initech-401,billing401@cloud.io
AC-403,SC-2421,Wayne Enterprises-402,billing402@tech.com
AC-404,SC-541,Acme Corp-403,billing403@tech.com
AC-405,SC-331,Blue Sun-404,billing404@tech.com
AC-406,SC-1293,LexCorp-405,billing405@tech.com
AC-407,SC-571,Massive Dynamic-406,billing406@tech.com
AC-408,SC-679,Massive Dynamic-407,billing407@tech.com
AC-409,SC-966,Initech-408,billing408@tech.com
AC-410,SC-2807,Pied Piper-409,billing409@cloud.io
AC-411,SC-2573,Stark Industries-410,billing410@tech.com
AC-412,SC-1513,Globex-411,billing411@cloud.io
AC-413,SC-1478,Pied Piper-412,billing412@cloud.io
AC-414,SC-1787,Acme Corp-413,billing413@tech.com
AC-415,SC-1237,Oscorp-414,billing414@tech.com
AC-416,SC-190,Aperture-415,billing415@cloud.io
AC-417,SC-1115,Tyrell Corp-416,billing416@cloud.io
AC-418,SC-2552,Vandelay-417,billing417@cloud.io
AC-419,SC-1753,Acme Corp-418,billing418@cloud.io
AC-420,SC-2206,Initech-419,billing419@cloud.io
AC-421,SC-2207,Initech-420,billing420@cloud.io
AC-422,SC-1089,Massive Dynamic-421,billing421@cloud.io
AC-423,SC-2841,Oscorp-422,billing422@cloud.io
AC-424,SC-2919,Globex-423,billing423@cloud.io
AC-425,SC-2965,Blue Sun-424,billing424@cloud.io
AC-426,SC-2750,Umbrella Co-425,billing425@tech.com
AC-427,SC-1565,Massive Dynamic-426,billing426@cloud.io
AC-428,SC-2959,Cyberdyne-427,billing427@cloud.io
AC-429,SC-999,Stark Industries-428,billing428@tech.com
AC-430,SC-2091,Massive Dynamic-429,billing429@cloud.io
AC-431,SC-725,Pied Piper-430,billing430@tech.com
AC-432,SC-2309,Tyrell Corp-431,billing431@cloud.io
AC-433,SC-1895,Aperture-432,billing432@cloud.io
AC-434,SC-2727,Weyland-Yutani-433,billing433@cloud.io
AC-435,SC-1259,Tyrell Corp-434,billing434@cloud.io
AC-436,SC-2573,Hooli-435,billing435@tech.com
AC-437,SC-2514,Cyberdyne-436,billing436@cloud.io
AC-438,SC-1383,Wayne Enterprises-437,billing437@cloud.io
AC-439,SC-2015,Oscorp-438,billing438@cloud.io
AC-440,SC-1950,Tyrell Corp-439,billing439@cloud.io
AC-441,SC-2679,Weyland-Yutani-440,billing440@tech.com
AC-442,SC-1635,LexCorp-441,billing441@cloud.io
AC-443,SC-1396,Cyberdyne-442,billing442@tech.com
AC-444,SC-572,LexCorp-443,billing443@tech.com
AC-445,SC-1218,Vandelay-444,billing444@cloud.io
AC-446,SC-2015,Wayne Enterprises-445,billing445@cloud.io
AC-447,SC-399,Massive Dynamic-446,billing446@cloud.io
AC-448,SC-2277,Aperture-447,billing447@cloud.io
AC-449,SC-723,Tyrell Corp-448,billing448@cloud.io
AC-450,SC-1876,Blue Sun-449,billing449@tech.com
AC-451,SC-47,LexCorp-450,billing450@cloud.io
AC-452,SC-2314,Weyland-Yutani-451,billing451@tech.com
AC-453,SC-1236,Wonka-452,billing452@cloud.io
AC-454,SC-1982,Massive Dynamic-453,billing453@tech.com
AC-455,SC-1301,Initech-454,billing454@tech.com
AC-456,SC-1526,Stark Industries-455,billing455@tech.com
AC-457,SC-16,Vandelay-456,billing456@cloud.io
AC-458,SC-751,Globex-457,billing457@tech.com
AC-459,SC-5,Initech-458,billing458@cloud.io
AC-460,SC-1148,Blue Sun-459,billing459@tech.com
AC-461,SC-380,Vandelay-460,billing460@tech.com
AC-462,SC-851,Vandelay-461,billing461@tech.com
AC-463,SC-2467,Aperture-462,billing462@tech.com
AC-464,SC-1947,Cyberdyne-463,billing463@tech.com
AC-465,SC-2111,Massive Dynamic-464,billing464@cloud.io
AC-466,SC-1100,Wonka-465,billing465@tech.com
AC-467,SC-2538,Dunder Mifflin-466,billing466@tech.com
AC-468,SC-2721,Stark Industries-467,billing467@cloud.io
AC-469,SC-2400,Dunder Mifflin-468,billing468@cloud.io
AC-470,SC-2473,Massive Dynamic-469,billing469@tech.com
AC-471,SC-636,Tyrell Corp-470,billing470@tech.com
AC-472,SC-1958,Aperture-471,billing471@tech.com
AC-473,SC-2832,Vandelay-472,billing472@tech.com
AC-474,SC-513,LexCorp-473,billing473@tech.com
AC-475,SC-594,Acme Corp-474,billing474@tech.com
AC-476,SC-389,Black Mesa-475,billing475@cloud.io
AC-477,SC-181,Wonka-476,billing476@cloud.io
AC-478,SC-437,Tyrell Corp-477,billing477@cloud.io
AC-479,SC-2230,Oscorp-478,billing478@tech.com
AC-480,SC-5,Tyrell Corp-479,billing479@cloud.io
AC-481,SC-2786,Aperture-480,billing480@tech.com
AC-482,SC-157,Globex-481,billing481@cloud.io
AC-483,SC-1890,Pied Piper-482,billing482@tech.com
AC-484,SC-1473,Vandelay-483,billing483@tech.com
AC-485,SC-1395,Wayne Enterprises-484,billing484@cloud.io
AC-486,SC-1010,Hooli-485,billing485@cloud.io
AC-487,SC-1715,Cyberdyne-486,billing486@tech.com
AC-488,SC-532,Wayne Enterprises-487,billing487@tech.com
AC-489,SC-2944,Cyberdyne-488,billing488@cloud.io
AC-490,SC-1165,LexCorp-489,billing489@tech.com
AC-491,SC-187,Tyrell Corp-490,billing490@tech.com
AC-492,SC-2783,Wonka-491,billing491@cloud.io
AC-493,SC-1300,Hooli-492,billing492@cloud.io
AC-494,SC-784,Vandelay-493,billing493@tech.com
AC-495,SC-1858,Hooli-494,billing494@cloud.io
AC-496,SC-637,Massive Dynamic-495,billing495@tech.com
AC-497,SC-2566,Umbrella Co-496,billing496@cloud.io
AC-498,SC-2416,Hooli-497,billing497@tech.com
AC-499,SC-1823,Wayne Enterprises-498,billing498@cloud.io
AC-500,SC-1534,Black Mesa-499,billing499@tech.com
AC-501,SC-1967,Stark Industries-500,billing500@cloud.io
AC-502,SC-427,Weyland-Yutani-501,billing501@tech.com
AC-503,SC-1361,Blue Sun-502,billing502@cloud.io
AC-504,SC-951,Initech-503,billing503@cloud.io
AC-505,SC-1399,Oscorp-504,billing504@tech.com
AC-506,SC-427,Massive Dynamic-505,billing505@tech.com
AC-507,SC-1940,Wayne Enterprises-506,billing506@cloud.io
AC-508,SC-412,Black Mesa-507,billing507@tech.com
AC-509,SC-927,Umbrella Co-508,billing508@cloud.io
AC-510,SC-123,Tyrell Corp-509,billing509@tech.com
AC-511,SC-1948,Blue Sun-510,billing510@cloud.io
AC-512,SC-449,Oscorp-511,billing511@tech.com
AC-513,SC-719,Umbrella Co-512,billing512@tech.com
AC-514,SC-1234,Weyland-Yutani-513,billing513@cloud.io
AC-515,SC-1946,Tyrell Corp-514,billing514@tech.com
AC-516,SC-99,Massive Dynamic-515,billing515@cloud.io
AC-517,SC-974,Hooli-516,billing516@tech.com
AC-518,SC-129,LexCorp-517,billing517@cloud.io
AC-519,SC-536,Umbrella Co-518,billing518@tech.com
AC-520,SC-978,Pied Piper-519,billing519@tech.com
AC-521,SC-1142,Wonka-520,billing520@cloud.io
AC-522,SC-1211,Black Mesa-521,billing521@tech.com
AC-523,SC-2531,Dunder Mifflin-522,billing522@tech.com
AC-524,SC-2723,Hooli-523,billing523@tech.com
AC-525,SC-2255,Stark Industries-524,billing524@tech.com
AC-526,SC-1161,Weyland-Yutani-525,billing525@tech.com
AC-527,SC-1308,Initech-526,billing526@cloud.io
AC-528,SC-2670,Wayne Enterprises-527,billing527@tech.com
AC-529,SC-2710,Stark Industries-528,billing528@cloud.io
AC-530,SC-2360,Pied Piper-529,billing529@tech.com
AC-531,SC-2142,Globex-530,billing530@cloud.io
AC-532,SC-2696,Tyrell Corp-531,billing531@cloud.io
AC-533,SC-2190,Massive Dynamic-532,billing532@cloud.io
AC-534,SC-579,Dunder Mifflin-533,billing533@tech.com
AC-535,SC-1144,Globex-534,billing534@cloud.io
AC-536,SC-1758,Initech-535,billing535@tech.com
AC-537,SC-2436,LexCorp-536,billing536@tech.com
AC-538,SC-1034,Vandelay-537,billing537@cloud.io
AC-539,SC-1371,Hooli-538,billing538@cloud.io
AC-540,SC-680,LexCorp-539,billing539@tech.com
AC-541,SC-74,Tyrell Corp-540,billing540@cloud.io
AC-542,SC-1143,Wayne Enterprises-541,billing541@tech.com
AC-543,SC-2479,Stark Industries-542,billing542@cloud.io
AC-544,SC-1141,LexCorp-543,billing543@tech.com
AC-545,SC-1331,Hooli-544,billing544@cloud.io
AC-546,SC-1984,Umbrella Co-545,billing545@cloud.io
AC-547,SC-1459,Wayne Enterprises-546,billing546@tech.com
AC-548,SC-1073,LexCorp-547,billing547@cloud.io
AC-549,SC-1686,Dunder Mifflin-548,billing548@tech.com
AC-550,SC-2952,Initech-549,billing549@cloud.io
AC-551,SC-214,Blue Sun-550,billing550@tech.com
AC-552,SC-1732,Blue Sun-551,billing551@tech.com
AC-553,SC-2098,Vandelay-552,billing552@tech.com
AC-554,SC-1967,Tyrell Corp-553,billing553@tech.com
AC-555,SC-979,Aperture-554,billing554@cloud.io
AC-556,SC-1102,Cyberdyne-555,billing555@tech.com
AC-557,SC-493,Tyrell Corp-556,billing556@cloud.io
AC-558,SC-1469,Wonka-557,billing557@tech.com
AC-559,SC-561,Massive Dynamic-558,billing558@tech.com
AC-560,SC-858,Wayne Enterprises-559,billing559@cloud.io
AC-561,SC-534,Dunder Mifflin-560,billing560@tech.com
AC-562,SC-2483,Initech-561,billing561@tech.com
AC-563,SC-629,Dunder Mifflin-562,billing562@tech.com
AC-564,SC-35,Blue Sun-563,billing563@cloud.io
AC-565,SC-1841,Weyland-Yutani-564,billing564@cloud.io
AC-566,SC-215,Pied Piper-565,billing565@tech.com
AC-567,SC-504,Blue Sun-566,billing566@tech.com
AC-568,SC-2606,Dunder Mifflin-567,billing567@tech.com
AC-569,SC-357,Vandelay-568,billing568@cloud.io
AC-570,SC-1070,Weyland-Yutani-569,billing569@tech.com
AC-571,SC-968,Massive Dynamic-570,billing570@tech.com
AC-572,SC-1418,Globex-571,billing571@tech.com
AC-573,SC-1924,Tyrell Corp-572,billing572@tech.com
AC-574,SC-964,Stark Industries-573,billing573@tech.com
AC-575,SC-367,Blue Sun-574,billing574@tech.com
AC-576,SC-2870,Vandelay-575,billing575@tech.com
AC-577,SC-1565,Hooli-576,billing576@tech.com
AC-578,SC-1662,Aperture-577,billing577@cloud.io
AC-579,SC-2165,LexCorp-578,billing578@cloud.io
AC-580,SC-661,Initech-579,billing579@cloud.io
AC-581,SC-1338,Weyland-Yutani-580,billing580@tech.com
AC-582,SC-2995,LexCorp-581,billing581@cloud.io
AC-583,SC-1843,Vandelay-582,billing582@cloud.io
AC-584,SC-2134,Dunder Mifflin-583,billing583@tech.com
AC-585,SC-1250,Vandelay-584,billing584@tech.com
AC-586,SC-2077,Aperture-585,billing585@tech.com
AC-587,SC-314,Dunder Mifflin-586,billing586@cloud.io
AC-588,SC-23,Umbrella Co-587,billing587@cloud.io
AC-589,SC-1903,Stark Industries-588,billing588@tech.com
AC-590,SC-815,Oscorp-589,billing589@cloud.io
AC-591,SC-2690,Tyrell Corp-590,billing590@tech.com
AC-592,SC-2013,Oscorp-591,billing591@cloud.io
AC-593,SC-1929,LexCorp-592,billing592@tech.com
AC-594,SC-843,LexCorp-593,billing593@tech.com
AC-595,SC-1484,Hooli-594,billing594@tech.com
AC-596,SC-2450,Vandelay-595,billing595@tech.com
AC-597,SC-1756,LexCorp-596,billing596@cloud.io
AC-598,SC-1508,Initech-597,billing597@cloud.io
AC-599,SC-1368,Acme Corp-598,billing598@cloud.io
AC-600,SC-2417,Wonka-599,billing599@cloud.io
AC-601,SC-737,Vandelay-600,billing600@tech.com
AC-602,SC-578,Aperture-601,billing601@tech.com
AC-603,SC-2126,Tyrell Corp-602,billing602@tech.com
AC-604,SC-1951,Weyland-Yutani-603,billing603@cloud.io
AC-605,SC-2386,Vandelay-604,billing604@cloud.io
AC-606,SC-656,Wonka-605,billing605@tech.com
AC-607,SC-2065,LexCorp-606,billing606@cloud.io
AC-608,SC-372,Vandelay-607,billing607@tech.com
AC-609,SC-800,Vandelay-608,billing608@cloud.io
AC-610,SC-2617,Weyland-Yutani-609,billing609@tech.com
AC-611,SC-649,Initech-610,billing610@cloud.io
AC-612,SC-492,Vandelay-611,billing611@cloud.io
AC-613,SC-1549,Weyland-Yutani-612,billing612@tech.com
AC-614,SC-198,Tyrell Corp-613,billing613@cloud.io
AC-615,SC-137,Stark Industries-614,billing614@cloud.io
AC-616,SC-2743,Blue Sun-615,billing615@cloud.io
AC-617,SC-375,Oscorp-616,billing616@tech.com
AC-618,SC-1159,Acme Corp-617,billing617@cloud.io
AC-619,SC-1274,Globex-618,billing618@cloud.io
AC-620,SC-2543,Black Mesa-619,billing619@cloud.io
AC-621,SC-292,Tyrell Corp-620,billing620@tech.com
AC-622,SC-1036,Aperture-621,billing621@cloud.io
AC-623,SC-1799,Pied Piper-622,billing622@tech.com
AC-624,SC-1901,Oscorp-623,billing623@tech.com
AC-625,SC-1210,Acme Corp-624,billing624@tech.com
AC-626,SC-662,Pied Piper-625,billing625@tech.com
AC-627,SC-2303,LexCorp-626,billing626@tech.com
AC-628,SC-234,Hooli-627,billing627@cloud.io
AC-629,SC-268,Wayne Enterprises-628,billing628@tech.com
AC-630,SC-426,Cyberdyne-629,billing629@cloud.io
AC-631,SC-331,Weyland-Yutani-630,billing630@tech.com
AC-632,SC-2774,Acme Corp-631,billing631@tech.com
AC-633,SC-609,Globex-632,billing632@tech.com
AC-634,SC-1194,Hooli-633,billing633@cloud.io
AC-635,SC-2589,Oscorp-634,billing634@cloud.io
AC-636,SC-2833,Globex-635,billing635@tech.com
AC-637,SC-220,Massive Dynamic-636,billing636@tech.com
AC-638,SC-1339,Cyberdyne-637,billing637@tech.com
AC-639,SC-790,Cyberdyne-638,billing638@cloud.io
AC-640,SC-2350,Wonka-639,billing639@tech.com
AC-641,SC-2850,Oscorp-640,billing640@cloud.io
AC-642,SC-1932,Acme Corp-641,billing641@cloud.io
AC-643,SC-1688,Tyrell Corp-642,billing642@cloud.io
AC-644,SC-1838,Weyland-Yutani-643,billing643@cloud.io
AC-645,SC-2455,Stark Industries-644,billing644@cloud.io
AC-646,SC-2650,Aperture-645,billing645@cloud.io
AC-647,SC-927,Hooli-646,billing646@tech.com
AC-648,SC-2351,Hooli-647,billing647@tech.com
AC-649,SC-1974,Massive Dynamic-648,billing648@tech.com
AC-650,SC-2445,Cyberdyne-649,billing649@tech.com
AC-651,SC-1286,Cyberdyne-650,billing650@cloud.io
AC-652,SC-638,Pied Piper-651,billing651@tech.com
AC-653,SC-1995,Initech-652,billing652@tech.com
AC-654,SC-1383,Massive Dynamic-653,billing653@tech.com
AC-655,SC-2826,Wayne Enterprises-654,billing654@tech.com
AC-656,SC-1055,Blue Sun-655,billing655@tech.com
AC-657,SC-29,Wayne Enterprises-656,billing656@tech.com
AC-658,SC-738,Dunder Mifflin-657,billing657@tech.com
AC-659,SC-272,Black Mesa-658,billing658@cloud.io
AC-660,SC-1948,LexCorp-659,billing659@tech.com
AC-661,SC-2221,Acme Corp-660,billing660@tech.com
AC-662,SC-2226,Globex-661,billing661@tech.com
AC-663,SC-131,Weyland-Yutani-662,billing662@tech.com
AC-664,SC-414,Initech-663,billing663@cloud.io
AC-665,SC-2041,Cyberdyne-664,billing664@cloud.io
AC-666,SC-739,LexCorp-665,billing665@cloud.io
AC-667,SC-2225,Aperture-666,billing666@cloud.io
AC-668,SC-62,LexCorp-667,billing667@cloud.io
AC-669,SC-2073,Massive Dynamic-668,billing668@cloud.io
AC-670,SC-1586,Wonka-669,billing669@tech.com
AC-671,SC-2778,Initech-670,billing670@tech.com
AC-672,SC-2246,Oscorp-671,billing671@cloud.io
AC-673,SC-1681,Wayne Enterprises-672,billing672@cloud.io
AC-674,SC-2815,Vandelay-673,billing673@tech.com
AC-675,SC-1369,Initech-674,billing674@tech.com
AC-676,SC-941,Stark Industries-675,billing675@tech.com
AC-677,SC-628,Vandelay-676,billing676@tech.com
AC-678,SC-945,Dunder Mifflin-677,billing677@tech.com
AC-679,SC-289,Initech-678,billing678@cloud.io
AC-680,SC-793,Umbrella Co-679,billing679@cloud.io
AC-681,SC-2484,Globex-680,billing680@tech.com
AC-682,SC-1903,Weyland-Yutani-681,billing681@tech.com
AC-683,SC-1061,Initech-682,billing682@cloud.io
AC-684,SC-759,Black Mesa-683,billing683@tech.com
AC-685,SC-1957,Wonka-684,billing684@cloud.io
AC-686,SC-146,Dunder Mifflin-685,billing685@tech.com
AC-687,SC-517,Black Mesa-686,billing686@tech.com
AC-688,SC-2916,Wayne Enterprises-687,billing687@tech.com
AC-689,SC-884,Umbrella Co-688,billing688@tech.com
AC-690,SC-451,Stark Industries-689,billing689@cloud.io
AC-691,SC-1630,Acme Corp-690,billing690@cloud.io
AC-692,SC-2062,Initech-691,billing691@tech.com
AC-693,SC-2969,Umbrella Co-692,billing692@tech.com
AC-694,SC-886,Initech-693,billing693@tech.com
AC-695,SC-2791,Umbrella Co-694,billing694@cloud.io
AC-696,SC-1163,Oscorp-695,billing695@tech.com
AC-697,SC-2380,Wonka-696,billing696@tech.com
AC-698,SC-1517,Weyland-Yutani-697,billing697@cloud.io
AC-699,SC-1367,Tyrell Corp-698,billing698@cloud.io
AC-700,SC-98,Wayne Enterprises-699,billing699@cloud.io
AC-701,SC-2973,Blue Sun-700,billing700@cloud.io
AC-702,SC-1824,Blue Sun-701,billing701@cloud.io
AC-703,SC-1129,Umbrella Co-702,billing702@tech.com
AC-704,SC-111,Vandelay-703,billing703@cloud.io
AC-705,SC-109,Wayne Enterprises-704,billing704@tech.com
AC-706,SC-2476,Acme Corp-705,billing705@cloud.io
AC-707,SC-681,Initech-706,billing706@tech.com
AC-708,SC-2712,Initech-707,billing707@tech.com
AC-709,SC-914,Weyland-Yutani-708,billing708@tech.com
AC-710,SC-1764,Hooli-709,billing709@cloud.io
AC-711,SC-1808,Initech-710,billing710@cloud.io
AC-712,SC-1552,Pied Piper-711,billing711@cloud.io
AC-713,SC-1883,Acme Corp-712,billing712@cloud.io
AC-714,SC-24,Tyrell Corp-713,billing713@tech.com
AC-715,SC-2308,Stark Industries-714,billing714@tech.com
AC-716,SC-537,Umbrella Co-715,billing715@tech.com
AC-717,SC-723,Umbrella Co-716,billing716@tech.com
AC-718,SC-291,Tyrell Corp-717,billing717@cloud.io
AC-719,SC-1711,Globex-718,billing718@tech.com
AC-720,SC-2283,LexCorp-719,billing719@tech.com
AC-721,SC-558,Initech-720,billing720@cloud.io
AC-722,SC-849,Globex-721,billing721@tech.com
AC-723,SC-2824,Vandelay-722,billing722@tech.com
AC-724,SC-559,Pied Piper-723,billing723@cloud.io
AC-725,SC-2621,Black Mesa-724,billing724@cloud.io
AC-726,SC-2809,Aperture-725,billing725@cloud.io
AC-727,SC-544,Wonka-726,billing726@cloud.io
AC-728,SC-1176,LexCorp-727,billing727@tech.com
AC-729,SC-720,Aperture-728,billing728@cloud.io
AC-730,SC-2391,Massive Dynamic-729,billing729@cloud.io
AC-731,SC-2951,Weyland-Yutani-730,billing730@cloud.io
AC-732,SC-1558,Oscorp-731,billing731@tech.com
AC-733,SC-1380,Oscorp-732,billing732@cloud.io
AC-734,SC-2556,Tyrell Corp-733,billing733@tech.com
AC-735,SC-520,Cyberdyne-734,billing734@tech.com
AC-736,SC-142,Weyland-Yutani-735,billing735@tech.com
AC-737,SC-1339,Globex-736,billing736@cloud.io
AC-738,SC-1372,Weyland-Yutani-737,billing737@cloud.io
AC-739,SC-820,Globex-738,billing738@cloud.io
AC-740,SC-720,LexCorp-739,billing739@tech.com
AC-741,SC-241,Dunder Mifflin-740,billing740@cloud.io
AC-742,SC-179,Globex-741,billing741@tech.com
AC-743,SC-1345,Oscorp-742,billing742@cloud.io
AC-744,SC-1221,Wonka-743,billing743@tech.com
AC-745,SC-2464,Blue Sun-744,billing744@tech.com
AC-746,SC-631,LexCorp-745,billing745@tech.com
AC-747,SC-1589,Cyberdyne-746,billing746@cloud.io
AC-748,SC-1554,Aperture-747,billing747@tech.com
AC-749,SC-2399,LexCorp-748,billing748@cloud.io
AC-750,SC-1951,Globex-749,billing749@tech.com
AC-751,SC-1311,Acme Corp-750,billing750@cloud.io
AC-752,SC-1771,Wayne Enterprises-751,billing751@tech.com
AC-753,SC-269,Hooli-752,billing752@tech.com
AC-754,SC-122,Blue Sun-753,billing753@cloud.io
AC-755,SC-2508,Aperture-754,billing754@tech.com
AC-756,SC-82,Wonka-755,billing755@cloud.io
AC-757,SC-2843,Aperture-756,billing756@tech.com
AC-758,SC-968,Wayne Enterprises-757,billing757@cloud.io
AC-759,SC-2177,Initech-758,billing758@cloud.io
AC-760,SC-2117,Vandelay-759,billing759@cloud.io
AC-761,SC-661,Vandelay-760,billing760@tech.com
AC-762,SC-664,Hooli-761,billing761@cloud.io
AC-763,SC-2390,Pied Piper-762,billing762@cloud.io
AC-764,SC-1232,Acme Corp-763,billing763@tech.com
AC-765,SC-2648,Vandelay-764,billing764@tech.com
AC-766,SC-524,Umbrella Co-765,billing765@tech.com
AC-767,SC-918,Umbrella Co-766,billing766@tech.com
AC-768,SC-2348,Hooli-767,billing767@cloud.io
AC-769,SC-1455,Vandelay-768,billing768@tech.com
AC-770,SC-1416,Vandelay-769,billing769@cloud.io
AC-771,SC-2352,Initech-770,billing770@tech.com
AC-772,SC-365,Dunder Mifflin-771,billing771@tech.com
AC-773,SC-2650,Stark Industries-772,billing772@tech.com
AC-774,SC-2323,Stark Industries-773,billing773@cloud.io
AC-775,SC-2627,Massive Dynamic-774,billing774@tech.com
AC-776,SC-2507,Cyberdyne-775,billing775@tech.com
AC-777,SC-306,Aperture-776,billing776@cloud.io
AC-778,SC-1746,Acme Corp-777,billing777@cloud.io
AC-779,SC-2739,Hooli-778,billing778@tech.com
AC-780,SC-1779,Blue Sun-779,billing779@tech.com
AC-781,SC-493,Wayne Enterprises-780,billing780@cloud.io
AC-782,SC-644,Vandelay-781,billing781@tech.com
AC-783,SC-1828,Tyrell Corp-782,billing782@tech.com
AC-784,SC-1515,Initech-783,billing783@cloud.io
AC-785,SC-1973,Wonka-784,billing784@cloud.io
AC-786,SC-1912,Hooli-785,billing785@tech.com
AC-787,SC-890,Wayne Enterprises-786,billing786@cloud.io
AC-788,SC-1954,Umbrella Co-787,billing787@cloud.io
AC-789,SC-2604,Cyberdyne-788,billing788@tech.com
AC-790,SC-1030,Oscorp-789,billing789@cloud.io
AC-791,SC-2024,Tyrell Corp-790,billing790@tech.com
AC-792,SC-1776,Initech-791,billing791@tech.com
AC-793,SC-807,Vandelay-792,billing792@cloud.io
AC-794,SC-1331,Weyland-Yutani-793,billing793@tech.com
AC-795,SC-1989,Hooli-794,billing794@tech.com
AC-796,SC-1462,Wayne Enterprises-795,billing795@tech.com
AC-797,SC-956,LexCorp-796,billing796@tech.com
AC-798,SC-1296,Vandelay-797,billing797@cloud.io
AC-799,SC-2590,Stark Industries-798,billing798@cloud.io
AC-800,SC-200,Wonka-799,billing799@cloud.io
AC-801,SC-2780,Vandelay-800,billing800@cloud.io
AC-802,SC-1898,Stark Industries-801,billing801@cloud.io
AC-803,SC-344,Pied Piper-802,billing802@cloud.io
AC-804,SC-352,Pied Piper-803,billing803@cloud.io
AC-805,SC-776,Wayne Enterprises-804,billing804@cloud.io
AC-806,SC-100,Initech-805,billing805@tech.com
AC-807,SC-2906,Dunder Mifflin-806,billing806@tech.com
AC-808,SC-580,Aperture-807,billing807@cloud.io
AC-809,SC-1842,Wonka-808,billing808@tech.com
AC-810,SC-1557,Oscorp-809,billing809@cloud.io
AC-811,SC-489,Massive Dynamic-810,billing810@cloud.io
AC-812,SC-1706,Stark Industries-811,billing811@tech.com
AC-813,SC-1558,Umbrella Co-812,billing812@tech.com
AC-814,SC-345,Globex-813,billing813@tech.com
AC-815,SC-1822,Wayne Enterprises-814,billing814@cloud.io
AC-816,SC-2651,Aperture-815,billing815@tech.com
AC-817,SC-1161,Pied Piper-816,billing816@tech.com
AC-818,SC-2851,Hooli-817,billing817@cloud.io
AC-819,SC-636,Cyberdyne-818,billing818@cloud.io
AC-820,SC-805,Hooli-819,billing819@cloud.io
AC-821,SC-338,Oscorp-820,billing820@tech.com
AC-822,SC-2541,Wayne Enterprises-821,billing821@tech.com
AC-823,SC-270,Pied Piper-822,billing822@cloud.io
AC-824,SC-411,Hooli-823,billing823@tech.com
AC-825,SC-1723,Wonka-824,billing824@tech.com
AC-826,SC-267,Stark Industries-825,billing825@tech.com
AC-827,SC-1421,Oscorp-826,billing826@cloud.io
AC-828,SC-249,Oscorp-827,billing827@tech.com
AC-829,SC-2300,Pied Piper-828,billing828@tech.com
AC-830,SC-1223,Globex-829,billing829@tech.com
AC-831,SC-741,Stark Industries-830,billing830@tech.com
AC-832,SC-1263,Cyberdyne-831,billing831@tech.com
AC-833,SC-1783,Globex-832,billing832@cloud.io
AC-834,SC-635,Wayne Enterprises-833,billing833@tech.com
AC-835,SC-874,Wonka-834,billing834@cloud.io
AC-836,SC-20,Massive Dynamic-835,billing835@tech.com
AC-837,SC-1640,Initech-836,billing836@cloud.io
AC-838,SC-1773,Tyrell Corp-837,billing837@cloud.io
AC-839,SC-2588,Black Mesa-838,billing838@tech.com
AC-840,SC-2624,Umbrella Co-839,billing839@cloud.io
AC-841,SC-1726,Pied Piper-840,billing840@tech.com
AC-842,SC-1119,Umbrella Co-841,billing841@tech.com
AC-843,SC-13,Cyberdyne-842,billing842@cloud.io
AC-844,SC-780,Pied Piper-843,billing843@tech.com
AC-845,SC-1864,Oscorp-844,billing844@cloud.io
AC-846,SC-1261,Weyland-Yutani-845,billing845@cloud.io
AC-847,SC-2075,Pied Piper-846,billing846@cloud.io
AC-848,SC-2078,Aperture-847,billing847@cloud.io
AC-849,SC-1802,Vandelay-848,billing848@tech.com
AC-850,SC-15,Initech-849,billing849@tech.com
AC-851,SC-2558,Wonka-850,billing850@cloud.io
AC-852,SC-2714,Massive Dynamic-851,billing851@tech.com
AC-853,SC-259,Wonka-852,billing852@cloud.io
AC-854,SC-2953,Wonka-853,billing853@cloud.io
AC-855,SC-1434,Hooli-854,billing854@tech.com
AC-856,SC-2044,Stark Industries-855,billing855@tech.com
AC-857,SC-551,Cyberdyne-856,billing856@cloud.io
AC-858,SC-1932,Wayne Enterprises-857,billing857@tech.com
AC-859,SC-2503,Hooli-858,billing858@tech.com
AC-860,SC-2316,LexCorp-859,billing859@tech.com
AC-861,SC-2615,Wayne Enterprises-860,billing860@tech.com
AC-862,SC-1927,Dunder Mifflin-861,billing861@tech.com
AC-863,SC-409,Massive Dynamic-862,billing862@tech.com
AC-864,SC-813,Globex-863,billing863@tech.com
AC-865,SC-2298,Cyberdyne-864,billing864@tech.com
AC-866,SC-2715,Cyberdyne-865,billing865@cloud.io
AC-867,SC-2622,Wayne Enterprises-866,billing866@cloud.io
AC-868,SC-2315,Tyrell Corp-867,billing867@cloud.io
AC-869,SC-1220,Initech-868,billing868@cloud.io
AC-870,SC-95,Hooli-869,billing869@cloud.io
AC-871,SC-1345,Umbrella Co-870,billing870@tech.com
AC-872,SC-380,Hooli-871,billing871@cloud.io
AC-873,SC-2402,Oscorp-872,billing872@cloud.io
AC-874,SC-2987,Stark Industries-873,billing873@cloud.io
AC-875,SC-369,Globex-874,billing874@tech.com
AC-876,SC-2788,Initech-875,billing875@cloud.io
AC-877,SC-2378,LexCorp-876,billing876@cloud.io
AC-878,SC-1574,Stark Industries-877,billing877@tech.com
AC-879,SC-2192,Cyberdyne-878,billing878@cloud.io
AC-880,SC-1247,Initech-879,billing879@tech.com
AC-881,SC-414,Pied Piper-880,billing880@cloud.io
AC-882,SC-904,Tyrell Corp-881,billing881@cloud.io
AC-883,SC-971,Pied Piper-882,billing882@tech.com
AC-884,SC-2987,Dunder Mifflin-883,billing883@cloud.io
AC-885,SC-2253,Acme Corp-884,billing884@tech.com
AC-886,SC-217,Hooli-885,billing885@cloud.io
AC-887,SC-1905,LexCorp-886,billing886@tech.com
AC-888,SC-2539,Wayne Enterprises-887,billing887@tech.com
AC-889,SC-2342,Vandelay-888,billing888@tech.com
AC-890,SC-228,Stark Industries-889,billing889@tech.com
AC-891,SC-2358,Aperture-890,billing890@cloud.io
AC-892,SC-2080,Hooli-891,billing891@tech.com
AC-893,SC-1557,Black Mesa-892,billing892@cloud.io
AC-894,SC-2424,Globex-893,billing893@cloud.io
AC-895,SC-1969,Wayne Enterprises-894,billing894@cloud.io
AC-896,SC-2528,Hooli-895,billing895@cloud.io
AC-897,SC-2658,Massive Dynamic-896,billing896@cloud.io
AC-898,SC-2121,Weyland-Yutani-897,billing897@tech.com
AC-899,SC-1914,Stark Industries-898,billing898@cloud.io
AC-900,SC-1804,Hooli-899,billing899@tech.com
