request_id,customer_id,title,votes,created_at
FR-1,SC-2216,批量操作,183,03-11-2026
FR-2,SC-1609,SSO,148,2025-01-27
FR-3,SC-2702,移动端,100,2025-03-05
FR-4,SC-562,审计日志,136,07/18/2026
FR-5,SC-1051,API 增强,28,02/25/2026
FR-6,SC-801,报表导出,171,2025-07-07
FR-7,SC-2167,SSO,122,11/26/2025
FR-8,SC-2298,移动端,10,16-04-2025
FR-9,SC-2815,移动端,97,26-01-2026
FR-10,SC-1336,报表导出,176,10/09/2025
FR-11,SC-247,审计日志,56,2025-06-18
FR-12,SC-587,批量操作,67,10/22/2025
FR-13,SC-846,审计日志,6,05/11/2026
FR-14,SC-1548,SSO,158,2025-11-01
FR-15,SC-808,审计日志,47,2026-05-07
FR-16,SC-2340,移动端,103,2025-02-26
FR-17,SC-640,报表导出,120,12-03-2026
FR-18,SC-2068,批量操作,111,09/20/2026
FR-19,SC-1445,API 增强,61,2026-01-21
FR-20,SC-2682,移动端,160,2026-12-07
FR-21,SC-519,移动端,145,04/04/2026
FR-22,SC-1348,SSO,137,05-02-2026
FR-23,SC-2735,批量操作,46,26-07-2025
FR-24,SC-1941,审计日志,18,2026-06-11
FR-25,SC-2638,移动端,169,22-08-2026
FR-26,SC-830,多语言,9,2025-02-16
FR-27,SC-1919,移动端,117,01/06/2026
FR-28,SC-1332,多语言,83,10/01/2025
FR-29,SC-1301,审计日志,176,2026-04-04
FR-30,SC-1469,移动端,1,03/16/2026
FR-31,SC-1029,SSO,57,16-03-2026
FR-32,SC-645,API 增强,69,08/06/2026
FR-33,SC-2584,SSO,38,2025-03-14
FR-34,SC-2967,SSO,169,19-03-2025
FR-35,SC-1024,API 增强,65,2025-06-26
FR-36,SC-92,多语言,185,01/04/2025
FR-37,SC-2960,移动端,70,12/28/2025
FR-38,SC-1342,报表导出,124,2025-10-04
FR-39,SC-276,SSO,25,2026-11-19
FR-40,SC-2028,批量操作,45,2026-08-20
FR-41,SC-2844,报表导出,155,2026-12-08
FR-42,SC-173,报表导出,99,2026-11-22
FR-43,SC-181,API 增强,192,02-03-2026
FR-44,SC-2990,审计日志,43,01/26/2025
FR-45,SC-519,移动端,67,06/18/2025
FR-46,SC-2935,批量操作,188,04/14/2025
FR-47,SC-252,API 增强,20,07-12-2026
FR-48,SC-1011,报表导出,21,11/11/2026
FR-49,SC-2525,审计日志,34,2025-12-13
FR-50,SC-1578,SSO,135,12/04/2025
FR-51,SC-2662,多语言,150,07/15/2026
FR-52,SC-1338,批量操作,114,2025-05-23
FR-53,SC-1622,SSO,175,24-03-2026
FR-54,SC-555,SSO,15,04/13/2025
FR-55,SC-972,移动端,99,2025-07-09
FR-56,SC-785,API 增强,74,2026-10-04
FR-57,SC-1543,SSO,49,2026-01-09
FR-58,SC-1511,批量操作,108,2025-06-07
FR-59,SC-1677,API 增强,138,21-12-2025
FR-60,SC-1437,SSO,9,12-03-2025
FR-61,SC-2237,SSO,101,2026-09-08
FR-62,SC-506,移动端,69,07/17/2026
FR-63,SC-321,SSO,30,2026-04-19
FR-64,SC-1680,SSO,189,2026-03-25
FR-65,SC-2960,审计日志,39,01-07-2025
FR-66,SC-472,多语言,60,2025-05-13
FR-67,SC-610,报表导出,69,2026-10-20
FR-68,SC-2007,移动端,106,2026-11-09
FR-69,SC-1929,审计日志,75,2025-09-12
FR-70,SC-542,多语言,147,2025-09-19
FR-71,SC-1309,审计日志,1,03/27/2026
FR-72,SC-594,多语言,142,2026-12-08
FR-73,SC-2925,API 增强,184,2026-10-26
FR-74,SC-2524,批量操作,63,2026-09-20
FR-75,SC-2082,移动端,63,28-10-2026
FR-76,SC-507,API 增强,76,2025-07-05
FR-77,SC-1731,SSO,72,2026-11-13
FR-78,SC-2360,批量操作,170,05/20/2026
FR-79,SC-168,批量操作,183,08/16/2026
FR-80,SC-1745,移动端,133,05/21/2026
FR-81,SC-2224,移动端,127,2026-02-08
FR-82,SC-1536,SSO,129,08/08/2025
FR-83,SC-746,报表导出,69,2025-07-28
FR-84,SC-2866,审计日志,142,09-12-2026
FR-85,SC-1109,报表导出,113,26-01-2026
FR-86,SC-2174,审计日志,165,2025-04-10
FR-87,SC-421,SSO,190,16-03-2026
FR-88,SC-1370,移动端,147,2025-05-11
FR-89,SC-2052,多语言,27,2026-10-19
FR-90,SC-1952,报表导出,184,2025-01-07
FR-91,SC-1298,SSO,190,08/15/2026
FR-92,SC-1118,SSO,59,08/13/2025
FR-93,SC-762,API 增强,7,16-04-2025
FR-94,SC-50,移动端,85,2025-06-27
FR-95,SC-1519,API 增强,2,11-03-2026
FR-96,SC-2050,多语言,49,14-04-2026
FR-97,SC-1953,API 增强,134,06/09/2026
FR-98,SC-2892,审计日志,159,20-03-2026
FR-99,SC-992,多语言,42,2026-04-22
FR-100,SC-2751,多语言,114,2025-02-02
FR-101,SC-2873,批量操作,23,08/04/2025
FR-102,SC-2972,审计日志,67,08-01-2025
FR-103,SC-2164,批量操作,28,2025-05-11
FR-104,SC-2413,SSO,135,2025-05-27
FR-105,SC-1530,报表导出,37,20-04-2026
FR-106,SC-1685,报表导出,57,2026-07-06
FR-107,SC-2891,批量操作,67,2026-09-16
FR-108,SC-846,多语言,166,2026-08-24
FR-109,SC-362,多语言,45,08-01-2025
FR-110,SC-1996,多语言,104,2025-12-25
FR-111,SC-196,批量操作,156,12/24/2026
FR-112,SC-521,SSO,58,2025-11-04
FR-113,SC-236,API 增强,185,2026-02-23
FR-114,SC-1867,多语言,118,2026-12-24
FR-115,SC-2123,SSO,190,12/18/2026
FR-116,SC-286,移动端,14,2025-11-19
FR-117,SC-1131,报表导出,60,27-03-2025
FR-118,SC-503,SSO,56,2025-08-09
FR-119,SC-2711,多语言,129,2025-11-22
FR-120,SC-1228,报表导出,7,2025-03-11
FR-121,SC-1152,多语言,53,2026-12-02
FR-122,SC-2195,SSO,143,01/15/2026
FR-123,SC-1333,多语言,141,2026-09-07
FR-124,SC-2311,批量操作,58,04/08/2026
FR-125,SC-1763,移动端,175,2026-02-11
FR-126,SC-906,SSO,5,2025-12-20
FR-127,SC-1699,移动端,19,06/08/2025
FR-128,SC-1884,报表导出,50,2026-03-21
FR-129,SC-2802,多语言,83,07/25/2025
FR-130,SC-1118,审计日志,130,05-09-2025
FR-131,SC-622,多语言,43,14-02-2026
FR-132,SC-2964,审计日志,127,26-11-2025
FR-133,SC-2488,API 增强,62,2025-12-15
FR-134,SC-507,API 增强,102,2025-06-04
FR-135,SC-2684,审计日志,119,2025-01-14
FR-136,SC-1278,审计日志,115,27-02-2026
FR-137,SC-1737,报表导出,122,2025-12-13
FR-138,SC-2388,审计日志,29,2025-06-15
FR-139,SC-1471,移动端,157,2025-07-10
FR-140,SC-793,批量操作,165,2025-09-20
FR-141,SC-1576,报表导出,89,12/03/2025
FR-142,SC-9,批量操作,172,2025-10-07
FR-143,SC-1607,审计日志,55,2026-05-08
FR-144,SC-1051,API 增强,5,2025-09-20
FR-145,SC-1675,SSO,74,21-06-2026
FR-146,SC-2102,移动端,29,2026-06-10
FR-147,SC-353,移动端,18,2025-01-20
FR-148,SC-966,移动端,109,2025-03-11
FR-149,SC-1962,报表导出,112,01/13/2025
FR-150,SC-660,报表导出,199,2026-08-22
FR-151,SC-2038,批量操作,126,2026-10-02
FR-152,SC-2653,移动端,134,11/05/2025
FR-153,SC-863,批量操作,159,05/22/2026
FR-154,SC-220,SSO,36,08/09/2026
FR-155,SC-2542,SSO,159,15-01-2026
FR-156,SC-1941,批量操作,138,2025-11-21
FR-157,SC-1933,API 增强,163,02/24/2025
FR-158,SC-1121,批量操作,8,03/02/2025
FR-159,SC-1719,报表导出,161,25-01-2026
FR-160,SC-2650,多语言,79,04/22/2026
FR-161,SC-1218,审计日志,39,2026-04-28
FR-162,SC-156,审计日志,99,2025-03-01
FR-163,SC-2933,API 增强,176,11/09/2026
FR-164,SC-398,多语言,152,26-03-2026
FR-165,SC-65,报表导出,89,2025-10-23
FR-166,SC-2229,多语言,123,2026-12-18
FR-167,SC-851,多语言,68,2025-03-10
FR-168,SC-50,审计日志,30,2025-06-06
FR-169,SC-74,批量操作,177,06/08/2025
FR-170,SC-2021,多语言,176,02/03/2026
FR-171,SC-1336,多语言,44,2025-05-24
FR-172,SC-656,API 增强,115,03-12-2025
FR-173,SC-1482,批量操作,109,10/11/2026
FR-174,SC-351,移动端,20,24-03-2025
FR-175,SC-2343,API 增强,197,03/12/2026
FR-176,SC-2439,报表导出,118,03/27/2026
FR-177,SC-845,SSO,111,2026-07-21
FR-178,SC-1099,多语言,22,10/08/2025
FR-179,SC-1800,报表导出,111,2026-04-22
FR-180,SC-207,多语言,105,2025-08-09
FR-181,SC-452,批量操作,64,2025-07-18
FR-182,SC-323,报表导出,176,11-04-2025
FR-183,SC-1044,移动端,142,2025-03-12
FR-184,SC-187,多语言,123,01/23/2026
FR-185,SC-1846,批量操作,128,2025-08-25
FR-186,SC-1499,报表导出,62,2025-05-07
FR-187,SC-2674,批量操作,164,03/06/2026
FR-188,SC-1303,报表导出,78,12/15/2026
FR-189,SC-2971,报表导出,50,2026-11-03
FR-190,SC-2722,API 增强,64,2025-04-02
FR-191,SC-1876,报表导出,120,11/05/2025
FR-192,SC-1430,报表导出,12,2025-11-26
FR-193,SC-2596,审计日志,42,17-11-2026
FR-194,SC-2797,SSO,121,2026-09-24
FR-195,SC-2238,SSO,33,09/28/2025
FR-196,SC-923,审计日志,83,07-06-2026
FR-197,SC-2241,API 增强,196,04-12-2026
FR-198,SC-1762,批量操作,5,2025-01-27
FR-199,SC-1957,移动端,26,07/21/2025
FR-200,SC-85,批量操作,10,2025-03-12
FR-201,SC-1448,多语言,156,2026-01-28
FR-202,SC-1343,审计日志,72,07-09-2026
FR-203,SC-1893,审计日志,43,10/21/2025
FR-204,SC-2006,API 增强,79,02/03/2026
FR-205,SC-2709,报表导出,163,12/10/2025
FR-206,SC-2923,SSO,1,11/15/2026
FR-207,SC-690,多语言,2,09/20/2026
FR-208,SC-2679,SSO,71,2026-09-06
FR-209,SC-2340,批量操作,100,2025-10-11
FR-210,SC-1571,SSO,151,02/12/2026
FR-211,SC-266,批量操作,148,2025-03-14
FR-212,SC-2736,批量操作,103,08/28/2026
FR-213,SC-758,报表导出,192,2025-10-08
FR-214,SC-1590,SSO,51,2026-01-08
FR-215,SC-1357,报表导出,72,02/22/2026
FR-216,SC-1384,报表导出,29,2026-03-11
FR-217,SC-1236,审计日志,140,2025-04-26
FR-218,SC-307,批量操作,69,2026-05-23
FR-219,SC-1425,API 增强,129,13-03-2025
FR-220,SC-1784,报表导出,147,11/06/2026
FR-221,SC-2547,API 增强,37,08/22/2026
FR-222,SC-81,批量操作,14,2025-09-05
FR-223,SC-2686,报表导出,116,2025-04-12
FR-224,SC-485,审计日志,95,05/25/2026
FR-225,SC-1750,API 增强,79,2025-03-09
FR-226,SC-2025,批量操作,149,12/25/2025
FR-227,SC-2911,多语言,16,23-11-2026
FR-228,SC-2631,审计日志,71,2026-04-16
FR-229,SC-365,批量操作,39,02/03/2025
FR-230,SC-1328,批量操作,5,2025-03-19
FR-231,SC-1474,多语言,97,2026-03-20
FR-232,SC-2949,移动端,63,2025-12-16
FR-233,SC-1884,审计日志,94,2026-04-26
FR-234,SC-2593,报表导出,87,28-12-2026
FR-235,SC-81,移动端,152,2026-12-02
FR-236,SC-955,报表导出,6,2025-01-25
FR-237,SC-996,多语言,65,24-11-2025
FR-238,SC-873,API 增强,186,2026-09-02
FR-239,SC-2428,移动端,112,07/05/2025
FR-240,SC-2758,移动端,111,03/16/2026
FR-241,SC-1542,审计日志,14,25-02-2026
FR-242,SC-2306,报表导出,95,05-10-2025
FR-243,SC-2205,批量操作,67,01/15/2026
FR-244,SC-577,SSO,137,19-10-2026
FR-245,SC-576,API 增强,143,05-01-2026
FR-246,SC-1893,报表导出,140,2025-09-28
FR-247,SC-427,多语言,114,2026-04-21
FR-248,SC-2602,API 增强,199,12/08/2025
FR-249,SC-1114,批量操作,123,04/25/2025
FR-250,SC-23,API 增强,152,2025-07-28
FR-251,SC-2222,审计日志,174,20-10-2025
FR-252,SC-679,移动端,187,12/22/2025
FR-253,SC-2525,SSO,19,2025-05-18
FR-254,SC-1151,报表导出,94,05/14/2025
FR-255,SC-1741,报表导出,38,01/04/2025
FR-256,SC-2649,移动端,174,2025-01-12
FR-257,SC-2207,批量操作,55,03-01-2025
FR-258,SC-2818,批量操作,189,2025-05-01
FR-259,SC-1731,SSO,7,2025-06-13
FR-260,SC-2577,报表导出,103,04-10-2025
FR-261,SC-1014,SSO,147,2026-04-08
FR-262,SC-2704,多语言,24,06/23/2025
FR-263,SC-1081,审计日志,178,2025-09-22
FR-264,SC-1028,批量操作,192,10/17/2025
FR-265,SC-1309,移动端,62,2025-02-24
FR-266,SC-1803,报表导出,185,2026-01-28
FR-267,SC-1950,报表导出,32,2025-08-20
FR-268,SC-2418,移动端,131,2025-04-13
FR-269,SC-2523,审计日志,25,02/22/2026
FR-270,SC-2636,移动端,73,2025-11-22
FR-271,SC-2017,移动端,40,2026-03-24
FR-272,SC-1301,SSO,52,11-07-2026
FR-273,SC-2537,批量操作,125,07/17/2025
FR-274,SC-2461,移动端,184,2025-11-24
FR-275,SC-1292,SSO,46,07-02-2025
FR-276,SC-1588,移动端,67,2026-01-25
FR-277,SC-1266,移动端,122,05/13/2025
FR-278,SC-1760,审计日志,197,2026-01-01
FR-279,SC-1451,批量操作,189,2026-01-17
FR-280,SC-2677,审计日志,122,2026-11-16
FR-281,SC-1540,报表导出,157,2025-06-02
FR-282,SC-862,移动端,119,2025-05-17
FR-283,SC-635,审计日志,149,08/12/2026
FR-284,SC-2045,SSO,77,05-05-2026
FR-285,SC-1035,报表导出,86,26-08-2026
FR-286,SC-2123,审计日志,181,01/24/2025
FR-287,SC-2522,审计日志,53,22-01-2025
FR-288,SC-562,移动端,178,23-10-2026
FR-289,SC-2704,审计日志,46,2026-01-07
FR-290,SC-207,SSO,79,05/13/2025
FR-291,SC-1027,移动端,59,2026-03-24
FR-292,SC-860,报表导出,33,2025-07-27
FR-293,SC-2639,审计日志,185,19-11-2026
FR-294,SC-967,多语言,61,2025-04-02
FR-295,SC-2070,SSO,34,09/11/2026
FR-296,SC-1809,SSO,70,01/08/2025
FR-297,SC-330,审计日志,50,2026-01-09
FR-298,SC-1979,多语言,34,2025-11-02
FR-299,SC-13,多语言,82,2026-04-23
FR-300,SC-2395,SSO,130,2025-08-14
FR-301,SC-2042,报表导出,62,04-08-2026
FR-302,SC-118,报表导出,147,02/02/2025
FR-303,SC-1329,API 增强,21,28-06-2025
FR-304,SC-2553,移动端,81,2026-05-16
FR-305,SC-862,移动端,2,2025-07-15
FR-306,SC-58,多语言,175,21-08-2025
FR-307,SC-835,报表导出,155,2026-02-11
FR-308,SC-1857,报表导出,4,08/02/2025
FR-309,SC-315,多语言,82,03/26/2026
FR-310,SC-1665,审计日志,62,10/18/2026
FR-311,SC-1394,多语言,24,08/12/2025
FR-312,SC-716,API 增强,97,09-05-2026
FR-313,SC-438,SSO,101,2026-11-07
FR-314,SC-1736,审计日志,140,2026-01-16
FR-315,SC-661,多语言,21,2025-12-16
FR-316,SC-1678,SSO,24,2025-05-28
FR-317,SC-1327,报表导出,81,2026-07-10
FR-318,SC-2218,批量操作,188,2025-04-08
FR-319,SC-2371,报表导出,158,2026-08-26
FR-320,SC-1995,移动端,199,08-09-2025
FR-321,SC-2912,多语言,187,03/16/2025
FR-322,SC-1772,审计日志,137,2026-09-25
FR-323,SC-2681,API 增强,110,2026-04-03
FR-324,SC-2555,SSO,123,2026-11-17
FR-325,SC-1438,API 增强,64,04/03/2026
FR-326,SC-1526,多语言,133,2025-09-25
FR-327,SC-1195,API 增强,29,06/26/2025
FR-328,SC-912,报表导出,122,04/26/2026
FR-329,SC-1703,审计日志,140,10/09/2026
FR-330,SC-185,移动端,73,2026-01-15
FR-331,SC-1940,报表导出,77,07-05-2025
FR-332,SC-2233,报表导出,131,2026-09-09
FR-333,SC-947,API 增强,6,2026-04-28
FR-334,SC-1058,审计日志,136,2025-06-14
FR-335,SC-2415,SSO,130,2026-04-01
FR-336,SC-2940,多语言,189,2025-06-08
FR-337,SC-2544,审计日志,94,2025-04-13
FR-338,SC-259,API 增强,93,2025-08-14
FR-339,SC-1212,SSO,139,03/22/2025
FR-340,SC-1537,批量操作,143,06/28/2025
FR-341,SC-474,报表导出,44,2026-11-25
FR-342,SC-960,SSO,193,2025-07-27
FR-343,SC-2064,移动端,113,27-08-2026
FR-344,SC-712,多语言,123,2026-03-05
FR-345,SC-2106,API 增强,105,02/26/2026
FR-346,SC-2476,报表导出,23,05/08/2025
FR-347,SC-2775,批量操作,184,2025-05-23
FR-348,SC-799,SSO,186,2025-02-13
FR-349,SC-1697,移动端,149,13-05-2026
FR-350,SC-2194,批量操作,198,2025-04-07
FR-351,SC-2781,多语言,146,2025-02-28
FR-352,SC-569,移动端,88,2025-05-05
FR-353,SC-1535,报表导出,195,2026-09-24
FR-354,SC-2339,SSO,119,26-07-2025
FR-355,SC-1832,SSO,177,09/17/2026
FR-356,SC-110,报表导出,53,02-06-2026
FR-357,SC-2623,批量操作,13,04/04/2025
FR-358,SC-1395,SSO,120,28-12-2026
FR-359,SC-837,报表导出,174,16-03-2025
FR-360,SC-958,多语言,185,2026-10-11
FR-361,SC-2062,审计日志,54,12/09/2026
FR-362,SC-554,批量操作,23,01/16/2026
FR-363,SC-1764,批量操作,182,11/10/2026
FR-364,SC-430,多语言,161,2026-05-27
FR-365,SC-1414,API 增强,200,2026-09-04
FR-366,SC-928,移动端,89,26-04-2025
FR-367,SC-763,SSO,2,2025-04-19
FR-368,SC-2126,移动端,44,2025-02-04
FR-369,SC-528,审计日志,4,2026-02-18
FR-370,SC-2457,批量操作,174,04/09/2026
FR-371,SC-2484,移动端,74,2025-07-12
FR-372,SC-2094,API 增强,64,2026-08-23
FR-373,SC-1217,报表导出,60,09/12/2025
FR-374,SC-1196,多语言,63,2026-12-25
FR-375,SC-2864,审计日志,83,2026-11-28
FR-376,SC-2185,API 增强,88,2026-07-02
FR-377,SC-40,SSO,100,2025-07-17
FR-378,SC-232,多语言,145,10/03/2026
FR-379,SC-2826,多语言,40,11/04/2026
FR-380,SC-1260,批量操作,88,2025-11-23
FR-381,SC-1518,多语言,34,02/27/2026
FR-382,SC-1184,API 增强,56,2025-08-27
FR-383,SC-1754,批量操作,81,02/03/2025
FR-384,SC-1079,报表导出,51,2026-04-22
FR-385,SC-658,批量操作,129,2026-09-22
FR-386,SC-1855,批量操作,82,2026-07-27
FR-387,SC-700,API 增强,47,2026-07-25
FR-388,SC-2446,报表导出,59,15-11-2025
FR-389,SC-1952,API 增强,38,2025-10-24
FR-390,SC-717,报表导出,47,27-09-2026
FR-391,SC-530,多语言,71,2025-03-18
FR-392,SC-738,多语言,31,04/23/2025
FR-393,SC-1415,移动端,44,2026-02-09
FR-394,SC-1761,审计日志,136,05-06-2025
FR-395,SC-2305,SSO,131,2026-05-02
FR-396,SC-67,API 增强,172,02/04/2026
FR-397,SC-2109,多语言,107,2026-12-04
FR-398,SC-824,批量操作,152,2025-01-01
FR-399,SC-341,移动端,40,2025-02-11
FR-400,SC-88,审计日志,152,18-12-2025
FR-401,SC-510,批量操作,93,03/08/2025
FR-402,SC-2868,SSO,111,2025-10-12
FR-403,SC-1136,多语言,160,15-11-2025
FR-404,SC-2481,SSO,154,2026-09-25
FR-405,SC-939,API 增强,151,2026-06-27
FR-406,SC-134,API 增强,28,08-12-2025
FR-407,SC-528,API 增强,155,08/16/2026
FR-408,SC-875,批量操作,96,2026-05-21
FR-409,SC-1156,SSO,139,2025-09-15
FR-410,SC-2129,批量操作,90,2025-05-15
FR-411,SC-1443,SSO,74,2026-06-04
FR-412,SC-2681,SSO,88,02/08/2026
FR-413,SC-1270,批量操作,160,2025-01-18
FR-414,SC-906,移动端,131,2026-03-18
FR-415,SC-2757,多语言,58,2026-06-22
FR-416,SC-1971,批量操作,134,17-10-2026
FR-417,SC-2559,批量操作,186,04/25/2025
FR-418,SC-2850,多语言,19,2026-10-09
FR-419,SC-1316,多语言,160,2025-07-03
FR-420,SC-853,API 增强,31,2026-01-01
FR-421,SC-594,审计日志,67,04/07/2025
FR-422,SC-964,报表导出,101,2025-10-14
FR-423,SC-1791,SSO,120,04-08-2026
FR-424,SC-2693,API 增强,132,2025-11-02
FR-425,SC-2256,SSO,39,2026-03-24
FR-426,SC-1193,SSO,110,2025-06-22
FR-427,SC-1832,API 增强,134,05/12/2025
FR-428,SC-1482,批量操作,72,2026-09-21
FR-429,SC-2387,多语言,117,04/07/2025
FR-430,SC-2035,多语言,63,2025-02-09
FR-431,SC-31,多语言,31,06-05-2025
FR-432,SC-970,API 增强,161,06/12/2025
FR-433,SC-2134,移动端,190,2026-01-11
FR-434,SC-1932,移动端,57,04/27/2026
FR-435,SC-127,API 增强,119,2026-02-09
FR-436,SC-2962,移动端,30,04/15/2025
FR-437,SC-884,移动端,140,10/05/2025
FR-438,SC-210,审计日志,37,2025-05-15
FR-439,SC-1473,审计日志,88,2025-01-03
FR-440,SC-2834,多语言,16,2026-04-18
FR-441,SC-1946,多语言,167,12-06-2025
FR-442,SC-2669,移动端,153,2026-09-05
FR-443,SC-2084,批量操作,7,07/23/2026
FR-444,SC-2932,批量操作,107,2025-02-23
FR-445,SC-2264,多语言,35,05/15/2025
FR-446,SC-2887,审计日志,128,2025-11-17
FR-447,SC-185,报表导出,41,2025-04-21
FR-448,SC-2069,报表导出,157,2025-07-04
FR-449,SC-1716,报表导出,73,27-11-2025
FR-450,SC-2454,审计日志,97,05/22/2025
FR-451,SC-483,SSO,134,2025-12-20
FR-452,SC-2886,批量操作,92,06/08/2026
FR-453,SC-512,移动端,190,2026-04-28
FR-454,SC-2167,移动端,182,2026-04-06
FR-455,SC-26,报表导出,81,2026-07-07
FR-456,SC-738,审计日志,151,2025-09-28
FR-457,SC-327,移动端,78,2026-04-03
FR-458,SC-1284,审计日志,169,03/01/2025
FR-459,SC-1043,SSO,1,09/28/2026
FR-460,SC-2249,移动端,94,2026-12-27
FR-461,SC-2407,多语言,4,2026-10-27
FR-462,SC-1662,多语言,90,2026-01-18
FR-463,SC-2882,SSO,108,2026-01-25
FR-464,SC-64,移动端,86,2025-09-11
FR-465,SC-126,批量操作,47,2026-02-06
FR-466,SC-1061,批量操作,112,07-04-2025
FR-467,SC-2351,移动端,93,13-06-2026
FR-468,SC-1032,多语言,196,22-06-2026
FR-469,SC-1835,移动端,43,07/24/2025
FR-470,SC-2517,批量操作,98,05-10-2025
FR-471,SC-2697,移动端,69,2025-11-27
FR-472,SC-701,批量操作,198,12/03/2026
FR-473,SC-2351,报表导出,50,2026-03-09
FR-474,SC-2738,移动端,14,2026-04-13
FR-475,SC-2918,API 增强,154,2025-02-09
FR-476,SC-906,审计日志,94,09/21/2025
FR-477,SC-2884,审计日志,177,12/11/2026
FR-478,SC-1994,报表导出,48,09/13/2026
FR-479,SC-1302,SSO,10,2026-02-26
FR-480,SC-513,报表导出,72,09/15/2025
FR-481,SC-1834,API 增强,69,01/08/2025
FR-482,SC-2080,审计日志,79,03/06/2026
FR-483,SC-2637,多语言,187,2025-11-09
FR-484,SC-2121,批量操作,171,09/12/2025
FR-485,SC-2192,SSO,38,2026-09-01
FR-486,SC-2700,批量操作,21,01/18/2025
FR-487,SC-1768,报表导出,158,21-05-2025
FR-488,SC-2386,审计日志,29,2025-12-01
FR-489,SC-2827,审计日志,96,2026-08-04
FR-490,SC-2479,SSO,136,06/10/2025
FR-491,SC-2146,移动端,198,01-03-2025
FR-492,SC-1437,SSO,183,01/28/2026
FR-493,SC-2072,SSO,57,17-05-2026
FR-494,SC-1300,移动端,51,08/25/2025
FR-495,SC-2317,批量操作,128,03-03-2026
FR-496,SC-1230,审计日志,91,2025-05-23
FR-497,SC-2745,移动端,53,07/17/2025
FR-498,SC-304,多语言,115,03/28/2025
FR-499,SC-2224,移动端,186,2025-06-10
FR-500,SC-1247,多语言,60,2026-09-18
FR-501,SC-250,报表导出,50,2026-11-18
FR-502,SC-2935,报表导出,27,2026-04-01
FR-503,SC-43,报表导出,163,12/06/2026
FR-504,SC-367,报表导出,104,2026-03-26
FR-505,SC-1607,审计日志,37,09-01-2026
FR-506,SC-2527,批量操作,58,11-04-2025
FR-507,SC-2118,移动端,31,2026-08-25
FR-508,SC-2801,移动端,152,2025-06-17
FR-509,SC-2948,API 增强,41,11/04/2025
FR-510,SC-1275,移动端,200,08/16/2026
FR-511,SC-2053,多语言,141,2025-10-05
FR-512,SC-1459,报表导出,12,07/13/2025
FR-513,SC-692,SSO,5,01/26/2025
FR-514,SC-1990,多语言,91,23-05-2025
FR-515,SC-2399,报表导出,116,2025-05-19
FR-516,SC-1058,多语言,183,2026-07-06
FR-517,SC-1207,报表导出,152,11/02/2025
FR-518,SC-752,多语言,180,01/14/2026
FR-519,SC-2322,批量操作,187,03-04-2025
FR-520,SC-2624,API 增强,67,2025-08-17
FR-521,SC-2989,API 增强,25,10/19/2025
FR-522,SC-2004,批量操作,6,10/12/2026
FR-523,SC-2634,报表导出,41,07/03/2026
FR-524,SC-2231,批量操作,199,10/13/2026
FR-525,SC-1380,审计日志,195,09/12/2025
FR-526,SC-2059,报表导出,24,06/02/2025
FR-527,SC-2345,批量操作,96,2026-02-12
FR-528,SC-688,API 增强,157,2026-01-05
FR-529,SC-1003,API 增强,45,2025-09-25
FR-530,SC-1506,SSO,43,11/27/2026
FR-531,SC-2581,多语言,185,2026-05-05
FR-532,SC-1314,SSO,161,2025-11-06
FR-533,SC-2973,移动端,180,2026-12-17
FR-534,SC-460,批量操作,145,2026-04-21
FR-535,SC-684,多语言,30,2026-04-18
FR-536,SC-1884,多语言,186,17-10-2026
FR-537,SC-784,移动端,16,2026-07-23
FR-538,SC-2695,审计日志,113,2026-04-19
FR-539,SC-1199,SSO,119,2026-04-11
FR-540,SC-525,批量操作,95,15-10-2025
FR-541,SC-396,审计日志,55,2025-09-04
FR-542,SC-2271,SSO,34,06-05-2026
FR-543,SC-1240,多语言,30,2025-11-05
FR-544,SC-1215,多语言,109,2025-04-03
FR-545,SC-1693,API 增强,182,2025-03-02
FR-546,SC-2852,移动端,32,05/14/2026
FR-547,SC-2485,SSO,141,02/01/2025
FR-548,SC-1737,API 增强,125,11/12/2026
FR-549,SC-2690,审计日志,144,2025-06-28
FR-550,SC-920,批量操作,72,2025-09-15
FR-551,SC-135,多语言,159,09-12-2025
FR-552,SC-60,审计日志,5,28-10-2025
FR-553,SC-2706,批量操作,25,2026-09-09
FR-554,SC-2963,多语言,28,2025-04-01
FR-555,SC-337,API 增强,156,2026-08-26
FR-556,SC-1686,审计日志,137,10/10/2025
FR-557,SC-577,报表导出,97,06/11/2026
FR-558,SC-289,审计日志,147,2026-03-11
FR-559,SC-46,审计日志,171,2025-01-22
FR-560,SC-2032,多语言,185,05/19/2025
FR-561,SC-914,批量操作,44,2025-04-19
FR-562,SC-2460,SSO,36,10/21/2026
FR-563,SC-2700,移动端,85,2025-06-15
FR-564,SC-2881,移动端,141,09-03-2026
FR-565,SC-1731,报表导出,155,2025-01-01
FR-566,SC-630,多语言,78,12/02/2026
FR-567,SC-423,移动端,171,06-05-2026
FR-568,SC-561,报表导出,124,08/06/2025
FR-569,SC-1655,审计日志,3,11/25/2025
FR-570,SC-1336,批量操作,95,2025-09-21
FR-571,SC-2068,API 增强,16,05/08/2026
FR-572,SC-94,API 增强,61,2026-10-13
FR-573,SC-1267,移动端,102,02/20/2025
FR-574,SC-1633,报表导出,87,08/01/2025
FR-575,SC-1048,移动端,111,2026-12-03
FR-576,SC-2731,报表导出,77,2026-02-27
FR-577,SC-562,移动端,168,07/23/2026
FR-578,SC-2833,批量操作,191,07/08/2026
FR-579,SC-852,API 增强,1,2026-09-26
FR-580,SC-2210,报表导出,34,15-11-2025
FR-581,SC-989,报表导出,157,2025-09-18
FR-582,SC-646,审计日志,156,2026-09-05
FR-583,SC-962,批量操作,122,02/08/2026
FR-584,SC-925,移动端,48,03/13/2026
FR-585,SC-785,批量操作,30,20-12-2026
FR-586,SC-2764,多语言,137,23-12-2025
FR-587,SC-2169,API 增强,43,2026-02-22
FR-588,SC-2063,API 增强,197,22-03-2026
FR-589,SC-2673,移动端,88,2026-04-08
FR-590,SC-1781,API 增强,185,26-04-2026
FR-591,SC-1342,报表导出,81,09/25/2026
FR-592,SC-697,报表导出,116,11/13/2026
FR-593,SC-1266,API 增强,67,2026-09-15
FR-594,SC-1619,报表导出,98,24-04-2026
FR-595,SC-877,多语言,119,2026-10-23
FR-596,SC-2085,SSO,127,2025-08-20
FR-597,SC-981,批量操作,87,2026-12-07
FR-598,SC-2264,报表导出,100,02/28/2025
FR-599,SC-2684,API 增强,170,2026-03-05
FR-600,SC-1338,移动端,32,2026-06-13
FR-601,SC-527,API 增强,57,2025-09-04
FR-602,SC-903,API 增强,50,2026-01-14
FR-603,SC-1618,API 增强,72,2025-01-01
FR-604,SC-699,审计日志,84,05/11/2026
FR-605,SC-1493,多语言,76,06/02/2025
FR-606,SC-133,批量操作,91,23-04-2026
FR-607,SC-46,批量操作,86,2026-12-18
FR-608,SC-2441,移动端,39,10-10-2025
FR-609,SC-2622,审计日志,127,2025-03-27
FR-610,SC-376,API 增强,167,2026-08-08
FR-611,SC-1148,批量操作,45,2025-11-10
FR-612,SC-597,API 增强,102,2026-03-24
FR-613,SC-680,审计日志,121,2026-01-26
FR-614,SC-467,移动端,72,11-04-2026
FR-615,SC-2316,审计日志,131,08/19/2026
FR-616,SC-547,批量操作,67,2025-12-24
FR-617,SC-1007,API 增强,198,06-10-2026
FR-618,SC-2485,移动端,43,2026-11-05
FR-619,SC-308,API 增强,179,2025-07-05
FR-620,SC-429,API 增强,5,11/14/2026
FR-621,SC-669,报表导出,18,2026-03-23
FR-622,SC-1318,多语言,192,11-04-2026
FR-623,SC-2146,SSO,198,13-03-2025
FR-624,SC-969,多语言,84,2026-11-16
FR-625,SC-1719,审计日志,177,03/11/2026
FR-626,SC-1516,SSO,131,2025-12-16
FR-627,SC-1453,审计日志,136,2026-07-24
FR-628,SC-2491,批量操作,130,28-04-2025
FR-629,SC-476,移动端,27,07/18/2026
FR-630,SC-2892,SSO,117,2026-07-12
FR-631,SC-211,移动端,31,19-11-2025
FR-632,SC-489,批量操作,171,2026-08-06
FR-633,SC-814,API 增强,180,2025-10-17
FR-634,SC-2276,报表导出,124,05/06/2026
FR-635,SC-2196,多语言,87,10/20/2025
FR-636,SC-729,移动端,31,2026-10-04
FR-637,SC-1703,多语言,108,10/28/2025
FR-638,SC-2128,审计日志,3,25-03-2025
FR-639,SC-1577,移动端,82,11/25/2025
FR-640,SC-2202,移动端,99,2025-05-03
FR-641,SC-1612,审计日志,67,11/10/2025
FR-642,SC-2184,移动端,85,2026-06-28
FR-643,SC-951,移动端,79,2026-11-13
FR-644,SC-2255,移动端,13,08-11-2025
FR-645,SC-650,审计日志,141,08/26/2025
FR-646,SC-349,移动端,180,2025-06-26
FR-647,SC-2346,审计日志,184,2025-05-14
FR-648,SC-2545,API 增强,112,2025-12-09
FR-649,SC-1603,移动端,43,2026-03-09
FR-650,SC-1154,审计日志,67,01/11/2025
FR-651,SC-2393,审计日志,68,14-11-2025
FR-652,SC-1879,审计日志,47,02/27/2026
FR-653,SC-2999,报表导出,90,01/19/2025
FR-654,SC-1479,SSO,191,2026-05-01
FR-655,SC-2561,移动端,132,04-06-2026
FR-656,SC-2858,SSO,7,2025-01-06
FR-657,SC-2944,批量操作,61,2026-04-23
FR-658,SC-2158,批量操作,160,2025-01-05
FR-659,SC-1736,审计日志,175,09/02/2025
FR-660,SC-1239,API 增强,62,02/01/2026
FR-661,SC-2039,报表导出,98,2026-02-16
FR-662,SC-2850,批量操作,43,16-05-2025
FR-663,SC-361,移动端,1,2026-01-16
FR-664,SC-1791,多语言,193,14-03-2025
FR-665,SC-734,移动端,146,2026-10-20
FR-666,SC-1224,SSO,143,2026-12-19
FR-667,SC-2509,审计日志,53,2026-09-15
FR-668,SC-2431,移动端,147,2025-04-13
FR-669,SC-1125,API 增强,174,2025-06-22
FR-670,SC-2970,审计日志,18,01/05/2026
FR-671,SC-825,SSO,35,07/23/2026
FR-672,SC-773,SSO,165,05/12/2026
FR-673,SC-2416,API 增强,182,04/17/2026
FR-674,SC-520,审计日志,167,16-04-2026
FR-675,SC-1811,多语言,146,2026-04-28
FR-676,SC-2435,审计日志,192,2025-08-09
FR-677,SC-2530,批量操作,177,2025-03-19
FR-678,SC-365,审计日志,142,2025-07-17
FR-679,SC-218,审计日志,5,23-11-2026
FR-680,SC-1603,SSO,8,2025-04-14
FR-681,SC-2159,审计日志,43,06/24/2025
FR-682,SC-2486,多语言,33,2025-07-13
FR-683,SC-350,多语言,27,2025-11-07
FR-684,SC-2539,移动端,169,09/04/2025
FR-685,SC-1402,SSO,35,22-03-2026
FR-686,SC-1095,报表导出,4,06/18/2026
FR-687,SC-165,API 增强,119,2026-05-02
FR-688,SC-1615,审计日志,81,13-07-2025
FR-689,SC-1223,审计日志,143,05-12-2025
FR-690,SC-37,SSO,87,2026-12-17
FR-691,SC-149,报表导出,58,2026-08-20
FR-692,SC-2337,多语言,53,03/22/2026
FR-693,SC-175,多语言,134,2026-12-18
FR-694,SC-634,移动端,142,04/21/2025
FR-695,SC-1164,API 增强,131,2025-04-02
FR-696,SC-2463,审计日志,139,04/19/2026
FR-697,SC-2415,批量操作,71,04/21/2026
FR-698,SC-879,API 增强,7,11/21/2025
FR-699,SC-1016,报表导出,40,10-12-2025
FR-700,SC-841,API 增强,174,10/20/2026
FR-701,SC-824,审计日志,30,07/26/2026
FR-702,SC-2958,审计日志,69,18-01-2025
FR-703,SC-537,移动端,138,2025-09-10
FR-704,SC-786,报表导出,67,2026-01-25
FR-705,SC-108,API 增强,159,23-06-2026
FR-706,SC-956,审计日志,194,2026-01-08
FR-707,SC-1423,移动端,122,2026-03-02
FR-708,SC-2152,多语言,65,02/24/2026
FR-709,SC-1601,批量操作,178,2025-03-26
FR-710,SC-1787,API 增强,148,10/21/2026
FR-711,SC-2429,API 增强,25,24-07-2026
FR-712,SC-1903,移动端,159,2025-09-01
FR-713,SC-719,SSO,120,17-02-2025
FR-714,SC-1236,审计日志,173,2025-02-02
FR-715,SC-2608,API 增强,50,2026-08-20
FR-716,SC-1180,批量操作,49,07-02-2025
FR-717,SC-2508,审计日志,199,05/22/2025
FR-718,SC-83,审计日志,10,06/06/2026
FR-719,SC-2725,API 增强,64,2025-04-16
FR-720,SC-2864,报表导出,21,2025-03-04
FR-721,SC-2578,多语言,150,2025-04-22
FR-722,SC-1268,批量操作,109,2026-07-03
FR-723,SC-2506,SSO,87,10/23/2025
FR-724,SC-2753,多语言,14,22-10-2025
FR-725,SC-211,批量操作,16,2025-12-16
FR-726,SC-830,API 增强,195,16-03-2026
FR-727,SC-1343,审计日志,78,2025-09-19
FR-728,SC-1160,移动端,81,08-12-2025
FR-729,SC-601,API 增强,15,11-09-2025
FR-730,SC-2804,审计日志,200,08/07/2025
FR-731,SC-1266,SSO,139,15-02-2026
FR-732,SC-79,SSO,161,2026-06-20
FR-733,SC-256,报表导出,182,28-08-2026
FR-734,SC-656,审计日志,48,2026-03-21
FR-735,SC-1620,移动端,103,06/20/2025
FR-736,SC-1907,API 增强,108,01/17/2026
FR-737,SC-346,批量操作,44,03/18/2026
FR-738,SC-2667,SSO,187,2025-10-19
FR-739,SC-2943,SSO,159,20-02-2026
FR-740,SC-700,API 增强,176,2026-07-21
FR-741,SC-2009,报表导出,99,2025-12-02
FR-742,SC-1799,批量操作,102,09/27/2026
FR-743,SC-2757,多语言,54,23-07-2026
FR-744,SC-130,API 增强,23,12/01/2025
FR-745,SC-733,API 增强,192,2026-02-21
FR-746,SC-1637,多语言,29,2026-06-03
FR-747,SC-1891,移动端,165,03/01/2026
FR-748,SC-1605,审计日志,139,03/18/2025
FR-749,SC-790,报表导出,18,12/18/2026
FR-750,SC-1524,审计日志,149,01/08/2025
FR-751,SC-372,报表导出,43,2025-02-08
FR-752,SC-2102,SSO,56,2025-08-03
FR-753,SC-515,报表导出,182,2025-12-19
FR-754,SC-726,移动端,24,01-05-2025
FR-755,SC-1303,移动端,72,02/02/2026
FR-756,SC-534,多语言,35,2025-09-02
FR-757,SC-2827,多语言,9,08/27/2025
FR-758,SC-179,报表导出,1,2025-12-26
FR-759,SC-2381,API 增强,30,2025-05-27
FR-760,SC-1077,审计日志,160,2026-05-23
FR-761,SC-467,SSO,46,2026-02-19
FR-762,SC-1544,审计日志,189,2025-09-12
FR-763,SC-1616,SSO,113,19-12-2025
FR-764,SC-2607,移动端,182,2026-02-09
FR-765,SC-40,报表导出,3,07/13/2026
FR-766,SC-637,报表导出,91,23-02-2025
FR-767,SC-2090,SSO,168,01/03/2026
FR-768,SC-2621,报表导出,19,09/17/2025
FR-769,SC-685,批量操作,20,02/12/2025
FR-770,SC-2209,报表导出,163,2025-10-14
FR-771,SC-267,API 增强,73,23-05-2025
FR-772,SC-1550,报表导出,152,2026-05-27
FR-773,SC-162,报表导出,111,05/25/2025
FR-774,SC-96,审计日志,15,02-11-2025
FR-775,SC-2314,移动端,9,2026-02-19
FR-776,SC-563,审计日志,88,12/04/2025
FR-777,SC-684,移动端,35,2026-11-01
FR-778,SC-1642,报表导出,136,2025-05-13
FR-779,SC-1148,移动端,186,03/11/2026
FR-780,SC-1857,移动端,53,2026-05-21
FR-781,SC-2563,SSO,91,2025-03-23
FR-782,SC-369,报表导出,95,2025-12-13
FR-783,SC-2580,审计日志,189,06-02-2025
FR-784,SC-593,审计日志,11,08/28/2026
FR-785,SC-656,移动端,32,27-03-2026
FR-786,SC-208,批量操作,74,01/16/2025
FR-787,SC-843,审计日志,106,2025-11-09
FR-788,SC-266,批量操作,68,2025-12-07
FR-789,SC-2777,审计日志,171,2025-01-01
FR-790,SC-2295,批量操作,75,02/12/2025
FR-791,SC-1276,批量操作,112,16-06-2026
FR-792,SC-2004,报表导出,57,2026-07-13
FR-793,SC-1490,批量操作,86,08-06-2025
FR-794,SC-1680,多语言,11,2025-11-21
FR-795,SC-1408,报表导出,131,28-10-2025
FR-796,SC-909,审计日志,127,2026-04-13
FR-797,SC-2284,移动端,79,2026-09-10
FR-798,SC-2526,移动端,48,2026-06-24
FR-799,SC-2904,多语言,152,12/05/2025
FR-800,SC-1601,批量操作,182,2025-11-19
