conversion_id,lead_id,customer_id,converted_at,days_to_convert
LC-1,LD-4060,SC-115,2026-02-18,61
LC-2,LD-4733,SC-251,2025-02-01,6
LC-3,LD-1650,SC-168,2025-11-23,15
LC-4,LD-2988,SC-1941,08/12/2026,81
LC-5,LD-1995,SC-1087,11/20/2026,81
LC-6,LD-4563,SC-1611,08/04/2025,80
LC-7,LD-775,SC-994,04/14/2026,55
LC-8,LD-3045,SC-413,2025-09-15,30
LC-9,LD-701,SC-1881,13-04-2025,30
LC-10,LD-290,SC-2620,2025-11-02,6
LC-11,LD-500,SC-492,11/24/2025,51
LC-12,LD-645,SC-1343,2026-10-13,38
LC-13,LD-2859,SC-1737,2026-06-05,15
LC-14,LD-931,SC-1042,2026-07-08,70
LC-15,LD-3005,SC-731,2025-03-07,36
LC-16,LD-837,SC-1240,2026-10-17,83
LC-17,LD-3399,SC-1623,27-12-2026,2
LC-18,LD-4417,SC-2502,2026-08-07,67
LC-19,LD-1909,SC-2581,2026-09-23,66
LC-20,LD-1170,SC-697,01/27/2025,5
LC-21,LD-672,SC-84,2025-11-18,40
LC-22,LD-2849,SC-2918,12/10/2026,25
LC-23,LD-2159,SC-315,2025-05-21,8
LC-24,LD-2110,SC-2293,27-07-2025,32
LC-25,LD-1278,SC-2907,05/06/2025,51
LC-26,LD-1380,SC-2125,05-11-2026,55
LC-27,LD-401,SC-222,02/21/2025,82
LC-28,LD-1398,SC-889,2026-10-26,72
LC-29,LD-2976,SC-1470,12-10-2026,2
LC-30,LD-3676,SC-2631,10/18/2026,6
LC-31,LD-769,SC-351,24-07-2025,69
LC-32,LD-3800,SC-705,17-12-2025,54
LC-33,LD-4446,SC-1801,03-10-2025,88
LC-34,LD-4015,SC-1878,12/04/2025,76
LC-35,LD-4655,SC-1131,2025-11-16,67
LC-36,LD-4648,SC-881,12/25/2026,32
LC-37,LD-1014,SC-175,01-08-2026,46
LC-38,LD-4386,SC-2768,04/27/2026,2
LC-39,LD-1449,SC-293,2026-07-13,56
LC-40,LD-135,SC-145,2026-08-04,34
LC-41,LD-3868,SC-1252,04/21/2025,88
LC-42,LD-68,SC-1380,17-09-2025,8
LC-43,LD-2065,SC-1352,2026-03-15,9
LC-44,LD-316,SC-252,02/05/2026,58
LC-45,LD-758,SC-624,12/24/2026,77
LC-46,LD-1080,SC-993,01/25/2026,52
LC-47,LD-4563,SC-9,08/24/2026,6
LC-48,LD-1122,SC-954,19-09-2025,52
LC-49,LD-894,SC-2640,10-02-2025,17
LC-50,LD-3782,SC-1761,2026-03-18,51
LC-51,LD-2441,SC-2165,04/05/2026,80
LC-52,LD-1963,SC-99,10/18/2026,9
LC-53,LD-4637,SC-2576,11/26/2026,9
LC-54,LD-2433,SC-2692,2025-01-16,45
LC-55,LD-2556,SC-677,2025-07-19,2
LC-56,LD-3663,SC-710,2026-08-08,4
LC-57,LD-319,SC-2524,2025-07-05,31
LC-58,LD-4316,SC-511,2026-08-04,44
LC-59,LD-1240,SC-903,08/01/2026,56
LC-60,LD-2269,SC-2960,2026-09-08,43
LC-61,LD-4709,SC-439,25-09-2025,30
LC-62,LD-4667,SC-2744,10-08-2025,28
LC-63,LD-2740,SC-2560,2026-12-28,21
LC-64,LD-3368,SC-1041,2025-05-26,13
LC-65,LD-771,SC-2866,09-10-2026,45
LC-66,LD-3640,SC-2701,24-04-2025,74
LC-67,LD-598,SC-1678,01-07-2026,19
LC-68,LD-4723,SC-1512,2026-06-01,62
LC-69,LD-2524,SC-2496,03/02/2026,24
LC-70,LD-3520,SC-111,2026-12-26,39
LC-71,LD-2957,SC-734,05/27/2026,3
LC-72,LD-4419,SC-1537,11/05/2026,8
LC-73,LD-4536,SC-2185,2025-04-21,87
LC-74,LD-1205,SC-2099,2025-12-10,25
LC-75,LD-2574,SC-80,01/25/2026,28
LC-76,LD-731,SC-1931,20-02-2026,6
LC-77,LD-1553,SC-1714,26-01-2025,51
LC-78,LD-3660,SC-2845,21-11-2026,41
LC-79,LD-2417,SC-959,01/28/2026,72
LC-80,LD-3839,SC-2708,09/07/2025,22
LC-81,LD-440,SC-2769,2026-04-05,39
LC-82,LD-151,SC-637,2026-06-25,83
LC-83,LD-4027,SC-692,09/13/2026,47
LC-84,LD-4362,SC-1677,2025-10-22,24
LC-85,LD-2307,SC-523,2025-01-17,5
LC-86,LD-2849,SC-2796,06/18/2026,86
LC-87,LD-4111,SC-2407,2025-02-13,50
LC-88,LD-1878,SC-405,2025-10-28,26
LC-89,LD-4625,SC-578,2025-07-08,32
LC-90,LD-484,SC-2947,2026-11-21,8
LC-91,LD-2689,SC-2624,2025-11-15,21
LC-92,LD-1485,SC-2716,2026-10-19,88
LC-93,LD-166,SC-2244,04/15/2025,47
LC-94,LD-4564,SC-1479,25-05-2025,6
LC-95,LD-938,SC-1741,2025-01-22,29
LC-96,LD-1740,SC-1910,2026-02-14,72
LC-97,LD-1158,SC-343,2026-05-23,1
LC-98,LD-340,SC-1610,2026-03-05,28
LC-99,LD-4203,SC-1532,2025-07-27,85
LC-100,LD-645,SC-2907,2026-05-13,48
LC-101,LD-3567,SC-35,2026-02-14,31
LC-102,LD-4530,SC-399,08/14/2026,68
LC-103,LD-2772,SC-1523,2026-11-04,58
LC-104,LD-3869,SC-64,2026-01-26,79
LC-105,LD-1770,SC-236,2026-10-18,78
LC-106,LD-130,SC-410,2025-12-05,69
LC-107,LD-1174,SC-1973,15-06-2025,68
LC-108,LD-1782,SC-684,2026-01-01,12
LC-109,LD-389,SC-2028,07/15/2026,45
LC-110,LD-1049,SC-229,09/28/2025,87
LC-111,LD-4787,SC-1907,11/21/2026,88
LC-112,LD-177,SC-243,02/15/2025,6
LC-113,LD-1768,SC-2964,09/11/2025,9
LC-114,LD-274,SC-24,2026-03-25,11
LC-115,LD-2131,SC-843,02-05-2026,81
LC-116,LD-3405,SC-2200,05/16/2025,5
LC-117,LD-860,SC-2420,2025-11-05,35
LC-118,LD-1284,SC-2660,08-10-2025,84
LC-119,LD-466,SC-880,08/03/2025,47
LC-120,LD-2376,SC-820,2026-02-23,38
LC-121,LD-3538,SC-1236,2026-10-25,45
LC-122,LD-1554,SC-1523,2026-11-15,83
LC-123,LD-2585,SC-187,04/02/2025,42
LC-124,LD-2213,SC-1998,14-11-2026,12
LC-125,LD-712,SC-1016,07/15/2025,70
LC-126,LD-4478,SC-409,2025-12-27,56
LC-127,LD-4934,SC-1111,03/03/2026,53
LC-128,LD-3608,SC-2320,2026-02-07,48
LC-129,LD-4381,SC-189,14-10-2025,20
LC-130,LD-3251,SC-1137,14-02-2026,37
LC-131,LD-4421,SC-2878,12/28/2025,7
LC-132,LD-1378,SC-2143,05/25/2026,37
LC-133,LD-3421,SC-2213,03/15/2026,12
LC-134,LD-593,SC-2658,2025-01-03,15
LC-135,LD-2963,SC-1030,2025-02-28,25
LC-136,LD-1820,SC-18,19-11-2025,1
LC-137,LD-443,SC-56,2026-01-20,17
LC-138,LD-220,SC-1079,03/05/2026,2
LC-139,LD-4504,SC-1667,2025-09-26,41
LC-140,LD-1425,SC-2265,10/14/2026,78
LC-141,LD-3259,SC-584,2026-05-12,8
LC-142,LD-2069,SC-2549,06/06/2025,15
LC-143,LD-4799,SC-1547,2025-04-27,5
LC-144,LD-3573,SC-341,2025-07-06,26
LC-145,LD-228,SC-319,2026-02-06,45
LC-146,LD-1511,SC-2827,2026-12-02,18
LC-147,LD-4833,SC-1217,15-03-2026,72
LC-148,LD-112,SC-1826,10-11-2026,54
LC-149,LD-1364,SC-2553,2025-02-23,67
LC-150,LD-649,SC-790,2026-09-01,62
LC-151,LD-2347,SC-1280,12/05/2025,10
LC-152,LD-1318,SC-2262,2026-03-26,77
LC-153,LD-4970,SC-1905,05/27/2026,4
LC-154,LD-187,SC-2316,2026-01-15,24
LC-155,LD-3308,SC-1298,05/17/2026,27
LC-156,LD-4450,SC-1114,2026-11-23,46
LC-157,LD-2853,SC-2553,09/04/2026,72
LC-158,LD-2112,SC-613,03/19/2025,45
LC-159,LD-4311,SC-465,26-09-2025,44
LC-160,LD-2112,SC-1861,2026-09-05,52
LC-161,LD-404,SC-1235,2025-09-12,72
LC-162,LD-3851,SC-233,2025-08-15,12
LC-163,LD-2967,SC-1814,04/22/2025,85
LC-164,LD-170,SC-748,02-01-2025,40
LC-165,LD-2340,SC-2167,2025-04-14,85
LC-166,LD-3305,SC-832,11/03/2026,44
LC-167,LD-2699,SC-1098,2026-09-14,24
LC-168,LD-1063,SC-933,2025-06-23,33
LC-169,LD-2474,SC-115,2026-09-01,53
LC-170,LD-2414,SC-1042,2025-11-06,28
LC-171,LD-3353,SC-1408,01/23/2025,62
LC-172,LD-2270,SC-850,2025-01-18,52
LC-173,LD-4621,SC-316,14-11-2026,34
LC-174,LD-2057,SC-2434,2025-05-26,25
LC-175,LD-2757,SC-2242,13-06-2026,24
LC-176,LD-1609,SC-108,2025-05-17,13
LC-177,LD-1690,SC-1528,2025-11-02,24
LC-178,LD-84,SC-2503,11-08-2025,21
LC-179,LD-2857,SC-2127,26-01-2026,83
LC-180,LD-3770,SC-271,19-07-2026,75
LC-181,LD-1156,SC-2550,03-11-2025,18
LC-182,LD-1217,SC-611,08/02/2026,46
LC-183,LD-2232,SC-986,2025-07-21,41
LC-184,LD-2470,SC-43,07-12-2025,18
LC-185,LD-2746,SC-1966,06/06/2025,61
LC-186,LD-438,SC-1901,2026-10-24,37
LC-187,LD-2449,SC-12,01/18/2026,51
LC-188,LD-4838,SC-2010,2026-03-14,82
LC-189,LD-4552,SC-1252,07-09-2026,20
LC-190,LD-2512,SC-2005,02/02/2025,18
LC-191,LD-2074,SC-2843,07/07/2026,77
LC-192,LD-2593,SC-268,2026-05-20,54
LC-193,LD-3654,SC-12,02-09-2025,79
LC-194,LD-1237,SC-1714,2025-01-27,24
LC-195,LD-73,SC-379,2025-06-25,6
LC-196,LD-65,SC-2339,2025-12-02,49
LC-197,LD-3928,SC-153,2025-05-09,77
LC-198,LD-2874,SC-464,16-02-2026,50
LC-199,LD-1882,SC-901,2025-12-17,81
LC-200,LD-3410,SC-1503,02/19/2025,26
LC-201,LD-4065,SC-1038,11/21/2025,62
LC-202,LD-4317,SC-1970,2026-08-23,26
LC-203,LD-4362,SC-1785,21-12-2026,63
LC-204,LD-4638,SC-2683,2026-09-23,88
LC-205,LD-2103,SC-763,2026-10-21,28
LC-206,LD-1255,SC-332,04-06-2025,84
LC-207,LD-1862,SC-488,2026-03-09,45
LC-208,LD-2107,SC-1547,16-10-2025,33
LC-209,LD-4457,SC-2754,2026-04-01,58
LC-210,LD-4491,SC-2551,11/21/2026,12
LC-211,LD-3658,SC-2329,2026-02-18,20
LC-212,LD-4393,SC-1556,2026-09-27,1
LC-213,LD-1848,SC-2565,2025-05-27,86
LC-214,LD-2158,SC-1204,22-06-2026,84
LC-215,LD-3804,SC-290,18-07-2025,34
LC-216,LD-2159,SC-876,2025-09-16,4
LC-217,LD-4726,SC-1668,03-11-2025,19
LC-218,LD-2152,SC-2207,2025-08-19,66
LC-219,LD-4594,SC-2476,2025-04-07,41
LC-220,LD-3503,SC-1740,03/07/2025,4
LC-221,LD-3919,SC-356,2025-09-26,40
LC-222,LD-3652,SC-2676,2026-01-19,52
LC-223,LD-3883,SC-633,2026-06-28,37
LC-224,LD-1089,SC-2559,2026-01-15,28
LC-225,LD-2269,SC-2947,02/04/2026,56
LC-226,LD-4518,SC-2675,03/01/2025,18
LC-227,LD-4679,SC-197,27-12-2026,27
LC-228,LD-1786,SC-328,2025-05-06,12
LC-229,LD-4031,SC-642,2026-05-25,85
LC-230,LD-3631,SC-2898,18-06-2025,77
LC-231,LD-1080,SC-968,09/21/2026,53
LC-232,LD-1921,SC-2817,03/28/2026,90
LC-233,LD-4443,SC-2922,2026-06-27,45
LC-234,LD-4356,SC-2755,2025-01-10,45
LC-235,LD-1467,SC-2695,02/13/2025,47
LC-236,LD-1000,SC-2540,2025-07-23,81
LC-237,LD-461,SC-188,05/16/2025,58
LC-238,LD-420,SC-557,2026-03-15,88
LC-239,LD-4770,SC-1322,06-12-2026,34
LC-240,LD-4589,SC-751,01/13/2026,89
LC-241,LD-2456,SC-2448,02-04-2025,86
LC-242,LD-3117,SC-684,09/18/2025,81
LC-243,LD-2074,SC-2651,19-11-2025,49
LC-244,LD-4353,SC-2364,2025-11-02,4
LC-245,LD-162,SC-1865,2025-01-05,9
LC-246,LD-4200,SC-483,11/06/2025,36
LC-247,LD-3244,SC-1895,06-02-2026,35
LC-248,LD-1111,SC-190,2026-08-04,90
LC-249,LD-2959,SC-1079,2025-01-18,35
LC-250,LD-1371,SC-963,2025-08-28,80
LC-251,LD-2750,SC-868,10/04/2026,6
LC-252,LD-2761,SC-2694,11/08/2025,25
LC-253,LD-3254,SC-2054,2025-06-09,59
LC-254,LD-2880,SC-2101,2025-02-20,46
LC-255,LD-1111,SC-2099,05/13/2025,20
LC-256,LD-3345,SC-2139,2025-05-07,54
LC-257,LD-1893,SC-2505,2026-08-20,42
LC-258,LD-866,SC-2747,12/26/2026,42
LC-259,LD-511,SC-2697,2026-04-08,51
LC-260,LD-1931,SC-305,2026-11-03,5
LC-261,LD-447,SC-956,11/16/2025,9
LC-262,LD-1522,SC-1437,2026-01-02,44
LC-263,LD-78,SC-769,07-09-2025,78
LC-264,LD-1838,SC-261,01/28/2025,7
LC-265,LD-674,SC-611,2026-08-27,80
LC-266,LD-324,SC-1979,03/10/2025,13
LC-267,LD-3664,SC-2849,2025-03-28,30
LC-268,LD-2126,SC-2867,08-10-2026,88
LC-269,LD-4517,SC-2062,2026-09-21,79
LC-270,LD-3766,SC-1525,2025-05-24,79
LC-271,LD-1008,SC-2457,08/03/2025,90
LC-272,LD-4434,SC-1594,2025-06-15,41
LC-273,LD-3818,SC-2685,01/02/2026,39
LC-274,LD-1608,SC-2545,20-04-2026,47
LC-275,LD-2218,SC-2901,2026-09-06,41
LC-276,LD-1852,SC-1907,07/11/2025,75
LC-277,LD-380,SC-2767,11-01-2025,19
LC-278,LD-88,SC-1487,10/10/2025,45
LC-279,LD-1016,SC-1899,08/03/2026,85
LC-280,LD-1900,SC-1906,01/23/2025,12
LC-281,LD-3297,SC-1391,14-08-2025,36
LC-282,LD-1802,SC-1752,12/24/2026,27
LC-283,LD-595,SC-1455,15-02-2026,22
LC-284,LD-366,SC-1452,07/16/2026,17
LC-285,LD-2898,SC-1005,03/01/2025,54
LC-286,LD-4930,SC-2671,13-07-2026,37
LC-287,LD-174,SC-1458,13-10-2026,74
LC-288,LD-4331,SC-1220,2025-11-25,68
LC-289,LD-4760,SC-1607,06/03/2025,31
LC-290,LD-3447,SC-1869,2025-09-25,45
LC-291,LD-4251,SC-314,2025-12-25,6
LC-292,LD-3131,SC-2171,2025-06-03,60
LC-293,LD-3931,SC-322,2026-10-26,16
LC-294,LD-2485,SC-2159,2026-02-06,23
LC-295,LD-3778,SC-981,2026-03-25,47
LC-296,LD-4644,SC-2831,2025-04-22,12
LC-297,LD-2985,SC-949,08/12/2025,2
LC-298,LD-3861,SC-846,10-10-2026,31
LC-299,LD-1987,SC-701,2025-12-19,37
LC-300,LD-2019,SC-481,28-07-2025,81
LC-301,LD-4034,SC-1296,03/03/2026,79
LC-302,LD-4789,SC-2317,2026-07-11,75
LC-303,LD-282,SC-2628,2025-05-10,23
LC-304,LD-2761,SC-2389,2025-03-01,52
LC-305,LD-3322,SC-1218,04/25/2026,70
LC-306,LD-4081,SC-1906,12/24/2026,50
LC-307,LD-1200,SC-558,17-12-2026,12
LC-308,LD-4241,SC-1977,2026-05-13,21
LC-309,LD-3670,SC-2246,2025-07-27,34
LC-310,LD-1120,SC-1071,2025-04-16,90
LC-311,LD-58,SC-1904,06/18/2025,34
LC-312,LD-3500,SC-544,2025-01-28,12
LC-313,LD-1611,SC-2637,2026-12-14,16
LC-314,LD-1660,SC-136,01/23/2025,1
LC-315,LD-472,SC-841,2025-11-09,18
LC-316,LD-1167,SC-722,04/23/2026,36
LC-317,LD-823,SC-2935,28-01-2025,27
LC-318,LD-4340,SC-507,2026-10-27,35
LC-319,LD-245,SC-176,06-12-2026,40
LC-320,LD-974,SC-2127,07-10-2025,50
LC-321,LD-3196,SC-2216,2026-07-22,40
LC-322,LD-298,SC-952,12/26/2025,6
LC-323,LD-3556,SC-2409,2026-10-18,40
LC-324,LD-4476,SC-2720,27-07-2026,31
LC-325,LD-3622,SC-1141,07/02/2026,19
LC-326,LD-1593,SC-1992,04-02-2026,67
LC-327,LD-3047,SC-1469,09/01/2026,59
LC-328,LD-3015,SC-2754,02-04-2025,12
LC-329,LD-2069,SC-666,02/05/2026,15
LC-330,LD-652,SC-2463,2025-08-22,79
LC-331,LD-4232,SC-835,04-09-2026,11
LC-332,LD-1300,SC-1110,14-02-2025,3
LC-333,LD-2919,SC-1282,2026-09-14,32
LC-334,LD-333,SC-10,2025-11-28,49
LC-335,LD-887,SC-2026,2025-04-13,70
LC-336,LD-2281,SC-2029,08/23/2026,82
LC-337,LD-3050,SC-715,2026-06-18,19
LC-338,LD-2949,SC-1255,11/20/2026,73
LC-339,LD-4684,SC-1164,01/28/2025,64
LC-340,LD-2154,SC-482,01/08/2025,42
LC-341,LD-4829,SC-1320,01/11/2026,70
LC-342,LD-4855,SC-1476,10/19/2025,66
LC-343,LD-192,SC-1022,2026-06-11,53
LC-344,LD-684,SC-194,09/04/2026,66
LC-345,LD-292,SC-1262,2026-04-19,31
LC-346,LD-2161,SC-257,2025-04-15,89
LC-347,LD-4885,SC-1351,06-10-2025,58
LC-348,LD-3841,SC-721,2025-08-16,78
LC-349,LD-4818,SC-1372,2026-10-16,77
LC-350,LD-909,SC-1248,06/11/2026,55
LC-351,LD-3602,SC-2010,2026-03-15,26
LC-352,LD-2153,SC-930,2025-07-15,46
LC-353,LD-995,SC-2510,2026-06-09,52
LC-354,LD-2050,SC-2631,13-02-2026,62
LC-355,LD-313,SC-1051,23-09-2026,43
LC-356,LD-2450,SC-53,2026-07-25,54
LC-357,LD-3962,SC-364,2025-12-23,27
LC-358,LD-2802,SC-654,2025-02-06,55
LC-359,LD-2738,SC-996,13-08-2026,55
LC-360,LD-2943,SC-1394,2025-02-04,78
LC-361,LD-3727,SC-1359,20-10-2025,13
LC-362,LD-3132,SC-1987,2026-09-17,68
LC-363,LD-3649,SC-2280,2025-05-15,36
LC-364,LD-2063,SC-1443,18-05-2026,22
LC-365,LD-702,SC-982,10/19/2025,90
LC-366,LD-2563,SC-1752,12/19/2026,84
LC-367,LD-3107,SC-1873,04/26/2026,77
LC-368,LD-268,SC-384,2026-09-25,16
LC-369,LD-2706,SC-482,2026-04-05,3
LC-370,LD-2119,SC-1491,2025-12-04,1
LC-371,LD-49,SC-843,07/24/2026,39
LC-372,LD-299,SC-2182,2026-06-13,58
LC-373,LD-4469,SC-2172,2026-09-11,67
LC-374,LD-4609,SC-1592,07/14/2025,89
LC-375,LD-2803,SC-2814,2025-06-07,62
LC-376,LD-4605,SC-1458,2026-10-20,90
LC-377,LD-278,SC-1630,2025-11-23,67
LC-378,LD-3238,SC-112,2025-09-11,35
LC-379,LD-1198,SC-1859,01/03/2026,85
LC-380,LD-3541,SC-2569,2025-08-22,15
LC-381,LD-429,SC-1652,01/16/2025,53
LC-382,LD-2540,SC-839,2025-05-03,23
LC-383,LD-4785,SC-2945,2025-11-11,51
LC-384,LD-4853,SC-415,06/17/2025,75
LC-385,LD-4686,SC-2818,05-12-2026,19
LC-386,LD-1351,SC-2263,2025-07-07,64
LC-387,LD-4895,SC-1437,2026-10-05,32
LC-388,LD-1657,SC-2253,08/23/2025,78
LC-389,LD-4352,SC-2309,09/03/2026,63
LC-390,LD-2555,SC-1611,2026-03-12,84
LC-391,LD-2508,SC-2089,2025-08-14,22
LC-392,LD-332,SC-1478,2025-06-28,67
LC-393,LD-3966,SC-2928,12/18/2025,23
LC-394,LD-1199,SC-147,02/20/2026,35
LC-395,LD-1458,SC-777,07/20/2026,65
LC-396,LD-3925,SC-1233,2026-12-12,40
LC-397,LD-503,SC-1906,2026-11-19,34
LC-398,LD-633,SC-898,2026-02-27,24
LC-399,LD-2844,SC-2436,2026-11-28,55
LC-400,LD-4661,SC-1497,2026-05-19,53
LC-401,LD-4350,SC-758,2025-05-21,4
LC-402,LD-2584,SC-1867,2025-12-28,49
LC-403,LD-866,SC-1063,12/14/2026,46
LC-404,LD-3420,SC-788,06/24/2025,54
LC-405,LD-1241,SC-268,24-03-2025,70
LC-406,LD-4826,SC-2325,12-12-2026,23
LC-407,LD-3573,SC-1448,2025-03-20,72
LC-408,LD-2075,SC-2623,2025-11-23,38
LC-409,LD-4192,SC-784,2026-05-25,80
LC-410,LD-3130,SC-2481,2026-04-03,6
LC-411,LD-4544,SC-60,2026-06-21,74
LC-412,LD-1599,SC-2527,2025-12-26,4
LC-413,LD-312,SC-1822,2026-01-05,27
LC-414,LD-3766,SC-2777,2025-08-12,34
LC-415,LD-3857,SC-2946,01/26/2025,56
LC-416,LD-4241,SC-1370,2025-04-04,37
LC-417,LD-751,SC-997,23-10-2026,22
LC-418,LD-4675,SC-2709,25-04-2026,44
LC-419,LD-24,SC-213,2025-10-10,56
LC-420,LD-2724,SC-895,2026-12-20,19
LC-421,LD-4924,SC-1968,02/11/2026,53
LC-422,LD-504,SC-2349,11/14/2026,86
LC-423,LD-3657,SC-1454,07/16/2025,48
LC-424,LD-4277,SC-686,25-09-2025,84
LC-425,LD-2252,SC-886,08/06/2025,38
LC-426,LD-1422,SC-1401,2025-07-04,26
LC-427,LD-4962,SC-273,2025-05-14,2
LC-428,LD-3526,SC-748,05-08-2026,34
LC-429,LD-1951,SC-463,13-01-2025,60
LC-430,LD-1654,SC-344,2026-02-20,34
LC-431,LD-1336,SC-422,26-04-2025,63
LC-432,LD-4217,SC-1314,01/04/2026,48
LC-433,LD-3254,SC-2720,05/07/2026,68
LC-434,LD-1381,SC-2318,27-08-2026,39
LC-435,LD-4376,SC-2224,10/11/2025,21
LC-436,LD-4782,SC-2315,2025-10-09,89
LC-437,LD-3067,SC-2720,2025-04-04,13
LC-438,LD-4073,SC-8,26-02-2026,63
LC-439,LD-4008,SC-640,03/06/2026,47
LC-440,LD-609,SC-1469,2026-09-13,55
LC-441,LD-1577,SC-513,11/19/2026,85
LC-442,LD-2775,SC-1653,03/05/2025,55
LC-443,LD-3956,SC-873,19-11-2026,33
LC-444,LD-679,SC-1588,12/25/2026,10
LC-445,LD-3409,SC-452,2026-11-26,18
LC-446,LD-4342,SC-1676,2025-02-01,26
LC-447,LD-4939,SC-290,04/07/2026,69
LC-448,LD-507,SC-1685,12/27/2025,81
LC-449,LD-59,SC-533,02/25/2025,8
LC-450,LD-4263,SC-1797,02-08-2025,2
LC-451,LD-329,SC-138,05-04-2025,22
LC-452,LD-831,SC-2810,03/26/2026,14
LC-453,LD-4166,SC-2458,2026-01-23,27
LC-454,LD-4391,SC-106,08/20/2026,41
LC-455,LD-3269,SC-446,07/17/2025,40
LC-456,LD-4891,SC-1751,07-03-2026,80
LC-457,LD-2411,SC-1164,2025-09-12,53
LC-458,LD-3259,SC-226,2025-02-04,37
LC-459,LD-1568,SC-2685,12/23/2026,83
LC-460,LD-2320,SC-2454,01/05/2025,14
LC-461,LD-3941,SC-2315,23-08-2026,29
LC-462,LD-1965,SC-1462,2026-05-19,7
LC-463,LD-879,SC-2472,25-08-2026,49
LC-464,LD-2971,SC-1988,2025-06-04,9
LC-465,LD-2218,SC-2047,08/08/2025,4
LC-466,LD-3794,SC-2070,07/22/2025,6
LC-467,LD-4221,SC-2926,2026-04-19,61
LC-468,LD-2227,SC-2852,08-06-2025,56
LC-469,LD-935,SC-2672,18-02-2026,45
LC-470,LD-973,SC-2497,2025-10-17,9
LC-471,LD-69,SC-1734,11/23/2026,25
LC-472,LD-4623,SC-1398,13-04-2025,62
LC-473,LD-1219,SC-1404,10/19/2026,78
LC-474,LD-2822,SC-1553,2026-01-20,25
LC-475,LD-1584,SC-1507,2025-02-26,38
LC-476,LD-2857,SC-1620,08/03/2026,72
LC-477,LD-862,SC-2468,12/18/2026,3
LC-478,LD-913,SC-2730,2026-11-16,80
LC-479,LD-3495,SC-2693,2026-01-27,47
LC-480,LD-3698,SC-344,2025-10-05,67
LC-481,LD-1057,SC-2112,2025-12-08,4
LC-482,LD-828,SC-597,2025-02-22,90
LC-483,LD-4055,SC-1135,05-09-2026,19
LC-484,LD-1321,SC-2608,2026-03-17,69
LC-485,LD-4988,SC-140,17-05-2025,90
LC-486,LD-1123,SC-420,2025-05-26,83
LC-487,LD-4570,SC-1703,2026-06-22,56
LC-488,LD-1824,SC-456,2026-11-23,79
LC-489,LD-3719,SC-1397,2025-10-24,87
LC-490,LD-4880,SC-2257,2026-12-27,18
LC-491,LD-3700,SC-2528,03/10/2025,23
LC-492,LD-3772,SC-484,2025-01-20,68
LC-493,LD-90,SC-80,05-07-2025,67
LC-494,LD-4933,SC-2917,2026-05-03,31
LC-495,LD-4892,SC-2263,2025-05-25,75
LC-496,LD-883,SC-2237,10/09/2026,7
LC-497,LD-4492,SC-2825,2026-11-27,73
LC-498,LD-254,SC-1365,09/19/2025,42
LC-499,LD-1997,SC-2295,2025-06-18,57
LC-500,LD-1450,SC-526,04/09/2025,87
LC-501,LD-2992,SC-983,04/26/2025,23
LC-502,LD-674,SC-551,2026-02-19,38
LC-503,LD-2587,SC-2236,04/03/2025,54
LC-504,LD-1948,SC-2480,02/02/2026,45
LC-505,LD-3338,SC-1775,2026-01-01,56
LC-506,LD-4821,SC-1566,2025-04-17,10
LC-507,LD-1955,SC-1572,2026-07-08,13
LC-508,LD-4323,SC-1681,11/20/2025,46
LC-509,LD-1577,SC-281,17-02-2025,68
LC-510,LD-4126,SC-2789,2025-01-12,72
LC-511,LD-1884,SC-802,03-03-2026,51
LC-512,LD-3033,SC-1106,06/19/2025,75
LC-513,LD-52,SC-336,03/09/2025,4
LC-514,LD-3292,SC-2676,2026-01-22,86
LC-515,LD-3431,SC-1730,10/15/2025,89
LC-516,LD-4191,SC-946,2026-01-20,10
LC-517,LD-4163,SC-480,2025-02-18,14
LC-518,LD-1337,SC-312,2025-05-17,64
LC-519,LD-3119,SC-1958,2026-01-19,50
LC-520,LD-2035,SC-2834,02/28/2026,89
LC-521,LD-3506,SC-1027,05/12/2025,47
LC-522,LD-386,SC-2387,06/11/2026,83
LC-523,LD-1684,SC-2133,2026-03-19,70
LC-524,LD-2039,SC-1219,2026-10-27,16
LC-525,LD-3377,SC-1025,11-06-2025,75
LC-526,LD-1287,SC-1903,10/23/2026,5
LC-527,LD-1056,SC-1294,10/09/2025,33
LC-528,LD-3764,SC-3000,08-05-2026,2
LC-529,LD-2187,SC-1966,08-10-2026,34
LC-530,LD-1190,SC-2552,02/20/2025,36
LC-531,LD-2896,SC-19,2026-08-14,87
LC-532,LD-3695,SC-431,2026-05-03,11
LC-533,LD-2389,SC-951,06/05/2026,19
LC-534,LD-4156,SC-941,2026-02-05,15
LC-535,LD-3525,SC-896,09-06-2025,18
LC-536,LD-2748,SC-270,05-09-2025,9
LC-537,LD-100,SC-349,01-09-2026,32
LC-538,LD-2298,SC-2240,11-04-2025,3
LC-539,LD-1787,SC-1483,04/03/2025,65
LC-540,LD-584,SC-106,2025-08-25,22
LC-541,LD-4329,SC-958,2026-11-01,88
LC-542,LD-1064,SC-561,2026-12-24,74
LC-543,LD-3825,SC-2079,2025-01-11,35
LC-544,LD-4362,SC-2606,03-10-2025,62
LC-545,LD-4164,SC-2922,2025-02-26,65
LC-546,LD-437,SC-1227,10/10/2026,86
LC-547,LD-221,SC-991,2025-08-21,49
LC-548,LD-1417,SC-2424,2025-09-14,57
LC-549,LD-3704,SC-679,07/09/2025,60
LC-550,LD-3677,SC-1688,2025-04-13,83
LC-551,LD-3950,SC-2049,04/20/2026,60
LC-552,LD-1282,SC-1649,04/20/2026,32
LC-553,LD-2125,SC-718,12-08-2026,24
LC-554,LD-723,SC-1544,01/26/2025,45
LC-555,LD-3514,SC-1288,2026-08-17,16
LC-556,LD-3547,SC-2008,17-09-2025,76
LC-557,LD-3082,SC-1151,17-09-2026,53
LC-558,LD-2204,SC-623,01/17/2026,85
LC-559,LD-3907,SC-2587,15-09-2026,21
LC-560,LD-2426,SC-2897,2025-07-25,71
LC-561,LD-4870,SC-2513,2026-12-03,49
LC-562,LD-959,SC-1944,10/13/2025,31
LC-563,LD-1120,SC-402,12/17/2025,2
LC-564,LD-1916,SC-2439,10/09/2026,85
LC-565,LD-2953,SC-1464,2026-06-05,53
LC-566,LD-4442,SC-2861,2026-12-27,78
LC-567,LD-161,SC-1993,12/14/2025,17
LC-568,LD-3310,SC-2680,10/08/2025,27
LC-569,LD-3094,SC-421,2025-07-11,83
LC-570,LD-4864,SC-576,02/10/2025,24
LC-571,LD-1135,SC-815,2026-08-21,85
LC-572,LD-2420,SC-964,2026-03-13,80
LC-573,LD-3093,SC-1595,2025-09-11,67
LC-574,LD-4704,SC-217,2025-01-06,37
LC-575,LD-188,SC-2986,21-01-2025,11
LC-576,LD-1672,SC-1765,2026-04-20,87
LC-577,LD-3840,SC-2016,05/13/2026,42
LC-578,LD-2038,SC-347,2026-02-11,16
LC-579,LD-3604,SC-2516,10/28/2026,44
LC-580,LD-3938,SC-1457,2025-10-16,37
LC-581,LD-3943,SC-115,04/09/2025,78
LC-582,LD-4130,SC-2301,2025-07-02,57
LC-583,LD-3996,SC-673,2025-11-12,51
LC-584,LD-1193,SC-1462,2025-09-23,41
LC-585,LD-2502,SC-2298,2026-11-04,58
LC-586,LD-961,SC-356,2026-02-09,77
LC-587,LD-4469,SC-1238,27-10-2026,30
LC-588,LD-674,SC-1017,11-07-2025,34
LC-589,LD-1124,SC-2406,2026-09-01,19
LC-590,LD-2611,SC-358,2026-08-09,33
LC-591,LD-2342,SC-1741,2025-10-25,89
LC-592,LD-4005,SC-2343,08/19/2025,2
LC-593,LD-384,SC-2513,10-10-2025,81
LC-594,LD-1642,SC-2758,2025-08-11,82
LC-595,LD-2407,SC-82,2026-10-05,60
LC-596,LD-4456,SC-1327,07/28/2026,81
LC-597,LD-4753,SC-463,2026-07-18,18
LC-598,LD-951,SC-1280,04-08-2026,49
LC-599,LD-4589,SC-357,06/16/2025,43
LC-600,LD-3224,SC-2008,16-02-2026,72
LC-601,LD-4771,SC-2947,20-08-2025,40
LC-602,LD-2514,SC-1198,02/02/2026,30
LC-603,LD-1293,SC-412,2025-06-12,73
LC-604,LD-2236,SC-1182,11/24/2026,88
LC-605,LD-2091,SC-885,2026-10-13,80
LC-606,LD-1724,SC-1278,03-06-2025,2
LC-607,LD-2391,SC-1071,20-10-2025,38
LC-608,LD-1285,SC-1838,08-08-2025,53
LC-609,LD-1850,SC-691,05/13/2025,48
LC-610,LD-1563,SC-1067,13-01-2025,70
LC-611,LD-1345,SC-1866,09/10/2025,14
LC-612,LD-3647,SC-2330,12/09/2026,48
LC-613,LD-4727,SC-319,08/02/2025,40
LC-614,LD-3348,SC-242,2025-05-14,20
LC-615,LD-3512,SC-2927,04/12/2025,11
LC-616,LD-1005,SC-2175,2025-03-15,26
LC-617,LD-3881,SC-285,2026-05-04,88
LC-618,LD-4957,SC-1182,2026-06-22,66
LC-619,LD-4576,SC-417,17-11-2026,86
LC-620,LD-745,SC-1788,2026-06-22,2
LC-621,LD-4088,SC-2092,08/13/2025,79
LC-622,LD-1558,SC-849,05/15/2026,36
LC-623,LD-4521,SC-18,2026-10-22,69
LC-624,LD-73,SC-2560,03-11-2025,6
LC-625,LD-465,SC-2330,2026-12-05,63
LC-626,LD-2837,SC-1155,08/09/2025,78
LC-627,LD-399,SC-2995,07/26/2026,38
LC-628,LD-1612,SC-1847,2025-05-07,86
LC-629,LD-2031,SC-1924,08-09-2025,86
LC-630,LD-4113,SC-2121,2025-02-27,4
LC-631,LD-1429,SC-1810,10/17/2025,6
LC-632,LD-1243,SC-2434,07-05-2025,81
LC-633,LD-10,SC-1036,24-02-2025,48
LC-634,LD-602,SC-605,08/23/2025,5
LC-635,LD-1565,SC-63,04/01/2025,55
LC-636,LD-926,SC-353,19-10-2026,74
LC-637,LD-414,SC-1666,2025-09-28,9
LC-638,LD-4230,SC-1788,2025-11-04,17
LC-639,LD-2256,SC-383,2025-03-15,52
LC-640,LD-699,SC-1613,2025-06-10,89
LC-641,LD-1249,SC-912,2026-01-24,20
LC-642,LD-573,SC-2365,2025-01-18,3
LC-643,LD-4091,SC-1750,24-02-2025,18
LC-644,LD-4402,SC-1137,12/23/2026,31
LC-645,LD-506,SC-725,01/24/2026,5
LC-646,LD-1240,SC-2447,2025-06-11,53
LC-647,LD-1718,SC-2388,2025-11-17,46
LC-648,LD-4974,SC-2444,19-12-2026,24
LC-649,LD-2474,SC-2978,2026-07-24,4
LC-650,LD-4861,SC-846,11-10-2025,15
LC-651,LD-1186,SC-1233,2025-05-02,73
LC-652,LD-3869,SC-1630,2025-09-21,15
LC-653,LD-2764,SC-2827,2025-08-19,44
LC-654,LD-4243,SC-2029,01-03-2025,43
LC-655,LD-2324,SC-2697,12-04-2026,28
LC-656,LD-4635,SC-213,04/08/2026,55
LC-657,LD-1677,SC-2405,16-12-2026,24
LC-658,LD-3845,SC-2206,05/06/2025,73
LC-659,LD-3541,SC-2013,16-03-2025,69
LC-660,LD-563,SC-876,01/26/2025,28
LC-661,LD-3080,SC-1773,2025-06-26,75
LC-662,LD-3303,SC-1277,2026-08-03,64
LC-663,LD-3066,SC-1766,22-03-2026,51
LC-664,LD-4012,SC-278,2025-06-15,38
LC-665,LD-1486,SC-1546,2025-01-04,15
LC-666,LD-4529,SC-2467,2026-02-11,54
LC-667,LD-2137,SC-44,01/19/2025,1
LC-668,LD-2737,SC-2922,11/03/2026,79
LC-669,LD-4381,SC-54,01/17/2025,75
LC-670,LD-3057,SC-86,2025-10-09,23
LC-671,LD-4280,SC-67,25-03-2026,60
LC-672,LD-1998,SC-738,09-05-2026,27
LC-673,LD-3891,SC-2711,2026-11-04,14
LC-674,LD-3506,SC-1975,02/15/2025,47
LC-675,LD-1818,SC-476,2025-06-23,83
LC-676,LD-1806,SC-2375,2026-06-01,31
LC-677,LD-488,SC-318,2026-12-06,62
LC-678,LD-1904,SC-1583,2025-10-12,9
LC-679,LD-1381,SC-533,2026-01-08,85
LC-680,LD-4975,SC-2928,2025-12-18,8
LC-681,LD-861,SC-1218,2025-11-09,69
LC-682,LD-4661,SC-1371,2025-06-06,89
LC-683,LD-1478,SC-383,06-10-2025,81
LC-684,LD-3887,SC-1592,18-08-2026,44
LC-685,LD-4948,SC-2465,2026-05-12,52
LC-686,LD-4470,SC-1957,12/02/2025,43
LC-687,LD-3311,SC-324,02/27/2025,78
LC-688,LD-3232,SC-2168,04/01/2026,73
LC-689,LD-3817,SC-33,2025-04-25,55
LC-690,LD-2073,SC-2931,09/15/2025,85
LC-691,LD-218,SC-1085,2025-09-27,26
LC-692,LD-588,SC-1631,2025-08-16,12
LC-693,LD-3113,SC-428,2025-07-04,5
LC-694,LD-2010,SC-1669,2026-08-07,81
LC-695,LD-3887,SC-1889,05/01/2026,63
LC-696,LD-1931,SC-1054,12/06/2026,30
LC-697,LD-1730,SC-822,2025-02-02,9
LC-698,LD-3845,SC-2420,17-08-2026,42
LC-699,LD-4113,SC-1745,2025-05-21,29
LC-700,LD-3531,SC-2298,2025-03-15,53
LC-701,LD-4299,SC-1426,13-01-2026,83
LC-702,LD-4959,SC-2222,2025-11-05,42
LC-703,LD-2269,SC-196,05/21/2025,78
LC-704,LD-437,SC-1876,2025-01-05,76
LC-705,LD-3847,SC-1150,09/12/2025,14
LC-706,LD-2075,SC-2944,19-01-2025,47
LC-707,LD-383,SC-2491,04/21/2026,84
LC-708,LD-4004,SC-294,10/03/2025,8
LC-709,LD-1816,SC-702,2026-10-20,8
LC-710,LD-3544,SC-1257,09-10-2025,39
LC-711,LD-1061,SC-1154,07/22/2026,59
LC-712,LD-4400,SC-1796,2026-07-04,44
LC-713,LD-4096,SC-363,2026-04-11,35
LC-714,LD-4995,SC-277,2026-11-27,41
LC-715,LD-3438,SC-2810,2026-02-27,20
LC-716,LD-4887,SC-2279,05/11/2026,17
LC-717,LD-273,SC-2000,2025-07-24,43
LC-718,LD-3686,SC-2336,06-08-2026,76
LC-719,LD-3751,SC-1498,2026-09-27,50
LC-720,LD-1574,SC-2372,2025-11-21,35
LC-721,LD-4161,SC-853,11/20/2026,16
LC-722,LD-1384,SC-414,12-02-2025,59
LC-723,LD-4171,SC-694,2026-04-17,31
LC-724,LD-229,SC-1633,10/21/2026,86
LC-725,LD-1300,SC-993,2025-04-28,34
LC-726,LD-4754,SC-1791,08-06-2026,31
LC-727,LD-2244,SC-775,2025-07-07,29
LC-728,LD-2277,SC-2512,2025-03-04,39
LC-729,LD-4992,SC-611,01/23/2026,19
LC-730,LD-2593,SC-190,2026-02-07,15
LC-731,LD-1639,SC-1935,2026-10-11,55
LC-732,LD-2230,SC-2669,15-01-2026,75
LC-733,LD-1368,SC-629,2025-10-19,36
LC-734,LD-3743,SC-2415,2025-03-16,46
LC-735,LD-689,SC-35,02/28/2025,33
LC-736,LD-2634,SC-2175,2025-06-26,30
LC-737,LD-2333,SC-2494,2026-12-03,34
LC-738,LD-3965,SC-1277,2025-07-09,78
LC-739,LD-485,SC-29,03/01/2026,83
LC-740,LD-4872,SC-574,12-03-2025,41
LC-741,LD-4843,SC-1359,2025-07-03,68
LC-742,LD-2289,SC-1917,2026-05-25,61
LC-743,LD-1877,SC-437,2026-12-17,10
LC-744,LD-3666,SC-1594,2026-01-11,33
LC-745,LD-976,SC-55,09/15/2026,20
LC-746,LD-2855,SC-2075,27-10-2026,4
LC-747,LD-3175,SC-908,2026-10-25,12
LC-748,LD-4911,SC-2149,2025-07-18,72
LC-749,LD-1349,SC-1647,11/21/2026,64
LC-750,LD-260,SC-35,2025-04-13,38
LC-751,LD-1029,SC-1464,05/06/2026,46
LC-752,LD-482,SC-2681,2026-05-05,18
LC-753,LD-1030,SC-2204,2026-08-16,23
LC-754,LD-970,SC-1158,2025-11-04,11
LC-755,LD-7,SC-1676,04/20/2026,35
LC-756,LD-1700,SC-10,2026-08-13,66
LC-757,LD-596,SC-228,15-11-2025,40
LC-758,LD-2562,SC-2139,11/26/2025,15
LC-759,LD-2184,SC-2172,01/06/2026,33
LC-760,LD-2301,SC-1914,2026-07-07,90
LC-761,LD-3214,SC-659,09/17/2026,72
LC-762,LD-2888,SC-1201,27-09-2025,50
LC-763,LD-1370,SC-2624,12/12/2025,49
LC-764,LD-3667,SC-88,2025-02-02,78
LC-765,LD-3858,SC-1357,22-11-2025,24
LC-766,LD-2474,SC-1838,2025-11-02,6
LC-767,LD-4119,SC-1475,08-05-2025,50
LC-768,LD-1855,SC-2757,21-05-2026,73
LC-769,LD-1765,SC-243,2026-01-08,68
LC-770,LD-3835,SC-14,17-01-2026,54
LC-771,LD-3943,SC-1808,04-09-2026,18
LC-772,LD-4,SC-1909,08/10/2026,40
LC-773,LD-3140,SC-2003,13-06-2025,67
LC-774,LD-3718,SC-2790,10/11/2025,43
LC-775,LD-3495,SC-850,2025-07-20,52
LC-776,LD-3117,SC-1827,2026-09-17,73
LC-777,LD-419,SC-2758,2025-01-25,81
LC-778,LD-3926,SC-1797,18-01-2026,20
LC-779,LD-1478,SC-2152,11-01-2026,16
LC-780,LD-3066,SC-2701,2026-11-14,86
LC-781,LD-339,SC-1400,06-06-2026,49
LC-782,LD-2156,SC-876,2026-04-13,24
LC-783,LD-2689,SC-1445,07/21/2026,43
LC-784,LD-4221,SC-144,01-11-2026,50
LC-785,LD-3425,SC-262,2026-11-25,56
LC-786,LD-2823,SC-628,02/06/2025,11
LC-787,LD-2206,SC-469,22-12-2025,10
LC-788,LD-338,SC-1274,2026-03-01,90
LC-789,LD-3196,SC-2526,2026-11-27,23
LC-790,LD-745,SC-1278,22-04-2026,15
LC-791,LD-4444,SC-659,02/13/2025,46
LC-792,LD-3334,SC-317,20-02-2025,81
LC-793,LD-74,SC-876,2026-09-28,16
LC-794,LD-1994,SC-286,02/24/2026,55
LC-795,LD-1373,SC-2093,2026-10-11,5
LC-796,LD-162,SC-2463,2025-04-06,70
LC-797,LD-141,SC-1693,02/20/2025,36
LC-798,LD-2010,SC-73,14-04-2026,16
LC-799,LD-3816,SC-1532,02/24/2025,28
LC-800,LD-3674,SC-2631,2025-08-20,15
LC-801,LD-3792,SC-1475,07-04-2025,20
LC-802,LD-3370,SC-1695,07/04/2025,72
LC-803,LD-1849,SC-482,2026-01-25,38
LC-804,LD-338,SC-2982,2025-12-06,58
LC-805,LD-4025,SC-674,03/12/2026,26
LC-806,LD-3310,SC-2191,2026-03-21,90
LC-807,LD-3400,SC-588,12/21/2025,71
LC-808,LD-598,SC-2512,09-02-2025,50
LC-809,LD-1738,SC-569,2025-09-09,24
LC-810,LD-864,SC-2354,12/26/2025,78
LC-811,LD-466,SC-599,2026-12-06,38
LC-812,LD-1956,SC-1876,2025-03-18,21
LC-813,LD-3459,SC-2394,03/16/2025,23
LC-814,LD-974,SC-1426,06/18/2025,47
LC-815,LD-2760,SC-2077,05/21/2026,55
LC-816,LD-742,SC-2696,2025-04-05,84
LC-817,LD-772,SC-2048,03/16/2025,87
LC-818,LD-3432,SC-890,11/03/2025,68
LC-819,LD-4531,SC-2467,03/10/2026,55
LC-820,LD-4833,SC-1141,01/05/2026,70
LC-821,LD-3951,SC-2345,2025-05-13,4
LC-822,LD-1114,SC-1988,06/20/2025,20
LC-823,LD-753,SC-1992,2025-03-19,86
LC-824,LD-2987,SC-643,01/03/2025,5
LC-825,LD-4919,SC-2544,2026-05-22,88
LC-826,LD-1835,SC-2257,09-03-2025,22
LC-827,LD-4236,SC-1123,09-11-2025,52
LC-828,LD-963,SC-2871,2025-05-25,52
LC-829,LD-2021,SC-165,2025-12-17,51
LC-830,LD-4444,SC-2696,2025-02-14,84
LC-831,LD-1621,SC-2764,2025-10-15,2
LC-832,LD-3261,SC-833,2026-01-06,21
LC-833,LD-141,SC-2282,02-06-2026,48
LC-834,LD-2817,SC-1022,03/01/2025,10
LC-835,LD-3321,SC-1264,2026-04-03,28
LC-836,LD-4874,SC-1433,19-11-2025,75
LC-837,LD-4095,SC-1675,01/08/2025,39
LC-838,LD-3851,SC-2010,10/22/2026,4
LC-839,LD-2506,SC-2570,2025-02-04,81
LC-840,LD-3387,SC-1791,2026-07-28,6
LC-841,LD-3446,SC-1551,12/05/2025,84
LC-842,LD-671,SC-783,05-06-2025,8
LC-843,LD-3034,SC-1050,2026-03-19,14
LC-844,LD-3042,SC-1808,04/13/2025,77
LC-845,LD-3026,SC-637,05-04-2025,90
LC-846,LD-4923,SC-2673,2026-01-24,57
LC-847,LD-1744,SC-389,2026-07-17,74
LC-848,LD-3683,SC-1474,28-08-2025,77
LC-849,LD-1377,SC-665,2026-09-28,60
LC-850,LD-2433,SC-1294,2025-10-26,80
LC-851,LD-4251,SC-2375,2026-02-06,41
LC-852,LD-3303,SC-2986,2025-08-11,77
LC-853,LD-1451,SC-1385,2025-07-16,83
LC-854,LD-845,SC-1640,09/04/2025,38
LC-855,LD-2450,SC-2986,2026-06-27,65
LC-856,LD-3771,SC-66,2026-12-26,7
LC-857,LD-2882,SC-1127,17-08-2025,68
LC-858,LD-3987,SC-2626,2025-01-01,56
LC-859,LD-3200,SC-2875,11/24/2025,48
LC-860,LD-149,SC-157,08-01-2025,65
LC-861,LD-1667,SC-2536,01/03/2025,72
LC-862,LD-629,SC-1916,2025-09-02,23
LC-863,LD-4575,SC-801,2026-08-10,48
LC-864,LD-3840,SC-937,24-11-2026,47
LC-865,LD-1021,SC-2706,2025-10-21,43
LC-866,LD-3912,SC-1900,2026-08-14,51
LC-867,LD-707,SC-2175,09/18/2025,2
LC-868,LD-4567,SC-1560,2025-02-10,18
LC-869,LD-4586,SC-2435,2026-01-23,81
LC-870,LD-4802,SC-213,2026-07-18,24
LC-871,LD-535,SC-1597,09-08-2026,28
LC-872,LD-3953,SC-1788,10-09-2026,87
LC-873,LD-2646,SC-652,06-09-2026,31
LC-874,LD-2069,SC-2342,2026-02-03,8
LC-875,LD-4115,SC-2887,12/19/2025,43
LC-876,LD-2534,SC-1548,2025-02-04,9
LC-877,LD-2200,SC-2647,09/13/2025,31
LC-878,LD-1186,SC-622,25-08-2025,83
LC-879,LD-3682,SC-2200,2025-04-24,90
LC-880,LD-4987,SC-1333,2026-04-08,60
LC-881,LD-4484,SC-903,14-11-2025,6
LC-882,LD-548,SC-2750,2026-06-28,57
LC-883,LD-3794,SC-2696,18-05-2025,70
LC-884,LD-2994,SC-640,2025-10-10,66
LC-885,LD-856,SC-2531,02/06/2026,49
LC-886,LD-3075,SC-1203,2025-04-20,63
LC-887,LD-3272,SC-1258,2026-01-20,40
LC-888,LD-38,SC-2389,06/15/2025,52
LC-889,LD-2900,SC-1114,2025-07-08,7
LC-890,LD-2577,SC-2419,09/27/2025,74
LC-891,LD-4672,SC-137,12-03-2025,8
LC-892,LD-3818,SC-2121,25-08-2026,60
LC-893,LD-1950,SC-2540,2025-04-17,87
LC-894,LD-107,SC-1111,2025-05-13,57
LC-895,LD-2815,SC-1734,21-08-2026,7
LC-896,LD-1135,SC-2486,2026-08-16,45
LC-897,LD-1531,SC-373,2025-11-03,29
LC-898,LD-969,SC-772,2026-09-21,43
LC-899,LD-4416,SC-450,2026-07-13,85
LC-900,LD-1692,SC-2835,11-02-2026,46
LC-901,LD-3829,SC-2551,2026-05-07,76
LC-902,LD-3548,SC-2405,16-04-2025,39
LC-903,LD-409,SC-2080,10/08/2025,45
LC-904,LD-3670,SC-1473,2026-07-01,13
LC-905,LD-520,SC-2823,2025-02-20,78
LC-906,LD-749,SC-684,2026-05-22,56
LC-907,LD-4860,SC-255,02/23/2026,81
LC-908,LD-735,SC-1641,2026-06-01,23
LC-909,LD-4224,SC-1997,2026-07-07,84
LC-910,LD-2827,SC-1560,09/16/2025,36
LC-911,LD-1302,SC-2075,01-01-2025,86
LC-912,LD-766,SC-1819,2026-11-09,60
LC-913,LD-2996,SC-1777,2025-01-24,14
LC-914,LD-4321,SC-1227,23-09-2026,4
LC-915,LD-4341,SC-2888,2025-08-12,83
LC-916,LD-547,SC-868,2025-11-13,7
LC-917,LD-4299,SC-1679,2025-05-13,30
LC-918,LD-4111,SC-1077,2026-06-20,17
LC-919,LD-3502,SC-2799,2026-03-27,39
LC-920,LD-3721,SC-963,2025-12-03,82
LC-921,LD-641,SC-743,09-01-2025,36
LC-922,LD-491,SC-1828,14-02-2026,27
LC-923,LD-1326,SC-113,17-03-2026,43
LC-924,LD-2107,SC-2749,05/28/2026,65
LC-925,LD-4994,SC-499,2025-02-24,72
LC-926,LD-18,SC-1841,2026-04-02,43
LC-927,LD-2749,SC-2871,2025-04-07,81
LC-928,LD-948,SC-542,10-03-2026,44
LC-929,LD-3939,SC-1248,22-09-2025,52
LC-930,LD-1626,SC-492,2026-02-28,23
LC-931,LD-1923,SC-2182,24-04-2025,57
LC-932,LD-2314,SC-813,2025-08-15,15
LC-933,LD-4079,SC-731,2026-08-11,44
LC-934,LD-4850,SC-1639,10/17/2025,2
LC-935,LD-435,SC-881,2026-02-22,74
LC-936,LD-2634,SC-2196,2025-01-02,77
LC-937,LD-2831,SC-1898,01/05/2025,75
LC-938,LD-210,SC-1703,2025-08-05,52
LC-939,LD-3952,SC-528,12/26/2025,25
LC-940,LD-2571,SC-2372,25-03-2026,88
LC-941,LD-1485,SC-1955,2026-01-17,21
LC-942,LD-1414,SC-1663,13-05-2026,67
LC-943,LD-4818,SC-2318,2025-12-05,55
LC-944,LD-1056,SC-1483,2026-09-12,47
LC-945,LD-2397,SC-295,2025-12-23,75
LC-946,LD-4107,SC-23,03/04/2026,21
LC-947,LD-4836,SC-981,2026-09-17,16
LC-948,LD-4049,SC-2324,2026-01-06,32
LC-949,LD-3338,SC-219,28-09-2026,83
LC-950,LD-4285,SC-2576,01-07-2026,30
LC-951,LD-3610,SC-187,10/08/2026,80
LC-952,LD-3946,SC-2871,2025-12-15,49
LC-953,LD-2864,SC-1960,2026-11-11,90
LC-954,LD-968,SC-2192,2025-12-14,85
LC-955,LD-4804,SC-2707,2025-02-23,25
LC-956,LD-4098,SC-1705,02-06-2025,28
LC-957,LD-3521,SC-2098,04/19/2026,29
LC-958,LD-1549,SC-636,2025-11-02,49
LC-959,LD-3416,SC-507,06/16/2025,35
LC-960,LD-500,SC-1214,10/06/2026,50
LC-961,LD-1056,SC-817,07/04/2025,90
LC-962,LD-77,SC-1396,21-01-2025,57
LC-963,LD-4137,SC-2365,2025-04-28,26
LC-964,LD-1925,SC-1690,2026-12-24,2
LC-965,LD-307,SC-471,2025-06-24,51
LC-966,LD-854,SC-482,2025-10-24,88
LC-967,LD-4879,SC-1292,2025-10-06,64
LC-968,LD-2425,SC-2043,26-11-2025,27
LC-969,LD-4480,SC-2079,2026-03-14,79
LC-970,LD-3349,SC-1239,14-08-2026,79
LC-971,LD-1896,SC-720,2025-02-04,40
LC-972,LD-525,SC-232,2025-06-17,3
LC-973,LD-4628,SC-846,2026-05-04,10
LC-974,LD-3935,SC-1677,10/24/2026,27
LC-975,LD-2442,SC-264,08/07/2025,54
LC-976,LD-1077,SC-2619,2025-03-13,87
LC-977,LD-3610,SC-2702,2026-01-09,24
LC-978,LD-2486,SC-279,2026-09-13,16
LC-979,LD-1725,SC-1942,15-03-2025,58
LC-980,LD-1460,SC-1757,07/18/2026,74
LC-981,LD-4907,SC-347,11/13/2025,84
LC-982,LD-4545,SC-1535,2026-06-06,57
LC-983,LD-172,SC-2156,17-06-2025,77
LC-984,LD-1881,SC-2348,01/10/2025,9
LC-985,LD-864,SC-2071,07/12/2026,16
LC-986,LD-4752,SC-1011,02/15/2026,33
LC-987,LD-4870,SC-996,2025-02-15,68
LC-988,LD-2946,SC-2213,2025-08-25,65
LC-989,LD-1507,SC-2207,01/28/2025,17
LC-990,LD-990,SC-1072,19-04-2025,69
LC-991,LD-4157,SC-1526,04/21/2025,59
LC-992,LD-4803,SC-69,2026-04-04,8
LC-993,LD-4277,SC-2677,03/13/2025,76
LC-994,LD-4336,SC-68,2026-06-11,67
LC-995,LD-4430,SC-832,01/06/2026,62
LC-996,LD-3872,SC-654,2025-09-23,22
LC-997,LD-315,SC-2492,2025-07-20,22
LC-998,LD-2716,SC-1321,07/18/2025,79
LC-999,LD-4201,SC-1413,2025-03-20,69
LC-1000,LD-3739,SC-1612,07/17/2025,31
LC-1001,LD-2757,SC-2048,2026-11-07,47
LC-1002,LD-1957,SC-1351,03/19/2026,79
LC-1003,LD-1583,SC-2555,2025-11-26,28
LC-1004,LD-3901,SC-2261,2026-02-09,78
LC-1005,LD-3576,SC-2275,2025-09-06,83
LC-1006,LD-170,SC-2984,03/07/2026,9
LC-1007,LD-2976,SC-2798,2026-02-01,36
LC-1008,LD-3893,SC-1742,2026-03-22,22
LC-1009,LD-3142,SC-2707,2025-05-02,45
LC-1010,LD-4264,SC-1129,2026-09-26,64
LC-1011,LD-710,SC-1639,2025-01-24,50
LC-1012,LD-906,SC-1993,2025-11-22,26
LC-1013,LD-2426,SC-418,16-12-2026,22
LC-1014,LD-3958,SC-866,2026-02-11,2
LC-1015,LD-679,SC-1380,2025-12-22,51
LC-1016,LD-191,SC-2918,2026-12-26,52
LC-1017,LD-1777,SC-2928,2025-05-06,90
LC-1018,LD-4079,SC-1401,2025-07-05,49
LC-1019,LD-2148,SC-2991,12-08-2025,3
LC-1020,LD-352,SC-621,2025-01-21,14
LC-1021,LD-448,SC-2645,2026-02-17,51
LC-1022,LD-4163,SC-2471,2026-10-05,77
LC-1023,LD-2415,SC-2261,07/26/2026,47
LC-1024,LD-2477,SC-2441,10/09/2026,74
LC-1025,LD-4164,SC-545,02/28/2025,81
LC-1026,LD-3149,SC-1072,2025-04-12,30
LC-1027,LD-543,SC-1819,09/13/2026,90
LC-1028,LD-658,SC-29,03-08-2026,83
LC-1029,LD-1003,SC-2011,23-10-2025,41
LC-1030,LD-1281,SC-14,2025-02-17,35
LC-1031,LD-4402,SC-2739,08/27/2025,62
LC-1032,LD-4050,SC-788,2026-08-02,17
LC-1033,LD-2221,SC-1620,2025-12-20,38
LC-1034,LD-138,SC-2855,27-10-2026,83
LC-1035,LD-1373,SC-419,12/08/2025,39
LC-1036,LD-3417,SC-1289,25-05-2025,18
LC-1037,LD-4636,SC-2662,2025-05-25,81
LC-1038,LD-3553,SC-2887,2025-04-05,80
LC-1039,LD-4945,SC-2815,2026-03-06,53
LC-1040,LD-2297,SC-2285,05-07-2026,36
LC-1041,LD-95,SC-1221,02/23/2025,22
LC-1042,LD-558,SC-1642,02/09/2025,5
LC-1043,LD-3335,SC-227,2025-02-12,27
LC-1044,LD-3788,SC-236,08-05-2026,35
LC-1045,LD-834,SC-1268,2025-08-09,35
LC-1046,LD-2104,SC-897,2025-11-13,29
LC-1047,LD-2042,SC-1758,2026-10-09,51
LC-1048,LD-3882,SC-2392,2025-09-21,32
LC-1049,LD-667,SC-2891,06/27/2025,30
LC-1050,LD-66,SC-101,08/04/2025,82
LC-1051,LD-4276,SC-1269,06/10/2026,74
LC-1052,LD-4959,SC-1942,04/10/2026,23
LC-1053,LD-1642,SC-405,02-02-2025,25
LC-1054,LD-2319,SC-1093,02/06/2025,69
LC-1055,LD-514,SC-1677,2026-10-07,61
LC-1056,LD-1235,SC-1053,2026-06-08,28
LC-1057,LD-4748,SC-1614,13-03-2025,30
LC-1058,LD-1126,SC-2202,05-01-2025,31
LC-1059,LD-4030,SC-1218,2025-06-11,36
LC-1060,LD-1789,SC-17,08/04/2025,13
LC-1061,LD-1600,SC-271,14-06-2026,34
LC-1062,LD-827,SC-2800,06/03/2026,5
LC-1063,LD-1233,SC-156,2026-05-11,10
LC-1064,LD-4304,SC-385,2025-09-01,75
LC-1065,LD-2388,SC-1566,13-08-2026,14
LC-1066,LD-932,SC-937,2026-04-11,16
LC-1067,LD-3008,SC-2140,12-05-2025,2
LC-1068,LD-1703,SC-1553,2025-01-24,82
LC-1069,LD-4687,SC-2915,11/20/2026,55
LC-1070,LD-3263,SC-1352,20-03-2025,21
LC-1071,LD-3972,SC-2611,10-03-2025,59
LC-1072,LD-891,SC-1371,08/11/2025,79
LC-1073,LD-4320,SC-2250,08/06/2025,6
LC-1074,LD-4603,SC-2577,10/24/2026,62
LC-1075,LD-1774,SC-1139,2025-12-13,5
LC-1076,LD-4289,SC-2664,2025-02-07,62
LC-1077,LD-1638,SC-2579,01/20/2025,50
LC-1078,LD-327,SC-2640,2026-05-03,19
LC-1079,LD-2047,SC-2873,2025-09-14,75
LC-1080,LD-3502,SC-505,21-11-2025,19
LC-1081,LD-419,SC-1807,2025-02-23,28
LC-1082,LD-2205,SC-1344,2026-08-02,5
LC-1083,LD-1953,SC-412,12/24/2025,80
LC-1084,LD-4642,SC-988,2025-08-21,39
LC-1085,LD-4605,SC-724,18-12-2025,27
LC-1086,LD-3053,SC-1927,12/14/2026,88
LC-1087,LD-865,SC-1791,2026-12-28,22
LC-1088,LD-2786,SC-82,2025-05-01,76
LC-1089,LD-541,SC-914,18-03-2026,78
LC-1090,LD-745,SC-87,2026-02-13,8
LC-1091,LD-4763,SC-2940,07/09/2026,29
LC-1092,LD-4364,SC-966,14-01-2025,64
LC-1093,LD-2894,SC-399,01/18/2025,84
LC-1094,LD-3154,SC-1005,21-08-2025,18
LC-1095,LD-1064,SC-294,2026-11-27,81
LC-1096,LD-3707,SC-2309,2026-06-08,31
LC-1097,LD-721,SC-253,2026-02-24,24
LC-1098,LD-1240,SC-1315,25-09-2025,7
LC-1099,LD-2827,SC-2825,26-07-2025,43
LC-1100,LD-4895,SC-2161,05-07-2025,76
LC-1101,LD-4176,SC-979,2026-07-11,44
LC-1102,LD-4695,SC-2360,2025-02-08,11
LC-1103,LD-1139,SC-1198,02/10/2026,47
LC-1104,LD-4809,SC-1877,2026-07-28,62
LC-1105,LD-3000,SC-1031,2026-04-25,49
LC-1106,LD-4891,SC-2490,2026-08-19,89
LC-1107,LD-4062,SC-2388,2025-01-22,6
LC-1108,LD-1461,SC-2434,2026-09-08,46
LC-1109,LD-3253,SC-146,09/15/2025,74
LC-1110,LD-4157,SC-1699,07/14/2025,32
LC-1111,LD-1091,SC-1184,2025-08-15,84
LC-1112,LD-1337,SC-458,07/17/2026,18
LC-1113,LD-4233,SC-2902,20-11-2026,79
LC-1114,LD-3264,SC-1272,07/25/2026,58
LC-1115,LD-358,SC-1047,06-04-2026,13
LC-1116,LD-2237,SC-653,2026-07-15,13
LC-1117,LD-2067,SC-2246,2026-03-11,54
LC-1118,LD-2581,SC-1589,2026-03-22,68
LC-1119,LD-4810,SC-2976,2026-11-08,56
LC-1120,LD-2447,SC-2444,08/11/2026,38
LC-1121,LD-4064,SC-359,2025-02-03,56
LC-1122,LD-2622,SC-1699,09-06-2025,23
LC-1123,LD-144,SC-2109,2026-11-26,13
LC-1124,LD-1263,SC-1486,10/05/2025,86
LC-1125,LD-2547,SC-2282,2026-05-15,24
LC-1126,LD-4991,SC-2656,10/06/2026,72
LC-1127,LD-106,SC-587,2026-12-17,1
LC-1128,LD-128,SC-1462,2026-06-22,48
LC-1129,LD-2675,SC-700,2025-11-19,87
LC-1130,LD-2064,SC-2941,2025-04-28,10
LC-1131,LD-881,SC-1983,03/28/2025,72
LC-1132,LD-4124,SC-617,2025-09-14,40
LC-1133,LD-3935,SC-2429,08/25/2025,9
LC-1134,LD-4883,SC-187,08-09-2025,12
LC-1135,LD-3108,SC-608,20-04-2025,79
LC-1136,LD-2647,SC-2223,02/28/2025,9
LC-1137,LD-2280,SC-39,2026-01-21,20
LC-1138,LD-873,SC-2099,2026-04-03,81
LC-1139,LD-2787,SC-694,2026-12-05,61
LC-1140,LD-657,SC-1782,14-09-2026,53
LC-1141,LD-2736,SC-2552,11/28/2026,43
LC-1142,LD-4926,SC-2902,08/12/2025,7
LC-1143,LD-457,SC-826,2026-05-02,50
LC-1144,LD-297,SC-2778,05/17/2025,10
LC-1145,LD-1949,SC-234,08-08-2025,73
LC-1146,LD-1410,SC-2900,2025-04-16,28
LC-1147,LD-3416,SC-29,2026-12-15,5
LC-1148,LD-4156,SC-623,06-01-2025,57
LC-1149,LD-1978,SC-2548,2026-06-23,6
LC-1150,LD-2246,SC-807,2025-10-26,6
LC-1151,LD-1064,SC-2248,01/22/2026,87
LC-1152,LD-741,SC-1064,03-05-2025,45
LC-1153,LD-818,SC-1228,06-12-2026,68
LC-1154,LD-215,SC-619,20-01-2025,12
LC-1155,LD-2334,SC-1911,2026-05-04,26
LC-1156,LD-3648,SC-2448,18-11-2026,52
LC-1157,LD-883,SC-1349,2025-01-07,7
LC-1158,LD-999,SC-801,2025-10-23,71
LC-1159,LD-4835,SC-2163,2025-04-12,13
LC-1160,LD-1590,SC-2948,09-07-2026,21
LC-1161,LD-2350,SC-909,25-08-2025,76
LC-1162,LD-3506,SC-1704,2025-05-09,68
LC-1163,LD-327,SC-1567,03/12/2026,9
LC-1164,LD-339,SC-2830,2025-07-25,82
LC-1165,LD-4628,SC-485,2026-07-11,43
LC-1166,LD-4425,SC-843,2025-10-21,59
LC-1167,LD-666,SC-1086,2025-06-22,68
LC-1168,LD-3518,SC-1164,01/24/2026,4
LC-1169,LD-4356,SC-1106,05-08-2025,3
LC-1170,LD-1822,SC-1602,02-05-2025,59
LC-1171,LD-175,SC-333,2026-09-14,75
LC-1172,LD-5,SC-1386,2026-12-04,82
LC-1173,LD-2273,SC-609,2025-08-06,41
LC-1174,LD-1181,SC-1448,2025-02-09,19
LC-1175,LD-906,SC-409,2025-04-05,73
LC-1176,LD-2309,SC-656,2025-03-07,54
LC-1177,LD-2688,SC-2984,12-09-2026,41
LC-1178,LD-3527,SC-2032,2026-01-25,58
LC-1179,LD-1135,SC-1420,23-07-2025,32
LC-1180,LD-4813,SC-634,11-10-2025,65
LC-1181,LD-4315,SC-2275,2026-03-14,33
LC-1182,LD-665,SC-417,18-09-2026,53
LC-1183,LD-2651,SC-1925,08-06-2026,31
LC-1184,LD-1079,SC-2211,2025-06-22,45
LC-1185,LD-4498,SC-1394,2025-04-12,76
LC-1186,LD-329,SC-776,2025-11-24,7
LC-1187,LD-2335,SC-2321,11/16/2025,57
LC-1188,LD-2357,SC-2272,03-08-2025,1
LC-1189,LD-3728,SC-1041,08/15/2026,9
LC-1190,LD-2864,SC-1026,2025-08-12,4
LC-1191,LD-2373,SC-2576,2026-04-04,31
LC-1192,LD-3676,SC-2572,01/20/2026,17
LC-1193,LD-1286,SC-2214,04/01/2025,67
LC-1194,LD-3631,SC-1875,07-09-2026,72
LC-1195,LD-2969,SC-1908,2025-04-25,83
LC-1196,LD-2343,SC-391,2026-05-24,46
LC-1197,LD-579,SC-844,11/01/2026,21
LC-1198,LD-725,SC-1712,2026-07-26,67
LC-1199,LD-3876,SC-2336,2026-06-03,52
LC-1200,LD-1534,SC-2530,2025-10-23,83
